release_section,arm,executor,tier,repetition,round,slot,prompt_sha256,batch_f1,compared_prompt_hashes,batch
campaign,main,qwen3.8:27b/off,1,5,0,1,c153b34f24eb977788ec88f1cce68ab18c8d0cff2bfa99cdbf007706b7d1d99e,0.7974683544303798,"[""0080638c0f58d5b18e6db10f0327e0c85125dd7c1ea1ae311fd5ad96c05b3078"", ""a097becc9017625a9354b7db99d77d04caabf67809ba44beec29490abf5a226b"", ""c153b34f24eb977788ec88f1cce68ab18c8d0cff2bfa99cdbf007706b7d1d99e""]","[""optimization_0201"", ""optimization_0036"", ""optimization_0133"", ""optimization_0154"", ""optimization_0215"", ""optimization_0080"", ""optimization_0051"", ""optimization_0180"", ""optimization_0103"", ""optimization_0040"", ""optimization_0053"", ""optimization_0044"", ""optimization_0147"", ""optimization_0234"", ""optimization_0217"", ""optimization_0226"", ""optimization_0161"", ""optimization_0182"", ""optimization_0231"", ""optimization_0156"", ""optimization_0229"", ""optimization_0136"", ""optimization_0191"", ""optimization_0008""]"
campaign,main,qwen3.8:27b/off,1,5,1,1,33f25bb8f6cb903cfe20b8fec1e65cb23473cf33c5f34c480ab469f12387b723,0.8092485549132948,"[""c153b34f24eb977788ec88f1cce68ab18c8d0cff2bfa99cdbf007706b7d1d99e"", ""ba5be7e679fbe640be72e11b11ef7deb1053c2d5088f30425fe044b6ee0b8506"", ""33f25bb8f6cb903cfe20b8fec1e65cb23473cf33c5f34c480ab469f12387b723""]","[""optimization_0219"", ""optimization_0030"", ""optimization_0031"", ""optimization_0064"", ""optimization_0149"", ""optimization_0092"", ""optimization_0159"", ""optimization_0084"", ""optimization_0181"", ""optimization_0160"", ""optimization_0185"", ""optimization_0236"", ""optimization_0153"", ""optimization_0078"", ""optimization_0169"", ""optimization_0190"", ""optimization_0173"", ""optimization_0026"", ""optimization_0171"", ""optimization_0210"", ""optimization_0007"", ""optimization_0046"", ""optimization_0023"", ""optimization_0224""]"
campaign,main,qwen3.8:27b/off,1,5,2,-1,33f25bb8f6cb903cfe20b8fec1e65cb23473cf33c5f34c480ab469f12387b723,0.7483870967741936,"[""33f25bb8f6cb903cfe20b8fec1e65cb23473cf33c5f34c480ab469f12387b723"", ""4f97812157430ad9a925cad81ffeca1ca57bc3e5c58158da7a3f2f4cbe7771ca"", ""8749f9f876acd0a95fb606106aaf1bd1c13f63312c1a1acb9a21a75a805ae5c0""]","[""optimization_0165"", ""optimization_0186"", ""optimization_0235"", ""optimization_0118"", ""optimization_0059"", ""optimization_0074"", ""optimization_0093"", ""optimization_0228"", ""optimization_0013"", ""optimization_0094"", ""optimization_0113"", ""optimization_0020"", ""optimization_0015"", ""optimization_0054"", ""optimization_0211"", ""optimization_0100"", ""optimization_0017"", ""optimization_0200"", ""optimization_0033"", ""optimization_0024"", ""optimization_0157"", ""optimization_0010"", ""optimization_0029"", ""optimization_0158""]"
campaign,main,qwen3.8:27b/off,1,5,3,-1,33f25bb8f6cb903cfe20b8fec1e65cb23473cf33c5f34c480ab469f12387b723,0.7971014492753623,"[""33f25bb8f6cb903cfe20b8fec1e65cb23473cf33c5f34c480ab469f12387b723"", ""a6e736fec1f01d37748310ad18675a12774de69114944e4a71909477b519edfd"", ""61eab25265f4af7c4490730efe9fda4c92019b03aca280becb81531debc57f4c""]","[""optimization_0081"", ""optimization_0216"", ""optimization_0163"", ""optimization_0106"", ""optimization_0221"", ""optimization_0146"", ""optimization_0039"", ""optimization_0102"", ""optimization_0115"", ""optimization_0028"", ""optimization_0083"", ""optimization_0188"", ""optimization_0129"", ""optimization_0162"", ""optimization_0079"", ""optimization_0166"", ""optimization_0095"", ""optimization_0152"", ""optimization_0045"", ""optimization_0108"", ""optimization_0025"", ""optimization_0034"", ""optimization_0227"", ""optimization_0038""]"
campaign,main,qwen3.8:27b/off,1,5,4,0,389b975ec5de5020c4109d1ceadfd318ae144c989525581b75e20e4bb8995084,0.8,"[""33f25bb8f6cb903cfe20b8fec1e65cb23473cf33c5f34c480ab469f12387b723"", ""389b975ec5de5020c4109d1ceadfd318ae144c989525581b75e20e4bb8995084"", ""e806f7d1e1062e9aea46f0aeb39b849ed5cadd4ed445b6e7dd6cb0fb359d5c25""]","[""optimization_0183"", ""optimization_0120"", ""optimization_0205"", ""optimization_0214"", ""optimization_0107"", ""optimization_0056"", ""optimization_0009"", ""optimization_0042"", ""optimization_0097"", ""optimization_0178"", ""optimization_0119"", ""optimization_0068"", ""optimization_0135"", ""optimization_0174"", ""optimization_0139"", ""optimization_0088"", ""optimization_0209"", ""optimization_0206"", ""optimization_0105"", ""optimization_0072"", ""optimization_0043"", ""optimization_0232"", ""optimization_0041"", ""optimization_0134""]"
campaign,main,qwen3.8:27b/off,1,5,5,0,798530af4247bf87170e9e67b1e7dcdb3923e4694df6c77d701687c93a9c19c0,0.7674418604651163,"[""389b975ec5de5020c4109d1ceadfd318ae144c989525581b75e20e4bb8995084"", ""798530af4247bf87170e9e67b1e7dcdb3923e4694df6c77d701687c93a9c19c0"", ""af2204b2fdd31de997b9484fd28aa4364d9cb54cb9bc831a7a42139f606e680a""]","[""optimization_0099"", ""optimization_0144"", ""optimization_0175"", ""optimization_0052"", ""optimization_0035"", ""optimization_0032"", ""optimization_0123"", ""optimization_0138"", ""optimization_0055"", ""optimization_0130"", ""optimization_0071"", ""optimization_0128"", ""optimization_0021"", ""optimization_0222"", ""optimization_0061"", ""optimization_0058"", ""optimization_0065"", ""optimization_0170"", ""optimization_0003"", ""optimization_0192"", ""optimization_0187"", ""optimization_0070"", ""optimization_0089"", ""optimization_0110""]"
campaign,main,qwen3.8:27b/off,1,5,6,1,bdbd2ff5d1258d6e0fa6eb4acf6678a9dd182b93a890ac5b6ef21e16a2418204,0.6122448979591837,"[""798530af4247bf87170e9e67b1e7dcdb3923e4694df6c77d701687c93a9c19c0"", ""178d49a51bbe582fa5e0f3deac936c74d7101d907ae3bb28a3dcbee304ead4ee"", ""bdbd2ff5d1258d6e0fa6eb4acf6678a9dd182b93a890ac5b6ef21e16a2418204""]","[""optimization_0057"", ""optimization_0198"", ""optimization_0199"", ""optimization_0208"", ""optimization_0155"", ""optimization_0086"", ""optimization_0207"", ""optimization_0048"", ""optimization_0037"", ""optimization_0142"", ""optimization_0131"", ""optimization_0218"", ""optimization_0075"", ""optimization_0114"", ""optimization_0151"", ""optimization_0022"", ""optimization_0101"", ""optimization_0116"", ""optimization_0195"", ""optimization_0096"", ""optimization_0109"", ""optimization_0112"", ""optimization_0005"", ""optimization_0194""]"
campaign,main,qwen3.8:27b/off,1,5,7,-1,bdbd2ff5d1258d6e0fa6eb4acf6678a9dd182b93a890ac5b6ef21e16a2418204,0.6704545454545454,"[""bdbd2ff5d1258d6e0fa6eb4acf6678a9dd182b93a890ac5b6ef21e16a2418204"", ""a29c1035a05ddb9e38a8a3120afb6f6914c4f53df72ea1dc3dce8241da35fdb7"", ""9367b6945f7f7eb5a58d46b387de0b52a8fc6e01a5e98e1ef42873026f7f817e""]","[""optimization_0063"", ""optimization_0204"", ""optimization_0193"", ""optimization_0148"", ""optimization_0239"", ""optimization_0098"", ""optimization_0177"", ""optimization_0132"", ""optimization_0001"", ""optimization_0196"", ""optimization_0233"", ""optimization_0122"", ""optimization_0189"", ""optimization_0000"", ""optimization_0019"", ""optimization_0076"", ""optimization_0125"", ""optimization_0230"", ""optimization_0213"", ""optimization_0006"", ""optimization_0049"", ""optimization_0004"", ""optimization_0137"", ""optimization_0014""]"
campaign,main,granite4.2:30b/off,1,3,0,0,1d56ad43ba727b32470a12b89f43089a62cf2151c9663a0d8eb2f3c24770f25f,0.31007751937984496,"[""0080638c0f58d5b18e6db10f0327e0c85125dd7c1ea1ae311fd5ad96c05b3078"", ""1d56ad43ba727b32470a12b89f43089a62cf2151c9663a0d8eb2f3c24770f25f"", ""2895253d2089363d84009afc0568d8cf150917e44b02a6d0391ffc32dc702579""]","[""optimization_0069"", ""optimization_0054"", ""optimization_0067"", ""optimization_0124"", ""optimization_0107"", ""optimization_0062"", ""optimization_0135"", ""optimization_0204"", ""optimization_0223"", ""optimization_0112"", ""optimization_0215"", ""optimization_0086"", ""optimization_0231"", ""optimization_0036"", ""optimization_0175"", ""optimization_0064"", ""optimization_0131"", ""optimization_0146"", ""optimization_0057"", ""optimization_0102"", ""optimization_0025"", ""optimization_0040"", ""optimization_0179"", ""optimization_0134""]"
campaign,main,granite4.2:30b/off,1,3,1,0,7c616830cc2752949060e2d33262ab7a7f644aa1cfb6441991c29dfeef86a97d,0.2809917355371901,"[""1d56ad43ba727b32470a12b89f43089a62cf2151c9663a0d8eb2f3c24770f25f"", ""7c616830cc2752949060e2d33262ab7a7f644aa1cfb6441991c29dfeef86a97d"", ""0449652ae214d170f0b8607e8787b616d3a41398b02fe05ad825c265e1d69a42""]","[""optimization_0165"", ""optimization_0090"", ""optimization_0073"", ""optimization_0004"", ""optimization_0053"", ""optimization_0128"", ""optimization_0021"", ""optimization_0048"", ""optimization_0127"", ""optimization_0010"", ""optimization_0095"", ""optimization_0122"", ""optimization_0093"", ""optimization_0186"", ""optimization_0085"", ""optimization_0238"", ""optimization_0023"", ""optimization_0050"", ""optimization_0141"", ""optimization_0108"", ""optimization_0139"", ""optimization_0100"", ""optimization_0221"", ""optimization_0194""]"
campaign,main,granite4.2:30b/off,1,3,2,1,72822f8df745d652d92e98efa1387eea6cdb28da74d7283ef248d0f2c9930f55,0.2413793103448276,"[""7c616830cc2752949060e2d33262ab7a7f644aa1cfb6441991c29dfeef86a97d"", ""5b4c4a12171610e9ec3f98adc51dc2ff72d16cb10dd9c8ca18c8d65b93a32e1b"", ""72822f8df745d652d92e98efa1387eea6cdb28da74d7283ef248d0f2c9930f55""]","[""optimization_0237"", ""optimization_0012"", ""optimization_0043"", ""optimization_0178"", ""optimization_0077"", ""optimization_0140"", ""optimization_0129"", ""optimization_0180"", ""optimization_0133"", ""optimization_0022"", ""optimization_0203"", ""optimization_0098"", ""optimization_0027"", ""optimization_0006"", ""optimization_0001"", ""optimization_0160"", ""optimization_0005"", ""optimization_0080"", ""optimization_0189"", ""optimization_0132"", ""optimization_0097"", ""optimization_0220"", ""optimization_0065"", ""optimization_0152""]"
campaign,main,granite4.2:30b/off,1,3,3,-1,72822f8df745d652d92e98efa1387eea6cdb28da74d7283ef248d0f2c9930f55,0.35135135135135137,"[""72822f8df745d652d92e98efa1387eea6cdb28da74d7283ef248d0f2c9930f55"", ""72822f8df745d652d92e98efa1387eea6cdb28da74d7283ef248d0f2c9930f55"", ""526e52908e12374d385d015fed1d2b326b979d0881855339b15b55ce5857b2a8""]","[""optimization_0207"", ""optimization_0222"", ""optimization_0013"", ""optimization_0028"", ""optimization_0089"", ""optimization_0218"", ""optimization_0063"", ""optimization_0066"", ""optimization_0103"", ""optimization_0166"", ""optimization_0233"", ""optimization_0074"", ""optimization_0009"", ""optimization_0072"", ""optimization_0193"", ""optimization_0052"", ""optimization_0059"", ""optimization_0164"", ""optimization_0219"", ""optimization_0000"", ""optimization_0235"", ""optimization_0136"", ""optimization_0173"", ""optimization_0182""]"
campaign,main,granite4.2:30b/off,1,3,4,-1,72822f8df745d652d92e98efa1387eea6cdb28da74d7283ef248d0f2c9930f55,0.33532934131736525,"[""72822f8df745d652d92e98efa1387eea6cdb28da74d7283ef248d0f2c9930f55"", ""713c167b40ee0ce95d21c540dbb08dcbdb14e03e8a7431dd2174007da5afa96e"", ""5fd820df64f5a78ffbd32a18fe4b1fcc7136e102b47ec6855baf88795d4f163f""]","[""optimization_0147"", ""optimization_0156"", ""optimization_0163"", ""optimization_0202"", ""optimization_0149"", ""optimization_0056"", ""optimization_0075"", ""optimization_0030"", ""optimization_0205"", ""optimization_0232"", ""optimization_0155"", ""optimization_0104"", ""optimization_0111"", ""optimization_0114"", ""optimization_0055"", ""optimization_0094"", ""optimization_0029"", ""optimization_0230"", ""optimization_0039"", ""optimization_0162"", ""optimization_0211"", ""optimization_0142"", ""optimization_0185"", ""optimization_0200""]"
campaign,main,granite4.2:30b/off,1,3,5,1,90f671cedb4f7c14cdd03802c7f0ab63e4df4e4ecbf23f028edeeb2ce2825fa3,0.3708609271523179,"[""72822f8df745d652d92e98efa1387eea6cdb28da74d7283ef248d0f2c9930f55"", ""2b14bf2a30d0b2094ad63aefad2e428fb3af79a84021c1caebbe7fe034d33096"", ""90f671cedb4f7c14cdd03802c7f0ab63e4df4e4ecbf23f028edeeb2ce2825fa3""]","[""optimization_0003"", ""optimization_0138"", ""optimization_0181"", ""optimization_0088"", ""optimization_0011"", ""optimization_0026"", ""optimization_0033"", ""optimization_0060"", ""optimization_0157"", ""optimization_0016"", ""optimization_0125"", ""optimization_0212"", ""optimization_0015"", ""optimization_0210"", ""optimization_0121"", ""optimization_0148"", ""optimization_0239"", ""optimization_0014"", ""optimization_0159"", ""optimization_0126"", ""optimization_0217"", ""optimization_0058"", ""optimization_0191"", ""optimization_0158""]"
campaign,main,granite4.2:30b/off,1,3,6,1,cb64958dd546d5ac137e0e5b1e96aa9bfc13275020c56f059d34d2f53697f68c,0.2992125984251969,"[""90f671cedb4f7c14cdd03802c7f0ab63e4df4e4ecbf23f028edeeb2ce2825fa3"", ""6861f5207d5453c4ae2146321975b4d748ffe70dd62e9e779d279371b5d42439"", ""cb64958dd546d5ac137e0e5b1e96aa9bfc13275020c56f059d34d2f53697f68c""]","[""optimization_0225"", ""optimization_0078"", ""optimization_0031"", ""optimization_0082"", ""optimization_0035"", ""optimization_0002"", ""optimization_0105"", ""optimization_0120"", ""optimization_0229"", ""optimization_0070"", ""optimization_0197"", ""optimization_0116"", ""optimization_0171"", ""optimization_0168"", ""optimization_0061"", ""optimization_0154"", ""optimization_0047"", ""optimization_0020"", ""optimization_0153"", ""optimization_0234"", ""optimization_0151"", ""optimization_0076"", ""optimization_0209"", ""optimization_0188""]"
campaign,main,granite4.2:30b/off,1,3,7,-1,cb64958dd546d5ac137e0e5b1e96aa9bfc13275020c56f059d34d2f53697f68c,0.43356643356643354,"[""cb64958dd546d5ac137e0e5b1e96aa9bfc13275020c56f059d34d2f53697f68c"", ""9cd2d11b5e30e4b469688d9d3c11e5156b167818d91e592eff8c47e3bcb88293"", ""d69f8ffb75475a02916088a2979d5455182f22bc3245f2d76309ebc714a80abf""]","[""optimization_0201"", ""optimization_0096"", ""optimization_0169"", ""optimization_0034"", ""optimization_0143"", ""optimization_0038"", ""optimization_0087"", ""optimization_0192"", ""optimization_0109"", ""optimization_0214"", ""optimization_0071"", ""optimization_0068"", ""optimization_0117"", ""optimization_0024"", ""optimization_0007"", ""optimization_0106"", ""optimization_0083"", ""optimization_0224"", ""optimization_0045"", ""optimization_0018"", ""optimization_0049"", ""optimization_0208"", ""optimization_0113"", ""optimization_0110""]"
campaign,main,granite4.2:30b/off,1,4,0,0,adec2ed886ad7b88acff329405aa893cdf4c8c30cca31ebf5fd3b2fb51067e7b,0.35443037974683544,"[""0080638c0f58d5b18e6db10f0327e0c85125dd7c1ea1ae311fd5ad96c05b3078"", ""adec2ed886ad7b88acff329405aa893cdf4c8c30cca31ebf5fd3b2fb51067e7b"", ""740343bb534b2664f294cec499aea8b88c073f42e48310e0263f7f14bd1dff3e""]","[""optimization_0165"", ""optimization_0120"", ""optimization_0091"", ""optimization_0178"", ""optimization_0191"", ""optimization_0206"", ""optimization_0045"", ""optimization_0156"", ""optimization_0145"", ""optimization_0016"", ""optimization_0107"", ""optimization_0152"", ""optimization_0057"", ""optimization_0216"", ""optimization_0115"", ""optimization_0046"", ""optimization_0239"", ""optimization_0188"", ""optimization_0159"", ""optimization_0114"", ""optimization_0103"", ""optimization_0184"", ""optimization_0149"", ""optimization_0086""]"
campaign,main,granite4.2:30b/off,1,4,1,-1,adec2ed886ad7b88acff329405aa893cdf4c8c30cca31ebf5fd3b2fb51067e7b,0.358974358974359,"[""adec2ed886ad7b88acff329405aa893cdf4c8c30cca31ebf5fd3b2fb51067e7b"", ""8be796981bd79ead0727c958423af3f997b60992b366c265c63cf54428a68f78"", ""627b93aa0566145134e0c5253302e37617f147bade4dc3a0cf7ab1e0f49b85ed""]","[""optimization_0123"", ""optimization_0204"", ""optimization_0181"", ""optimization_0034"", ""optimization_0095"", ""optimization_0104"", ""optimization_0093"", ""optimization_0234"", ""optimization_0097"", ""optimization_0112"", ""optimization_0137"", ""optimization_0026"", ""optimization_0177"", ""optimization_0012"", ""optimization_0019"", ""optimization_0058"", ""optimization_0005"", ""optimization_0236"", ""optimization_0039"", ""optimization_0096"", ""optimization_0061"", ""optimization_0124"", ""optimization_0173"", ""optimization_0050""]"
campaign,main,granite4.2:30b/off,1,4,2,0,172c5e9e7b1af7d3d3d7505ca3b4ceb0aa718b5e530a7a6ed396168fb22059d9,0.22764227642276422,"[""adec2ed886ad7b88acff329405aa893cdf4c8c30cca31ebf5fd3b2fb51067e7b"", ""172c5e9e7b1af7d3d3d7505ca3b4ceb0aa718b5e530a7a6ed396168fb22059d9"", ""20b135119c45a19d063c2c53c4009ce481cb8b00ea852c6e24d66ab53c78de13""]","[""optimization_0015"", ""optimization_0198"", ""optimization_0199"", ""optimization_0172"", ""optimization_0215"", ""optimization_0020"", ""optimization_0087"", ""optimization_0054"", ""optimization_0187"", ""optimization_0028"", ""optimization_0185"", ""optimization_0230"", ""optimization_0207"", ""optimization_0126"", ""optimization_0121"", ""optimization_0010"", ""optimization_0101"", ""optimization_0146"", ""optimization_0033"", ""optimization_0000"", ""optimization_0235"", ""optimization_0208"", ""optimization_0017"", ""optimization_0140""]"
campaign,main,granite4.2:30b/off,1,4,3,-1,172c5e9e7b1af7d3d3d7505ca3b4ceb0aa718b5e530a7a6ed396168fb22059d9,0.3466666666666667,"[""172c5e9e7b1af7d3d3d7505ca3b4ceb0aa718b5e530a7a6ed396168fb22059d9"", ""1984b5816ce2566968771aa51578713d100a1ea85defee294629570e33c48663"", ""f31406a377319d2c0d6857b655d54cae92bf404b863138946a97ec5e848f5a4a""]","[""optimization_0219"", ""optimization_0084"", ""optimization_0229"", ""optimization_0142"", ""optimization_0047"", ""optimization_0014"", ""optimization_0189"", ""optimization_0162"", ""optimization_0205"", ""optimization_0214"", ""optimization_0197"", ""optimization_0068"", ""optimization_0141"", ""optimization_0060"", ""optimization_0037"", ""optimization_0004"", ""optimization_0035"", ""optimization_0122"", ""optimization_0027"", ""optimization_0132"", ""optimization_0169"", ""optimization_0136"", ""optimization_0227"", ""optimization_0134""]"
campaign,main,granite4.2:30b/off,1,4,4,1,dd6f3643347e59fe0b7f76f46e974f3e3d4a5350d52a9db9ea55249040bc0e41,0.46258503401360546,"[""172c5e9e7b1af7d3d3d7505ca3b4ceb0aa718b5e530a7a6ed396168fb22059d9"", ""9b31a27e70705684d2c8be91031fc0af0d44fec03c79ac4b21455c941c2d3824"", ""dd6f3643347e59fe0b7f76f46e974f3e3d4a5350d52a9db9ea55249040bc0e41""]","[""optimization_0201"", ""optimization_0078"", ""optimization_0007"", ""optimization_0226"", ""optimization_0131"", ""optimization_0212"", ""optimization_0213"", ""optimization_0222"", ""optimization_0127"", ""optimization_0052"", ""optimization_0125"", ""optimization_0062"", ""optimization_0135"", ""optimization_0090"", ""optimization_0055"", ""optimization_0094"", ""optimization_0179"", ""optimization_0116"", ""optimization_0021"", ""optimization_0210"", ""optimization_0043"", ""optimization_0022"", ""optimization_0113"", ""optimization_0056""]"
campaign,main,granite4.2:30b/off,1,4,5,1,33857de64f09fbe44789249ad98bc1f7b04c32c019861ad110a5895c7cacbe51,0.37254901960784315,"[""dd6f3643347e59fe0b7f76f46e974f3e3d4a5350d52a9db9ea55249040bc0e41"", ""995283060cb0e002347ec78ff31d29d7552447f5128aae5d757eea649d14ca8b"", ""33857de64f09fbe44789249ad98bc1f7b04c32c019861ad110a5895c7cacbe51""]","[""optimization_0081"", ""optimization_0192"", ""optimization_0025"", ""optimization_0160"", ""optimization_0161"", ""optimization_0074"", ""optimization_0075"", ""optimization_0180"", ""optimization_0067"", ""optimization_0118"", ""optimization_0119"", ""optimization_0170"", ""optimization_0147"", ""optimization_0072"", ""optimization_0073"", ""optimization_0154"", ""optimization_0167"", ""optimization_0038"", ""optimization_0063"", ""optimization_0186"", ""optimization_0085"", ""optimization_0040"", ""optimization_0011"", ""optimization_0002""]"
campaign,main,granite4.2:30b/off,1,4,6,-1,33857de64f09fbe44789249ad98bc1f7b04c32c019861ad110a5895c7cacbe51,0.24,"[""33857de64f09fbe44789249ad98bc1f7b04c32c019861ad110a5895c7cacbe51"", ""f337bbda1c1278b176deb055452016368cca0f5c544cf563cee59c34c65b7d25"", ""298934a0cef6436e013ebe72a99d410a7c8a84275364e32804846be88057670d""]","[""optimization_0069"", ""optimization_0138"", ""optimization_0013"", ""optimization_0064"", ""optimization_0041"", ""optimization_0200"", ""optimization_0183"", ""optimization_0168"", ""optimization_0031"", ""optimization_0190"", ""optimization_0143"", ""optimization_0080"", ""optimization_0099"", ""optimization_0102"", ""optimization_0157"", ""optimization_0166"", ""optimization_0059"", ""optimization_0218"", ""optimization_0051"", ""optimization_0108"", ""optimization_0175"", ""optimization_0130"", ""optimization_0023"", ""optimization_0128""]"
campaign,main,granite4.2:30b/off,1,4,7,0,7cce2cb0564b07501aeefd6eb3a1473c04698dc1d7cecef437b6582d46bbfb65,0.47,"[""33857de64f09fbe44789249ad98bc1f7b04c32c019861ad110a5895c7cacbe51"", ""7cce2cb0564b07501aeefd6eb3a1473c04698dc1d7cecef437b6582d46bbfb65"", ""518c0653d562ce3b45ce1e4c9393b00f7f388c87a25ba30c09674cda08d092e1""]","[""optimization_0237"", ""optimization_0036"", ""optimization_0133"", ""optimization_0082"", ""optimization_0053"", ""optimization_0158"", ""optimization_0195"", ""optimization_0006"", ""optimization_0193"", ""optimization_0076"", ""optimization_0233"", ""optimization_0224"", ""optimization_0105"", ""optimization_0042"", ""optimization_0139"", ""optimization_0196"", ""optimization_0029"", ""optimization_0176"", ""optimization_0129"", ""optimization_0030"", ""optimization_0211"", ""optimization_0148"", ""optimization_0071"", ""optimization_0110""]"
campaign,main,granite4.2:30b/off,1,5,0,1,481fddcfa9d247db91604a84a3cb70f6fa5e025f80b9223672e97698f7fbd6ce,0.48554913294797686,"[""0080638c0f58d5b18e6db10f0327e0c85125dd7c1ea1ae311fd5ad96c05b3078"", ""104fa5b6ad4fc3297de18e92e0e361183d2477138f99e2c8ac86cc9f1e48221a"", ""481fddcfa9d247db91604a84a3cb70f6fa5e025f80b9223672e97698f7fbd6ce""]","[""optimization_0201"", ""optimization_0036"", ""optimization_0133"", ""optimization_0154"", ""optimization_0215"", ""optimization_0080"", ""optimization_0051"", ""optimization_0180"", ""optimization_0103"", ""optimization_0040"", ""optimization_0053"", ""optimization_0044"", ""optimization_0147"", ""optimization_0234"", ""optimization_0217"", ""optimization_0226"", ""optimization_0161"", ""optimization_0182"", ""optimization_0231"", ""optimization_0156"", ""optimization_0229"", ""optimization_0136"", ""optimization_0191"", ""optimization_0008""]"
campaign,main,granite4.2:30b/off,1,5,1,1,0f85937b5fe0e02a41b4a936244587eb56b82411c2ab651e6439b7740e93e599,0.47674418604651164,"[""481fddcfa9d247db91604a84a3cb70f6fa5e025f80b9223672e97698f7fbd6ce"", ""8cca7fd66e6b34c477079e37fb1cc4582a338efd5e63b33610871223b024f141"", ""0f85937b5fe0e02a41b4a936244587eb56b82411c2ab651e6439b7740e93e599""]","[""optimization_0219"", ""optimization_0030"", ""optimization_0031"", ""optimization_0064"", ""optimization_0149"", ""optimization_0092"", ""optimization_0159"", ""optimization_0084"", ""optimization_0181"", ""optimization_0160"", ""optimization_0185"", ""optimization_0236"", ""optimization_0153"", ""optimization_0078"", ""optimization_0169"", ""optimization_0190"", ""optimization_0173"", ""optimization_0026"", ""optimization_0171"", ""optimization_0210"", ""optimization_0007"", ""optimization_0046"", ""optimization_0023"", ""optimization_0224""]"
campaign,main,granite4.2:30b/off,1,5,2,0,09e2f3060860cdebec05186d85f98ac22dde3aeb0e55f3fe9a76f0faebe83086,0.46706586826347307,"[""0f85937b5fe0e02a41b4a936244587eb56b82411c2ab651e6439b7740e93e599"", ""09e2f3060860cdebec05186d85f98ac22dde3aeb0e55f3fe9a76f0faebe83086"", ""a2df1adc9315c6ea29ea8f23b872cfab8d5b087e2f3e186cb05d42fae8c346cf""]","[""optimization_0165"", ""optimization_0186"", ""optimization_0235"", ""optimization_0118"", ""optimization_0059"", ""optimization_0074"", ""optimization_0093"", ""optimization_0228"", ""optimization_0013"", ""optimization_0094"", ""optimization_0113"", ""optimization_0020"", ""optimization_0015"", ""optimization_0054"", ""optimization_0211"", ""optimization_0100"", ""optimization_0017"", ""optimization_0200"", ""optimization_0033"", ""optimization_0024"", ""optimization_0157"", ""optimization_0010"", ""optimization_0029"", ""optimization_0158""]"
campaign,main,granite4.2:30b/off,1,5,3,-1,09e2f3060860cdebec05186d85f98ac22dde3aeb0e55f3fe9a76f0faebe83086,0.4189189189189189,"[""09e2f3060860cdebec05186d85f98ac22dde3aeb0e55f3fe9a76f0faebe83086"", ""7997d74adae63fdbcb5285a8c0449cf04c59a7cd866f31797b6d38049f38cf4c"", ""8e1ee71f99b908699a00f71717f6b1f25cdf7ed6d0c74a5e85c5b6d8b8acb531""]","[""optimization_0081"", ""optimization_0216"", ""optimization_0163"", ""optimization_0106"", ""optimization_0221"", ""optimization_0146"", ""optimization_0039"", ""optimization_0102"", ""optimization_0115"", ""optimization_0028"", ""optimization_0083"", ""optimization_0188"", ""optimization_0129"", ""optimization_0162"", ""optimization_0079"", ""optimization_0166"", ""optimization_0095"", ""optimization_0152"", ""optimization_0045"", ""optimization_0108"", ""optimization_0025"", ""optimization_0034"", ""optimization_0227"", ""optimization_0038""]"
campaign,main,granite4.2:30b/off,1,5,4,0,cc5cfeb0781ff94667ba8978afa1c354bcc8db57b0d582e723223d75b1cc9b38,0.3821138211382114,"[""09e2f3060860cdebec05186d85f98ac22dde3aeb0e55f3fe9a76f0faebe83086"", ""cc5cfeb0781ff94667ba8978afa1c354bcc8db57b0d582e723223d75b1cc9b38"", ""364d4fafb50b9d6e691378a2ed77783df0cfbb86186c65c934fa05b5da8d7da6""]","[""optimization_0183"", ""optimization_0120"", ""optimization_0205"", ""optimization_0214"", ""optimization_0107"", ""optimization_0056"", ""optimization_0009"", ""optimization_0042"", ""optimization_0097"", ""optimization_0178"", ""optimization_0119"", ""optimization_0068"", ""optimization_0135"", ""optimization_0174"", ""optimization_0139"", ""optimization_0088"", ""optimization_0209"", ""optimization_0206"", ""optimization_0105"", ""optimization_0072"", ""optimization_0043"", ""optimization_0232"", ""optimization_0041"", ""optimization_0134""]"
campaign,main,granite4.2:30b/off,1,5,5,0,a16580a9caa18f3cef75b6b24765c0b8d9c751923684711afce3041c6372af94,0.3724696356275304,"[""cc5cfeb0781ff94667ba8978afa1c354bcc8db57b0d582e723223d75b1cc9b38"", ""a16580a9caa18f3cef75b6b24765c0b8d9c751923684711afce3041c6372af94"", ""3b707ab41d68c8fd826d48900fa71806347d25ce9c6657a59ad43c38d5db29bf""]","[""optimization_0099"", ""optimization_0144"", ""optimization_0175"", ""optimization_0052"", ""optimization_0035"", ""optimization_0032"", ""optimization_0123"", ""optimization_0138"", ""optimization_0055"", ""optimization_0130"", ""optimization_0071"", ""optimization_0128"", ""optimization_0021"", ""optimization_0222"", ""optimization_0061"", ""optimization_0058"", ""optimization_0065"", ""optimization_0170"", ""optimization_0003"", ""optimization_0192"", ""optimization_0187"", ""optimization_0070"", ""optimization_0089"", ""optimization_0110""]"
campaign,main,granite4.2:30b/off,1,5,6,-1,a16580a9caa18f3cef75b6b24765c0b8d9c751923684711afce3041c6372af94,0.21794871794871795,"[""a16580a9caa18f3cef75b6b24765c0b8d9c751923684711afce3041c6372af94"", ""63361248eb853b5faf27ace17444a10ef5cfbc9fb559597701aa2f10073851e9"", ""ed4852e280b64442e6ea3575a6b8ffcd6032565e04acb8aa6501d1e7d1d739df""]","[""optimization_0057"", ""optimization_0198"", ""optimization_0199"", ""optimization_0208"", ""optimization_0155"", ""optimization_0086"", ""optimization_0207"", ""optimization_0048"", ""optimization_0037"", ""optimization_0142"", ""optimization_0131"", ""optimization_0218"", ""optimization_0075"", ""optimization_0114"", ""optimization_0151"", ""optimization_0022"", ""optimization_0101"", ""optimization_0116"", ""optimization_0195"", ""optimization_0096"", ""optimization_0109"", ""optimization_0112"", ""optimization_0005"", ""optimization_0194""]"
campaign,main,granite4.2:30b/off,1,5,7,1,e110b5921c1fbb8aa81c99a85b611b26ea4056ab2ad387f6f872275ec6fe4fb7,0.40764331210191085,"[""a16580a9caa18f3cef75b6b24765c0b8d9c751923684711afce3041c6372af94"", ""e790f16ccbfc355f5b716b94d7e84b6134f6585caf941e2e8003bd738be7a380"", ""e110b5921c1fbb8aa81c99a85b611b26ea4056ab2ad387f6f872275ec6fe4fb7""]","[""optimization_0063"", ""optimization_0204"", ""optimization_0193"", ""optimization_0148"", ""optimization_0239"", ""optimization_0098"", ""optimization_0177"", ""optimization_0132"", ""optimization_0001"", ""optimization_0196"", ""optimization_0233"", ""optimization_0122"", ""optimization_0189"", ""optimization_0000"", ""optimization_0019"", ""optimization_0076"", ""optimization_0125"", ""optimization_0230"", ""optimization_0213"", ""optimization_0006"", ""optimization_0049"", ""optimization_0004"", ""optimization_0137"", ""optimization_0014""]"
campaign,main,granite4.2:30b/off,2,1,0,1,b166e0d48b02f7dbfa7c02a16cbf560461619c309b750cb54644d45298136376,0.43010752688172044,"[""0080638c0f58d5b18e6db10f0327e0c85125dd7c1ea1ae311fd5ad96c05b3078"", ""2056fa6536eb93c95c7fc930cfc290fd4b5c446769f7e01852c0a6791bd9d68f"", ""b166e0d48b02f7dbfa7c02a16cbf560461619c309b750cb54644d45298136376""]","[""optimization_0219"", ""optimization_0000"", ""optimization_0121"", ""optimization_0034"", ""optimization_0221"", ""optimization_0200"", ""optimization_0099"", ""optimization_0024"", ""optimization_0169"", ""optimization_0094"", ""optimization_0155"", ""optimization_0176"", ""optimization_0063"", ""optimization_0048"", ""optimization_0031"", ""optimization_0118"", ""optimization_0215"", ""optimization_0122"", ""optimization_0105"", ""optimization_0096"", ""optimization_0085"", ""optimization_0220"", ""optimization_0119"", ""optimization_0218""]"
campaign,main,granite4.2:30b/off,2,1,1,1,b42a7c1b3e7f714ee19eea3c2eb0e4873666225f74dfb82ba17c4ab40669df86,0.38596491228070173,"[""b166e0d48b02f7dbfa7c02a16cbf560461619c309b750cb54644d45298136376"", ""388a9a5b986dcf19849cf4338f8805e351f2ed3b1e9b9ae995b9aa69074436e2"", ""b42a7c1b3e7f714ee19eea3c2eb0e4873666225f74dfb82ba17c4ab40669df86""]","[""optimization_0093"", ""optimization_0174"", ""optimization_0115"", ""optimization_0214"", ""optimization_0209"", ""optimization_0080"", ""optimization_0237"", ""optimization_0210"", ""optimization_0229"", ""optimization_0160"", ""optimization_0191"", ""optimization_0032"", ""optimization_0111"", ""optimization_0180"", ""optimization_0157"", ""optimization_0076"", ""optimization_0143"", ""optimization_0116"", ""optimization_0069"", ""optimization_0150"", ""optimization_0067"", ""optimization_0022"", ""optimization_0125"", ""optimization_0002""]"
campaign,main,granite4.2:30b/off,2,1,2,-1,b42a7c1b3e7f714ee19eea3c2eb0e4873666225f74dfb82ba17c4ab40669df86,0.25287356321839083,"[""b42a7c1b3e7f714ee19eea3c2eb0e4873666225f74dfb82ba17c4ab40669df86"", ""02bf164a964f098773b86b67a89b67843c2b2d6fea7fe5131aaf79e1a35f13cc"", ""c20c89ff2f153736b1882cfeeff83f007eaf1558a60655dc3feabae2f8e80f3d""]","[""optimization_0207"", ""optimization_0084"", ""optimization_0013"", ""optimization_0070"", ""optimization_0071"", ""optimization_0056"", ""optimization_0183"", ""optimization_0108"", ""optimization_0175"", ""optimization_0100"", ""optimization_0203"", ""optimization_0134"", ""optimization_0009"", ""optimization_0198"", ""optimization_0109"", ""optimization_0190"", ""optimization_0137"", ""optimization_0146"", ""optimization_0201"", ""optimization_0162"", ""optimization_0091"", ""optimization_0148"", ""optimization_0053"", ""optimization_0062""]"
campaign,main,granite4.2:30b/off,2,1,3,1,7c95a8db212b983de9fe1d280fe8025f97f95e97a8b56e18c83373546db39af5,0.2595419847328244,"[""b42a7c1b3e7f714ee19eea3c2eb0e4873666225f74dfb82ba17c4ab40669df86"", ""010e1665d07d106d0f0a74c0655a50f67eb14428fb74fb543d9545f062e34294"", ""7c95a8db212b983de9fe1d280fe8025f97f95e97a8b56e18c83373546db39af5""]","[""optimization_0135"", ""optimization_0144"", ""optimization_0133"", ""optimization_0058"", ""optimization_0077"", ""optimization_0140"", ""optimization_0231"", ""optimization_0030"", ""optimization_0073"", ""optimization_0232"", ""optimization_0065"", ""optimization_0236"", ""optimization_0177"", ""optimization_0042"", ""optimization_0079"", ""optimization_0052"", ""optimization_0011"", ""optimization_0188"", ""optimization_0051"", ""optimization_0192"", ""optimization_0139"", ""optimization_0184"", ""optimization_0167"", ""optimization_0110""]"
campaign,main,granite4.2:30b/off,2,1,4,-1,7c95a8db212b983de9fe1d280fe8025f97f95e97a8b56e18c83373546db39af5,0.36477987421383645,"[""7c95a8db212b983de9fe1d280fe8025f97f95e97a8b56e18c83373546db39af5"", ""75976a265ee06422ada06a20dcf2a784fb68ccf10ec113405cf9d5b62eec6b10"", ""421974babc261fdb3a4f0557bbd12d8ff1df534b0317a8cfd08d64194658106c""]","[""optimization_0195"", ""optimization_0006"", ""optimization_0211"", ""optimization_0208"", ""optimization_0023"", ""optimization_0050"", ""optimization_0075"", ""optimization_0036"", ""optimization_0097"", ""optimization_0124"", ""optimization_0173"", ""optimization_0170"", ""optimization_0045"", ""optimization_0066"", ""optimization_0001"", ""optimization_0226"", ""optimization_0059"", ""optimization_0152"", ""optimization_0039"", ""optimization_0126"", ""optimization_0187"", ""optimization_0088"", ""optimization_0035"", ""optimization_0098""]"
campaign,main,granite4.2:30b/off,2,1,5,-1,7c95a8db212b983de9fe1d280fe8025f97f95e97a8b56e18c83373546db39af5,0.22857142857142856,"[""7c95a8db212b983de9fe1d280fe8025f97f95e97a8b56e18c83373546db39af5"", ""20a0c94c5a2c035c1d81a9c91260814be12eb2486737d4cb08fe7f7bc6bc8058"", ""8794ad2a39035eb55739fb80df25966889af8cf262e4a9b296eff61fdaedf4e1""]","[""optimization_0225"", ""optimization_0054"", ""optimization_0049"", ""optimization_0112"", ""optimization_0233"", ""optimization_0194"", ""optimization_0081"", ""optimization_0012"", ""optimization_0235"", ""optimization_0172"", ""optimization_0179"", ""optimization_0224"", ""optimization_0057"", ""optimization_0216"", ""optimization_0145"", ""optimization_0004"", ""optimization_0131"", ""optimization_0038"", ""optimization_0027"", ""optimization_0222"", ""optimization_0019"", ""optimization_0028"", ""optimization_0017"", ""optimization_0044""]"
campaign,main,granite4.2:30b/off,2,1,6,-1,7c95a8db212b983de9fe1d280fe8025f97f95e97a8b56e18c83373546db39af5,0.32085561497326204,"[""7c95a8db212b983de9fe1d280fe8025f97f95e97a8b56e18c83373546db39af5"", ""fe3b91c50e9b09fab44d9d4de5917b6e6d9185aafb361ffb5f22f8bf21cfdc17"", ""1524672126e3274ee01c8abbbcb7950631c8e7aba1b2979a56d524767538adfc""]","[""optimization_0159"", ""optimization_0234"", ""optimization_0103"", ""optimization_0064"", ""optimization_0101"", ""optimization_0230"", ""optimization_0015"", ""optimization_0168"", ""optimization_0007"", ""optimization_0166"", ""optimization_0047"", ""optimization_0086"", ""optimization_0129"", ""optimization_0072"", ""optimization_0205"", ""optimization_0130"", ""optimization_0161"", ""optimization_0014"", ""optimization_0153"", ""optimization_0078"", ""optimization_0199"", ""optimization_0136"", ""optimization_0227"", ""optimization_0026""]"
campaign,main,granite4.2:30b/off,2,1,7,-1,7c95a8db212b983de9fe1d280fe8025f97f95e97a8b56e18c83373546db39af5,0.272108843537415,"[""7c95a8db212b983de9fe1d280fe8025f97f95e97a8b56e18c83373546db39af5"", ""8bff0670b8a7a3187dcf9f043e11cfab652c50dd3f98b216944432da91581376"", ""e434738ed032e8e83f4875a63efbe753f3475e478496285e01fc379fbdb1cb2f""]","[""optimization_0141"", ""optimization_0120"", ""optimization_0055"", ""optimization_0178"", ""optimization_0083"", ""optimization_0008"", ""optimization_0033"", ""optimization_0138"", ""optimization_0163"", ""optimization_0202"", ""optimization_0089"", ""optimization_0104"", ""optimization_0087"", ""optimization_0186"", ""optimization_0025"", ""optimization_0082"", ""optimization_0107"", ""optimization_0020"", ""optimization_0117"", ""optimization_0204"", ""optimization_0181"", ""optimization_0040"", ""optimization_0113"", ""optimization_0092""]"
campaign,main,qwen3.8:27b/off,2,3,0,-1,0080638c0f58d5b18e6db10f0327e0c85125dd7c1ea1ae311fd5ad96c05b3078,0.7361111111111112,"[""0080638c0f58d5b18e6db10f0327e0c85125dd7c1ea1ae311fd5ad96c05b3078"", ""a4311f107a6ece7f1f1eb6bd0f8de2d87e52fe4b9ae7bdfde2f6c4c608da4bdd""]","[""optimization_0069"", ""optimization_0054"", ""optimization_0067"", ""optimization_0124"", ""optimization_0107"", ""optimization_0062"", ""optimization_0135"", ""optimization_0204"", ""optimization_0223"", ""optimization_0112"", ""optimization_0215"", ""optimization_0086"", ""optimization_0231"", ""optimization_0036"", ""optimization_0175"", ""optimization_0064"", ""optimization_0131"", ""optimization_0146"", ""optimization_0057"", ""optimization_0102"", ""optimization_0025"", ""optimization_0040"", ""optimization_0179"", ""optimization_0134""]"
campaign,main,qwen3.8:27b/off,2,3,1,1,1672643182d3f3dfd2cc48104536e233592d00aee02b2d800f5b88d3bdc70e64,0.625,"[""0080638c0f58d5b18e6db10f0327e0c85125dd7c1ea1ae311fd5ad96c05b3078"", ""84cac5139bc6e89163194df365de6635895cdc0367277ad1b4037fae99cb551c"", ""1672643182d3f3dfd2cc48104536e233592d00aee02b2d800f5b88d3bdc70e64""]","[""optimization_0165"", ""optimization_0090"", ""optimization_0073"", ""optimization_0004"", ""optimization_0053"", ""optimization_0128"", ""optimization_0021"", ""optimization_0048"", ""optimization_0127"", ""optimization_0010"", ""optimization_0095"", ""optimization_0122"", ""optimization_0093"", ""optimization_0186"", ""optimization_0085"", ""optimization_0238"", ""optimization_0023"", ""optimization_0050"", ""optimization_0141"", ""optimization_0108"", ""optimization_0139"", ""optimization_0100"", ""optimization_0221"", ""optimization_0194""]"
campaign,main,qwen3.8:27b/off,2,3,2,1,9f8848c65a6e6dec99f967d4e6146586867a7e51eec2758b0c8012a7b42ccb92,0.6993006993006993,"[""1672643182d3f3dfd2cc48104536e233592d00aee02b2d800f5b88d3bdc70e64"", ""f78c3b0898aebc0f15561711625b0ed57b93dc0546ddbf6f6f515337dffdd3a8"", ""9f8848c65a6e6dec99f967d4e6146586867a7e51eec2758b0c8012a7b42ccb92""]","[""optimization_0237"", ""optimization_0012"", ""optimization_0043"", ""optimization_0178"", ""optimization_0077"", ""optimization_0140"", ""optimization_0129"", ""optimization_0180"", ""optimization_0133"", ""optimization_0022"", ""optimization_0203"", ""optimization_0098"", ""optimization_0027"", ""optimization_0006"", ""optimization_0001"", ""optimization_0160"", ""optimization_0005"", ""optimization_0080"", ""optimization_0189"", ""optimization_0132"", ""optimization_0097"", ""optimization_0220"", ""optimization_0065"", ""optimization_0152""]"
campaign,main,qwen3.8:27b/off,2,3,3,0,f9a57dab80519292389e52cb368d5f87c8db23605a3c771ae3a56d1c6e732045,0.6847826086956522,"[""9f8848c65a6e6dec99f967d4e6146586867a7e51eec2758b0c8012a7b42ccb92"", ""f9a57dab80519292389e52cb368d5f87c8db23605a3c771ae3a56d1c6e732045""]","[""optimization_0207"", ""optimization_0222"", ""optimization_0013"", ""optimization_0028"", ""optimization_0089"", ""optimization_0218"", ""optimization_0063"", ""optimization_0066"", ""optimization_0103"", ""optimization_0166"", ""optimization_0233"", ""optimization_0074"", ""optimization_0009"", ""optimization_0072"", ""optimization_0193"", ""optimization_0052"", ""optimization_0059"", ""optimization_0164"", ""optimization_0219"", ""optimization_0000"", ""optimization_0235"", ""optimization_0136"", ""optimization_0173"", ""optimization_0182""]"
campaign,main,qwen3.8:27b/off,2,3,4,1,7119718f099b8deda33824ac6e0db2d1ec46ba7addca8f99fad579c99d02afea,0.7297297297297297,"[""f9a57dab80519292389e52cb368d5f87c8db23605a3c771ae3a56d1c6e732045"", ""dd49220e166bc9300a795e00de98fb80ff44eca4ed5783370714fa490fe8962b"", ""7119718f099b8deda33824ac6e0db2d1ec46ba7addca8f99fad579c99d02afea""]","[""optimization_0147"", ""optimization_0156"", ""optimization_0163"", ""optimization_0202"", ""optimization_0149"", ""optimization_0056"", ""optimization_0075"", ""optimization_0030"", ""optimization_0205"", ""optimization_0232"", ""optimization_0155"", ""optimization_0104"", ""optimization_0111"", ""optimization_0114"", ""optimization_0055"", ""optimization_0094"", ""optimization_0029"", ""optimization_0230"", ""optimization_0039"", ""optimization_0162"", ""optimization_0211"", ""optimization_0142"", ""optimization_0185"", ""optimization_0200""]"
campaign,main,qwen3.8:27b/off,2,3,5,-1,7119718f099b8deda33824ac6e0db2d1ec46ba7addca8f99fad579c99d02afea,0.7317073170731707,"[""7119718f099b8deda33824ac6e0db2d1ec46ba7addca8f99fad579c99d02afea"", ""4687785579ef568795d1ea53867df56a1841daac93c627f0d20c5e2f77561baf"", ""7aa25a249e65f106cd552a0951fd20c8af230d148e212fc5551a77c5fb9afab5""]","[""optimization_0003"", ""optimization_0138"", ""optimization_0181"", ""optimization_0088"", ""optimization_0011"", ""optimization_0026"", ""optimization_0033"", ""optimization_0060"", ""optimization_0157"", ""optimization_0016"", ""optimization_0125"", ""optimization_0212"", ""optimization_0015"", ""optimization_0210"", ""optimization_0121"", ""optimization_0148"", ""optimization_0239"", ""optimization_0014"", ""optimization_0159"", ""optimization_0126"", ""optimization_0217"", ""optimization_0058"", ""optimization_0191"", ""optimization_0158""]"
campaign,main,qwen3.8:27b/off,2,3,6,0,0755153c6d47ce2e67fc77a673b7dc5db0b8e23f3ec87d58a3caf6f82c847ea7,0.7816091954022989,"[""7119718f099b8deda33824ac6e0db2d1ec46ba7addca8f99fad579c99d02afea"", ""0755153c6d47ce2e67fc77a673b7dc5db0b8e23f3ec87d58a3caf6f82c847ea7"", ""c1111cdbfe86c4ee3f2f70fd1cd642f92c91ab82e837048ed65fad3396b475ee""]","[""optimization_0225"", ""optimization_0078"", ""optimization_0031"", ""optimization_0082"", ""optimization_0035"", ""optimization_0002"", ""optimization_0105"", ""optimization_0120"", ""optimization_0229"", ""optimization_0070"", ""optimization_0197"", ""optimization_0116"", ""optimization_0171"", ""optimization_0168"", ""optimization_0061"", ""optimization_0154"", ""optimization_0047"", ""optimization_0020"", ""optimization_0153"", ""optimization_0234"", ""optimization_0151"", ""optimization_0076"", ""optimization_0209"", ""optimization_0188""]"
campaign,main,qwen3.8:27b/off,2,3,7,1,7a7052c64eee54e4c8ab59e3e5d52c0dfa76c65b7e897db40b7d3aedc3a91b40,0.7647058823529411,"[""0755153c6d47ce2e67fc77a673b7dc5db0b8e23f3ec87d58a3caf6f82c847ea7"", ""500420fe56cf11e336b81dc867d818a152baee9387f2d489368c5951856dca20"", ""7a7052c64eee54e4c8ab59e3e5d52c0dfa76c65b7e897db40b7d3aedc3a91b40""]","[""optimization_0201"", ""optimization_0096"", ""optimization_0169"", ""optimization_0034"", ""optimization_0143"", ""optimization_0038"", ""optimization_0087"", ""optimization_0192"", ""optimization_0109"", ""optimization_0214"", ""optimization_0071"", ""optimization_0068"", ""optimization_0117"", ""optimization_0024"", ""optimization_0007"", ""optimization_0106"", ""optimization_0083"", ""optimization_0224"", ""optimization_0045"", ""optimization_0018"", ""optimization_0049"", ""optimization_0208"", ""optimization_0113"", ""optimization_0110""]"
campaign,main,qwen3.8:27b/off,2,4,0,-1,0080638c0f58d5b18e6db10f0327e0c85125dd7c1ea1ae311fd5ad96c05b3078,0.7906976744186046,"[""0080638c0f58d5b18e6db10f0327e0c85125dd7c1ea1ae311fd5ad96c05b3078"", ""322e061ecf6b1f8c8d9bdf1c7cf4f6492211cba8593df2db2e6deb31750e1bf5"", ""5691340cb97c323525974c13f3aa59e78141eb916a7a4d96f3ac5e4dd561d984""]","[""optimization_0165"", ""optimization_0120"", ""optimization_0091"", ""optimization_0178"", ""optimization_0191"", ""optimization_0206"", ""optimization_0045"", ""optimization_0156"", ""optimization_0145"", ""optimization_0016"", ""optimization_0107"", ""optimization_0152"", ""optimization_0057"", ""optimization_0216"", ""optimization_0115"", ""optimization_0046"", ""optimization_0239"", ""optimization_0188"", ""optimization_0159"", ""optimization_0114"", ""optimization_0103"", ""optimization_0184"", ""optimization_0149"", ""optimization_0086""]"
campaign,main,qwen3.8:27b/off,2,4,1,0,84f444169dd6382eaa36d78f6632dd5653f8b7ef3bb4c1fd3515f1a7a23fc6ec,0.8198757763975155,"[""0080638c0f58d5b18e6db10f0327e0c85125dd7c1ea1ae311fd5ad96c05b3078"", ""84f444169dd6382eaa36d78f6632dd5653f8b7ef3bb4c1fd3515f1a7a23fc6ec"", ""9c754c59b59adf1f0aff502b6a2256d1dcf2f95fb527a356e2abf8506a2388e3""]","[""optimization_0123"", ""optimization_0204"", ""optimization_0181"", ""optimization_0034"", ""optimization_0095"", ""optimization_0104"", ""optimization_0093"", ""optimization_0234"", ""optimization_0097"", ""optimization_0112"", ""optimization_0137"", ""optimization_0026"", ""optimization_0177"", ""optimization_0012"", ""optimization_0019"", ""optimization_0058"", ""optimization_0005"", ""optimization_0236"", ""optimization_0039"", ""optimization_0096"", ""optimization_0061"", ""optimization_0124"", ""optimization_0173"", ""optimization_0050""]"
campaign,main,qwen3.8:27b/off,2,4,2,-1,84f444169dd6382eaa36d78f6632dd5653f8b7ef3bb4c1fd3515f1a7a23fc6ec,0.5960264900662252,"[""84f444169dd6382eaa36d78f6632dd5653f8b7ef3bb4c1fd3515f1a7a23fc6ec"", ""1106dfb1640736b2bdb225660adee9010ea00099b8856ed19951e13f8ad5f3cf"", ""8dbd0745ef9dde1df19f327a74ef2d05e990f4e00055a5fb15c0751b78b02059""]","[""optimization_0015"", ""optimization_0198"", ""optimization_0199"", ""optimization_0172"", ""optimization_0215"", ""optimization_0020"", ""optimization_0087"", ""optimization_0054"", ""optimization_0187"", ""optimization_0028"", ""optimization_0185"", ""optimization_0230"", ""optimization_0207"", ""optimization_0126"", ""optimization_0121"", ""optimization_0010"", ""optimization_0101"", ""optimization_0146"", ""optimization_0033"", ""optimization_0000"", ""optimization_0235"", ""optimization_0208"", ""optimization_0017"", ""optimization_0140""]"
campaign,main,qwen3.8:27b/off,2,4,3,1,157547777a2633b2462d13c76a235b889f5bb4191b3b3f3d73ee64487eb3211d,0.6555555555555556,"[""84f444169dd6382eaa36d78f6632dd5653f8b7ef3bb4c1fd3515f1a7a23fc6ec"", ""8889936b822433158a8027e09544cd0b6a34b8eac53bd1c83127714cd4f2bd4e"", ""157547777a2633b2462d13c76a235b889f5bb4191b3b3f3d73ee64487eb3211d""]","[""optimization_0219"", ""optimization_0084"", ""optimization_0229"", ""optimization_0142"", ""optimization_0047"", ""optimization_0014"", ""optimization_0189"", ""optimization_0162"", ""optimization_0205"", ""optimization_0214"", ""optimization_0197"", ""optimization_0068"", ""optimization_0141"", ""optimization_0060"", ""optimization_0037"", ""optimization_0004"", ""optimization_0035"", ""optimization_0122"", ""optimization_0027"", ""optimization_0132"", ""optimization_0169"", ""optimization_0136"", ""optimization_0227"", ""optimization_0134""]"
campaign,main,qwen3.8:27b/off,2,4,4,1,2ce60d02775120922bd3d37147e871f428f8cb02ca918ddd3c0184c1f41905f4,0.625,"[""157547777a2633b2462d13c76a235b889f5bb4191b3b3f3d73ee64487eb3211d"", ""143455b6cd2e98e037905507e76f60b9255e2c9b28e4655b1bf63a7e8d71841a"", ""2ce60d02775120922bd3d37147e871f428f8cb02ca918ddd3c0184c1f41905f4""]","[""optimization_0201"", ""optimization_0078"", ""optimization_0007"", ""optimization_0226"", ""optimization_0131"", ""optimization_0212"", ""optimization_0213"", ""optimization_0222"", ""optimization_0127"", ""optimization_0052"", ""optimization_0125"", ""optimization_0062"", ""optimization_0135"", ""optimization_0090"", ""optimization_0055"", ""optimization_0094"", ""optimization_0179"", ""optimization_0116"", ""optimization_0021"", ""optimization_0210"", ""optimization_0043"", ""optimization_0022"", ""optimization_0113"", ""optimization_0056""]"
campaign,main,qwen3.8:27b/off,2,4,5,0,d771b68e783ba9bfc1a5e9418be2c286c083a7396ee43d6ac777ebdde5bc3e33,0.7817258883248731,"[""2ce60d02775120922bd3d37147e871f428f8cb02ca918ddd3c0184c1f41905f4"", ""d771b68e783ba9bfc1a5e9418be2c286c083a7396ee43d6ac777ebdde5bc3e33"", ""8e513a61ff0d64b639e3b60daadef41de972580ad625165356c0dcf5acc5d34d""]","[""optimization_0081"", ""optimization_0192"", ""optimization_0025"", ""optimization_0160"", ""optimization_0161"", ""optimization_0074"", ""optimization_0075"", ""optimization_0180"", ""optimization_0067"", ""optimization_0118"", ""optimization_0119"", ""optimization_0170"", ""optimization_0147"", ""optimization_0072"", ""optimization_0073"", ""optimization_0154"", ""optimization_0167"", ""optimization_0038"", ""optimization_0063"", ""optimization_0186"", ""optimization_0085"", ""optimization_0040"", ""optimization_0011"", ""optimization_0002""]"
campaign,main,qwen3.8:27b/off,2,4,6,0,15eda3b2122391b6f3a4d57da632cb5ba44a6f7623668e86f8ac2d8e0fc570c7,0.726027397260274,"[""d771b68e783ba9bfc1a5e9418be2c286c083a7396ee43d6ac777ebdde5bc3e33"", ""15eda3b2122391b6f3a4d57da632cb5ba44a6f7623668e86f8ac2d8e0fc570c7"", ""28f05c2a548ed6af94217e198915d98f3b51c95032304345c388387e5a85680c""]","[""optimization_0069"", ""optimization_0138"", ""optimization_0013"", ""optimization_0064"", ""optimization_0041"", ""optimization_0200"", ""optimization_0183"", ""optimization_0168"", ""optimization_0031"", ""optimization_0190"", ""optimization_0143"", ""optimization_0080"", ""optimization_0099"", ""optimization_0102"", ""optimization_0157"", ""optimization_0166"", ""optimization_0059"", ""optimization_0218"", ""optimization_0051"", ""optimization_0108"", ""optimization_0175"", ""optimization_0130"", ""optimization_0023"", ""optimization_0128""]"
campaign,main,qwen3.8:27b/off,2,4,7,1,5841436e18e09de07620e72fb1de57f039347d9c564cabaace911be7bb48fb1e,0.7777777777777778,"[""15eda3b2122391b6f3a4d57da632cb5ba44a6f7623668e86f8ac2d8e0fc570c7"", ""15eda3b2122391b6f3a4d57da632cb5ba44a6f7623668e86f8ac2d8e0fc570c7"", ""5841436e18e09de07620e72fb1de57f039347d9c564cabaace911be7bb48fb1e""]","[""optimization_0237"", ""optimization_0036"", ""optimization_0133"", ""optimization_0082"", ""optimization_0053"", ""optimization_0158"", ""optimization_0195"", ""optimization_0006"", ""optimization_0193"", ""optimization_0076"", ""optimization_0233"", ""optimization_0224"", ""optimization_0105"", ""optimization_0042"", ""optimization_0139"", ""optimization_0196"", ""optimization_0029"", ""optimization_0176"", ""optimization_0129"", ""optimization_0030"", ""optimization_0211"", ""optimization_0148"", ""optimization_0071"", ""optimization_0110""]"
campaign,main,qwen3.8:27b/off,2,1,0,0,6063e2dd8870bb1e5273367aabdbbd44f9f5ff93338fbf6f23105121a5e06627,0.7591240875912408,"[""0080638c0f58d5b18e6db10f0327e0c85125dd7c1ea1ae311fd5ad96c05b3078"", ""6063e2dd8870bb1e5273367aabdbbd44f9f5ff93338fbf6f23105121a5e06627"", ""8cf52fc2ac2d95ee4a7b63ed1cfadccbf875415df790668e67f31af43cf2f27c""]","[""optimization_0219"", ""optimization_0000"", ""optimization_0121"", ""optimization_0034"", ""optimization_0221"", ""optimization_0200"", ""optimization_0099"", ""optimization_0024"", ""optimization_0169"", ""optimization_0094"", ""optimization_0155"", ""optimization_0176"", ""optimization_0063"", ""optimization_0048"", ""optimization_0031"", ""optimization_0118"", ""optimization_0215"", ""optimization_0122"", ""optimization_0105"", ""optimization_0096"", ""optimization_0085"", ""optimization_0220"", ""optimization_0119"", ""optimization_0218""]"
campaign,main,qwen3.8:27b/off,2,1,1,-1,6063e2dd8870bb1e5273367aabdbbd44f9f5ff93338fbf6f23105121a5e06627,0.7591240875912408,"[""6063e2dd8870bb1e5273367aabdbbd44f9f5ff93338fbf6f23105121a5e06627"", ""0212cb058ecc2cfcaf78f5c638f744cf1bc720075c83dd88d7952f1d95ca74bc"", ""2d21da15ac9a6237f0353a589f60f2649e5cfa8d30d5bcb6fb970fb21d92b6d4""]","[""optimization_0093"", ""optimization_0174"", ""optimization_0115"", ""optimization_0214"", ""optimization_0209"", ""optimization_0080"", ""optimization_0237"", ""optimization_0210"", ""optimization_0229"", ""optimization_0160"", ""optimization_0191"", ""optimization_0032"", ""optimization_0111"", ""optimization_0180"", ""optimization_0157"", ""optimization_0076"", ""optimization_0143"", ""optimization_0116"", ""optimization_0069"", ""optimization_0150"", ""optimization_0067"", ""optimization_0022"", ""optimization_0125"", ""optimization_0002""]"
campaign,main,qwen3.8:27b/off,2,1,2,1,1767dbed9201daefb31f4150c9cbde41784bd430a0166b5d0132e3e05721a799,0.7482014388489209,"[""6063e2dd8870bb1e5273367aabdbbd44f9f5ff93338fbf6f23105121a5e06627"", ""234ba5441a2d4c2ea9609a1e006d0af7f32296bc25c100fe61ea678e293c0196"", ""1767dbed9201daefb31f4150c9cbde41784bd430a0166b5d0132e3e05721a799""]","[""optimization_0207"", ""optimization_0084"", ""optimization_0013"", ""optimization_0070"", ""optimization_0071"", ""optimization_0056"", ""optimization_0183"", ""optimization_0108"", ""optimization_0175"", ""optimization_0100"", ""optimization_0203"", ""optimization_0134"", ""optimization_0009"", ""optimization_0198"", ""optimization_0109"", ""optimization_0190"", ""optimization_0137"", ""optimization_0146"", ""optimization_0201"", ""optimization_0162"", ""optimization_0091"", ""optimization_0148"", ""optimization_0053"", ""optimization_0062""]"
campaign,main,qwen3.8:27b/off,2,1,3,-1,1767dbed9201daefb31f4150c9cbde41784bd430a0166b5d0132e3e05721a799,0.5960264900662252,"[""1767dbed9201daefb31f4150c9cbde41784bd430a0166b5d0132e3e05721a799"", ""a7ec8e7d48ffb4110dec38fd8a174791538dc99f42a79a4ea8f644577eaa2401"", ""4855c6a849b3a86c502a232eee0002c8862d13c356246881e744d9a0df7d9d3e""]","[""optimization_0135"", ""optimization_0144"", ""optimization_0133"", ""optimization_0058"", ""optimization_0077"", ""optimization_0140"", ""optimization_0231"", ""optimization_0030"", ""optimization_0073"", ""optimization_0232"", ""optimization_0065"", ""optimization_0236"", ""optimization_0177"", ""optimization_0042"", ""optimization_0079"", ""optimization_0052"", ""optimization_0011"", ""optimization_0188"", ""optimization_0051"", ""optimization_0192"", ""optimization_0139"", ""optimization_0184"", ""optimization_0167"", ""optimization_0110""]"
campaign,main,qwen3.8:27b/off,2,1,4,0,e303c49cd1fa443153b6bd1fe025f6928978887fe7956d4440469ab15cb3d80b,0.7019867549668874,"[""1767dbed9201daefb31f4150c9cbde41784bd430a0166b5d0132e3e05721a799"", ""e303c49cd1fa443153b6bd1fe025f6928978887fe7956d4440469ab15cb3d80b"", ""010eb70d75fe21fea3caa5ab87e537de20d93f1ed1a196e5fa10738aa5eb63bc""]","[""optimization_0195"", ""optimization_0006"", ""optimization_0211"", ""optimization_0208"", ""optimization_0023"", ""optimization_0050"", ""optimization_0075"", ""optimization_0036"", ""optimization_0097"", ""optimization_0124"", ""optimization_0173"", ""optimization_0170"", ""optimization_0045"", ""optimization_0066"", ""optimization_0001"", ""optimization_0226"", ""optimization_0059"", ""optimization_0152"", ""optimization_0039"", ""optimization_0126"", ""optimization_0187"", ""optimization_0088"", ""optimization_0035"", ""optimization_0098""]"
campaign,main,qwen3.8:27b/off,2,1,5,-1,e303c49cd1fa443153b6bd1fe025f6928978887fe7956d4440469ab15cb3d80b,0.5567010309278351,"[""e303c49cd1fa443153b6bd1fe025f6928978887fe7956d4440469ab15cb3d80b"", ""474cb1ee2233f28e705f25b89de9e67c85419396cb2a9a7ad558345cd8ef5eb0"", ""f6298c2333c5c9b1ad8820a32e97362830a418e0f6c14c6f8c952cc3dff683c0""]","[""optimization_0225"", ""optimization_0054"", ""optimization_0049"", ""optimization_0112"", ""optimization_0233"", ""optimization_0194"", ""optimization_0081"", ""optimization_0012"", ""optimization_0235"", ""optimization_0172"", ""optimization_0179"", ""optimization_0224"", ""optimization_0057"", ""optimization_0216"", ""optimization_0145"", ""optimization_0004"", ""optimization_0131"", ""optimization_0038"", ""optimization_0027"", ""optimization_0222"", ""optimization_0019"", ""optimization_0028"", ""optimization_0017"", ""optimization_0044""]"
campaign,main,qwen3.8:27b/off,2,1,6,-1,e303c49cd1fa443153b6bd1fe025f6928978887fe7956d4440469ab15cb3d80b,0.75,"[""e303c49cd1fa443153b6bd1fe025f6928978887fe7956d4440469ab15cb3d80b"", ""b59f287fd393b01369b67a8dcb09129566f1d9c00be618dfbd19d20bc99fe217"", ""f1c81004948a3787398c12201feb123f9143494f98eb6c109724b2241a774b6b""]","[""optimization_0159"", ""optimization_0234"", ""optimization_0103"", ""optimization_0064"", ""optimization_0101"", ""optimization_0230"", ""optimization_0015"", ""optimization_0168"", ""optimization_0007"", ""optimization_0166"", ""optimization_0047"", ""optimization_0086"", ""optimization_0129"", ""optimization_0072"", ""optimization_0205"", ""optimization_0130"", ""optimization_0161"", ""optimization_0014"", ""optimization_0153"", ""optimization_0078"", ""optimization_0199"", ""optimization_0136"", ""optimization_0227"", ""optimization_0026""]"
campaign,main,qwen3.8:27b/off,2,1,7,0,1accf81dc73f7ea03fa18e9b9788803ae7b06fd9e93610186151d69eabc94729,0.7384615384615385,"[""e303c49cd1fa443153b6bd1fe025f6928978887fe7956d4440469ab15cb3d80b"", ""1accf81dc73f7ea03fa18e9b9788803ae7b06fd9e93610186151d69eabc94729"", ""c281413355563a8a2f1319ef557f9d77bc1bd616c42c1ed390ddf6027cf29c03""]","[""optimization_0141"", ""optimization_0120"", ""optimization_0055"", ""optimization_0178"", ""optimization_0083"", ""optimization_0008"", ""optimization_0033"", ""optimization_0138"", ""optimization_0163"", ""optimization_0202"", ""optimization_0089"", ""optimization_0104"", ""optimization_0087"", ""optimization_0186"", ""optimization_0025"", ""optimization_0082"", ""optimization_0107"", ""optimization_0020"", ""optimization_0117"", ""optimization_0204"", ""optimization_0181"", ""optimization_0040"", ""optimization_0113"", ""optimization_0092""]"
campaign,main,granite4.2:30b/off,1,1,0,1,91218623b8e19545baf63be9848ea0056ac983352ee0fca4bcdf404853249943,0.365296803652968,"[""0080638c0f58d5b18e6db10f0327e0c85125dd7c1ea1ae311fd5ad96c05b3078"", ""b19c3047e6a26e0511ab973c62551bf68350c208cd371b43c011b4276b6b04a3"", ""91218623b8e19545baf63be9848ea0056ac983352ee0fca4bcdf404853249943""]","[""optimization_0219"", ""optimization_0000"", ""optimization_0121"", ""optimization_0034"", ""optimization_0221"", ""optimization_0200"", ""optimization_0099"", ""optimization_0024"", ""optimization_0169"", ""optimization_0094"", ""optimization_0155"", ""optimization_0176"", ""optimization_0063"", ""optimization_0048"", ""optimization_0031"", ""optimization_0118"", ""optimization_0215"", ""optimization_0122"", ""optimization_0105"", ""optimization_0096"", ""optimization_0085"", ""optimization_0220"", ""optimization_0119"", ""optimization_0218""]"
campaign,main,granite4.2:30b/off,1,1,1,1,aec51a9de33dd1f37b50a9d300bdde4a4fec30a6fc436d3aff6abd01054a1633,0.4,"[""91218623b8e19545baf63be9848ea0056ac983352ee0fca4bcdf404853249943"", ""988699cd2eabe5c6e986b158e78f6974b8b9879cbf3c5230905fec72309008fb"", ""aec51a9de33dd1f37b50a9d300bdde4a4fec30a6fc436d3aff6abd01054a1633""]","[""optimization_0093"", ""optimization_0174"", ""optimization_0115"", ""optimization_0214"", ""optimization_0209"", ""optimization_0080"", ""optimization_0237"", ""optimization_0210"", ""optimization_0229"", ""optimization_0160"", ""optimization_0191"", ""optimization_0032"", ""optimization_0111"", ""optimization_0180"", ""optimization_0157"", ""optimization_0076"", ""optimization_0143"", ""optimization_0116"", ""optimization_0069"", ""optimization_0150"", ""optimization_0067"", ""optimization_0022"", ""optimization_0125"", ""optimization_0002""]"
campaign,main,granite4.2:30b/off,1,1,2,1,99b5cc3684fe97275d96e4aea170942b3c64d5fd9c0021776086b8a717302dca,0.29850746268656714,"[""aec51a9de33dd1f37b50a9d300bdde4a4fec30a6fc436d3aff6abd01054a1633"", ""91111c6153b6af17bc10f94da90975b42e49274493cc331c7fe2f47c18c3bdf6"", ""99b5cc3684fe97275d96e4aea170942b3c64d5fd9c0021776086b8a717302dca""]","[""optimization_0207"", ""optimization_0084"", ""optimization_0013"", ""optimization_0070"", ""optimization_0071"", ""optimization_0056"", ""optimization_0183"", ""optimization_0108"", ""optimization_0175"", ""optimization_0100"", ""optimization_0203"", ""optimization_0134"", ""optimization_0009"", ""optimization_0198"", ""optimization_0109"", ""optimization_0190"", ""optimization_0137"", ""optimization_0146"", ""optimization_0201"", ""optimization_0162"", ""optimization_0091"", ""optimization_0148"", ""optimization_0053"", ""optimization_0062""]"
campaign,main,granite4.2:30b/off,1,1,3,0,b94ba6531792591942b11c4d967c7cc126d924ff5a3e62efd3cf1fc325cef563,0.45733788395904434,"[""99b5cc3684fe97275d96e4aea170942b3c64d5fd9c0021776086b8a717302dca"", ""b94ba6531792591942b11c4d967c7cc126d924ff5a3e62efd3cf1fc325cef563"", ""2584ca39acd48824c753342e8b59e8d1066aba3abfd3cea77adf1020d814155d""]","[""optimization_0135"", ""optimization_0144"", ""optimization_0133"", ""optimization_0058"", ""optimization_0077"", ""optimization_0140"", ""optimization_0231"", ""optimization_0030"", ""optimization_0073"", ""optimization_0232"", ""optimization_0065"", ""optimization_0236"", ""optimization_0177"", ""optimization_0042"", ""optimization_0079"", ""optimization_0052"", ""optimization_0011"", ""optimization_0188"", ""optimization_0051"", ""optimization_0192"", ""optimization_0139"", ""optimization_0184"", ""optimization_0167"", ""optimization_0110""]"
campaign,main,granite4.2:30b/off,1,1,4,-1,b94ba6531792591942b11c4d967c7cc126d924ff5a3e62efd3cf1fc325cef563,0.3737024221453287,"[""b94ba6531792591942b11c4d967c7cc126d924ff5a3e62efd3cf1fc325cef563"", ""8f4148499f033247e81de066f66c0688ebae6c3dbd43f7c70716ecee16e86649"", ""c6ea82de488fcec19349a358c7ce4853ff5562ceed624d947b9d2ff3c5013abe""]","[""optimization_0195"", ""optimization_0006"", ""optimization_0211"", ""optimization_0208"", ""optimization_0023"", ""optimization_0050"", ""optimization_0075"", ""optimization_0036"", ""optimization_0097"", ""optimization_0124"", ""optimization_0173"", ""optimization_0170"", ""optimization_0045"", ""optimization_0066"", ""optimization_0001"", ""optimization_0226"", ""optimization_0059"", ""optimization_0152"", ""optimization_0039"", ""optimization_0126"", ""optimization_0187"", ""optimization_0088"", ""optimization_0035"", ""optimization_0098""]"
campaign,main,granite4.2:30b/off,1,1,5,-1,b94ba6531792591942b11c4d967c7cc126d924ff5a3e62efd3cf1fc325cef563,0.1565217391304348,"[""b94ba6531792591942b11c4d967c7cc126d924ff5a3e62efd3cf1fc325cef563"", ""1cf0201c75013d057d0920597ec7b8a9492e14894f395179b643a564f8a00d0c"", ""c35faa67ff217df090f47b6d94147219b606ceb28ae617fac9815ee3acf0ba5a""]","[""optimization_0225"", ""optimization_0054"", ""optimization_0049"", ""optimization_0112"", ""optimization_0233"", ""optimization_0194"", ""optimization_0081"", ""optimization_0012"", ""optimization_0235"", ""optimization_0172"", ""optimization_0179"", ""optimization_0224"", ""optimization_0057"", ""optimization_0216"", ""optimization_0145"", ""optimization_0004"", ""optimization_0131"", ""optimization_0038"", ""optimization_0027"", ""optimization_0222"", ""optimization_0019"", ""optimization_0028"", ""optimization_0017"", ""optimization_0044""]"
campaign,main,granite4.2:30b/off,1,1,6,0,1483a75cd4450aed4c48b8107ef79c57e14f66a9129a72915b944936df436da1,0.41450777202072536,"[""b94ba6531792591942b11c4d967c7cc126d924ff5a3e62efd3cf1fc325cef563"", ""1483a75cd4450aed4c48b8107ef79c57e14f66a9129a72915b944936df436da1"", ""05e7d89263d97e36f60f0fe3cb8c0e8a77cde33583232a78f08d08967df3af1e""]","[""optimization_0159"", ""optimization_0234"", ""optimization_0103"", ""optimization_0064"", ""optimization_0101"", ""optimization_0230"", ""optimization_0015"", ""optimization_0168"", ""optimization_0007"", ""optimization_0166"", ""optimization_0047"", ""optimization_0086"", ""optimization_0129"", ""optimization_0072"", ""optimization_0205"", ""optimization_0130"", ""optimization_0161"", ""optimization_0014"", ""optimization_0153"", ""optimization_0078"", ""optimization_0199"", ""optimization_0136"", ""optimization_0227"", ""optimization_0026""]"
campaign,main,granite4.2:30b/off,1,1,7,-1,1483a75cd4450aed4c48b8107ef79c57e14f66a9129a72915b944936df436da1,0.55,"[""1483a75cd4450aed4c48b8107ef79c57e14f66a9129a72915b944936df436da1"", ""9ef98dce34c6951388c04d9cef0524b60bec9974e0f8488da18b04da7ae6344a"", ""77fc6de833f4fbf86a43ddde45c63c3c04bd1fb05e271132d78c251d49aeae05""]","[""optimization_0141"", ""optimization_0120"", ""optimization_0055"", ""optimization_0178"", ""optimization_0083"", ""optimization_0008"", ""optimization_0033"", ""optimization_0138"", ""optimization_0163"", ""optimization_0202"", ""optimization_0089"", ""optimization_0104"", ""optimization_0087"", ""optimization_0186"", ""optimization_0025"", ""optimization_0082"", ""optimization_0107"", ""optimization_0020"", ""optimization_0117"", ""optimization_0204"", ""optimization_0181"", ""optimization_0040"", ""optimization_0113"", ""optimization_0092""]"
campaign,main,qwen3.8:27b/off,1,1,0,1,32ae7a67b1a5a630a1ccd01c71eb2538d3bfdbd8415c1b1d700a9abea979a7f2,0.8313253012048193,"[""0080638c0f58d5b18e6db10f0327e0c85125dd7c1ea1ae311fd5ad96c05b3078"", ""db4846cf1feed8f97d3d512b9d6030ec396344788e8e6b4130d8666f66d58a69"", ""32ae7a67b1a5a630a1ccd01c71eb2538d3bfdbd8415c1b1d700a9abea979a7f2""]","[""optimization_0219"", ""optimization_0000"", ""optimization_0121"", ""optimization_0034"", ""optimization_0221"", ""optimization_0200"", ""optimization_0099"", ""optimization_0024"", ""optimization_0169"", ""optimization_0094"", ""optimization_0155"", ""optimization_0176"", ""optimization_0063"", ""optimization_0048"", ""optimization_0031"", ""optimization_0118"", ""optimization_0215"", ""optimization_0122"", ""optimization_0105"", ""optimization_0096"", ""optimization_0085"", ""optimization_0220"", ""optimization_0119"", ""optimization_0218""]"
campaign,main,qwen3.8:27b/off,1,1,1,1,9a7a0858adcd2b81debfe60c78d86ed520b0ccdf678d91fb39a4b9c55be79a60,0.7453416149068323,"[""32ae7a67b1a5a630a1ccd01c71eb2538d3bfdbd8415c1b1d700a9abea979a7f2"", ""0b025fb86545e50c398bb7a82e4d8d6ff685687fc98acc149a577654a643da42"", ""9a7a0858adcd2b81debfe60c78d86ed520b0ccdf678d91fb39a4b9c55be79a60""]","[""optimization_0093"", ""optimization_0174"", ""optimization_0115"", ""optimization_0214"", ""optimization_0209"", ""optimization_0080"", ""optimization_0237"", ""optimization_0210"", ""optimization_0229"", ""optimization_0160"", ""optimization_0191"", ""optimization_0032"", ""optimization_0111"", ""optimization_0180"", ""optimization_0157"", ""optimization_0076"", ""optimization_0143"", ""optimization_0116"", ""optimization_0069"", ""optimization_0150"", ""optimization_0067"", ""optimization_0022"", ""optimization_0125"", ""optimization_0002""]"
campaign,main,qwen3.8:27b/off,1,1,2,0,ab20fcceb6c8a5ad975d4ab814b4c8399bccba17599a37cb3663cce251349044,0.7305389221556886,"[""9a7a0858adcd2b81debfe60c78d86ed520b0ccdf678d91fb39a4b9c55be79a60"", ""ab20fcceb6c8a5ad975d4ab814b4c8399bccba17599a37cb3663cce251349044"", ""0c95e2b6d9836f4b89740229ad7c18316b5cd0d7cc7d26f1a14aec7e9d4f6520""]","[""optimization_0207"", ""optimization_0084"", ""optimization_0013"", ""optimization_0070"", ""optimization_0071"", ""optimization_0056"", ""optimization_0183"", ""optimization_0108"", ""optimization_0175"", ""optimization_0100"", ""optimization_0203"", ""optimization_0134"", ""optimization_0009"", ""optimization_0198"", ""optimization_0109"", ""optimization_0190"", ""optimization_0137"", ""optimization_0146"", ""optimization_0201"", ""optimization_0162"", ""optimization_0091"", ""optimization_0148"", ""optimization_0053"", ""optimization_0062""]"
campaign,main,qwen3.8:27b/off,1,1,3,1,7e77e2bcf92e160fa4ebd71180e2fb36a605f4ed248821197086819b7688d83a,0.7368421052631579,"[""ab20fcceb6c8a5ad975d4ab814b4c8399bccba17599a37cb3663cce251349044"", ""984cdf75f7ad68898775b2a2324c296f68a11e299ba039c95819af2b93619494"", ""7e77e2bcf92e160fa4ebd71180e2fb36a605f4ed248821197086819b7688d83a""]","[""optimization_0135"", ""optimization_0144"", ""optimization_0133"", ""optimization_0058"", ""optimization_0077"", ""optimization_0140"", ""optimization_0231"", ""optimization_0030"", ""optimization_0073"", ""optimization_0232"", ""optimization_0065"", ""optimization_0236"", ""optimization_0177"", ""optimization_0042"", ""optimization_0079"", ""optimization_0052"", ""optimization_0011"", ""optimization_0188"", ""optimization_0051"", ""optimization_0192"", ""optimization_0139"", ""optimization_0184"", ""optimization_0167"", ""optimization_0110""]"
campaign,main,qwen3.8:27b/off,1,1,4,-1,7e77e2bcf92e160fa4ebd71180e2fb36a605f4ed248821197086819b7688d83a,0.7329192546583851,"[""7e77e2bcf92e160fa4ebd71180e2fb36a605f4ed248821197086819b7688d83a"", ""f5c68f8fcc316305092c8fc2106ed3e00e482831e1b7c6e7cfb916c1a453c882"", ""2262603b5784604d6b8bff250ac195857d002799016e950fcbb639a0f4c048b2""]","[""optimization_0195"", ""optimization_0006"", ""optimization_0211"", ""optimization_0208"", ""optimization_0023"", ""optimization_0050"", ""optimization_0075"", ""optimization_0036"", ""optimization_0097"", ""optimization_0124"", ""optimization_0173"", ""optimization_0170"", ""optimization_0045"", ""optimization_0066"", ""optimization_0001"", ""optimization_0226"", ""optimization_0059"", ""optimization_0152"", ""optimization_0039"", ""optimization_0126"", ""optimization_0187"", ""optimization_0088"", ""optimization_0035"", ""optimization_0098""]"
campaign,main,qwen3.8:27b/off,1,1,5,0,b7077d5ffd596c6aee3c1306b461eea8631782b10813240eb299146253fb3272,0.5825242718446602,"[""7e77e2bcf92e160fa4ebd71180e2fb36a605f4ed248821197086819b7688d83a"", ""b7077d5ffd596c6aee3c1306b461eea8631782b10813240eb299146253fb3272"", ""6dbdf129600486cd4b3acf81ac85387ec683d0c194d4df28aab3e6fc36eedbba""]","[""optimization_0225"", ""optimization_0054"", ""optimization_0049"", ""optimization_0112"", ""optimization_0233"", ""optimization_0194"", ""optimization_0081"", ""optimization_0012"", ""optimization_0235"", ""optimization_0172"", ""optimization_0179"", ""optimization_0224"", ""optimization_0057"", ""optimization_0216"", ""optimization_0145"", ""optimization_0004"", ""optimization_0131"", ""optimization_0038"", ""optimization_0027"", ""optimization_0222"", ""optimization_0019"", ""optimization_0028"", ""optimization_0017"", ""optimization_0044""]"
campaign,main,qwen3.8:27b/off,1,1,6,1,7d95d41e1fad5bcca89d2741e96cb37d5600d727472c685040e463775017a411,0.7586206896551724,"[""b7077d5ffd596c6aee3c1306b461eea8631782b10813240eb299146253fb3272"", ""9c8999e7bbc9806f56e0b863f7de08e39520662322e7fe1d460601e265d00e6a"", ""7d95d41e1fad5bcca89d2741e96cb37d5600d727472c685040e463775017a411""]","[""optimization_0159"", ""optimization_0234"", ""optimization_0103"", ""optimization_0064"", ""optimization_0101"", ""optimization_0230"", ""optimization_0015"", ""optimization_0168"", ""optimization_0007"", ""optimization_0166"", ""optimization_0047"", ""optimization_0086"", ""optimization_0129"", ""optimization_0072"", ""optimization_0205"", ""optimization_0130"", ""optimization_0161"", ""optimization_0014"", ""optimization_0153"", ""optimization_0078"", ""optimization_0199"", ""optimization_0136"", ""optimization_0227"", ""optimization_0026""]"
campaign,main,qwen3.8:27b/off,1,1,7,0,88ebb78860eedceb71b94cea293ae66c44dd3d6c50a5fa137a8b2179788302c6,0.775,"[""7d95d41e1fad5bcca89d2741e96cb37d5600d727472c685040e463775017a411"", ""88ebb78860eedceb71b94cea293ae66c44dd3d6c50a5fa137a8b2179788302c6"", ""c27576235f018c26e1f65db7e1138922634a5e75c1d1f37952a08376ea1f4294""]","[""optimization_0141"", ""optimization_0120"", ""optimization_0055"", ""optimization_0178"", ""optimization_0083"", ""optimization_0008"", ""optimization_0033"", ""optimization_0138"", ""optimization_0163"", ""optimization_0202"", ""optimization_0089"", ""optimization_0104"", ""optimization_0087"", ""optimization_0186"", ""optimization_0025"", ""optimization_0082"", ""optimization_0107"", ""optimization_0020"", ""optimization_0117"", ""optimization_0204"", ""optimization_0181"", ""optimization_0040"", ""optimization_0113"", ""optimization_0092""]"
campaign,main,qwen3.8:27b/off,1,4,0,-1,0080638c0f58d5b18e6db10f0327e0c85125dd7c1ea1ae311fd5ad96c05b3078,0.7906976744186046,"[""0080638c0f58d5b18e6db10f0327e0c85125dd7c1ea1ae311fd5ad96c05b3078"", ""db776991b91d689f6f8ce3531b7cd28415882ed34b0056b12a51df21c9e3ac9d"", ""e982a2f66e40703e59a0db0f9b647605773d0cbc8a6d317d7dd853a76973218c""]","[""optimization_0165"", ""optimization_0120"", ""optimization_0091"", ""optimization_0178"", ""optimization_0191"", ""optimization_0206"", ""optimization_0045"", ""optimization_0156"", ""optimization_0145"", ""optimization_0016"", ""optimization_0107"", ""optimization_0152"", ""optimization_0057"", ""optimization_0216"", ""optimization_0115"", ""optimization_0046"", ""optimization_0239"", ""optimization_0188"", ""optimization_0159"", ""optimization_0114"", ""optimization_0103"", ""optimization_0184"", ""optimization_0149"", ""optimization_0086""]"
campaign,main,qwen3.8:27b/off,1,4,1,1,f03e49a5798ab2a207e18ffcdc61869fb18e0f04d176d88e07a0fef24f4df037,0.8533333333333334,"[""0080638c0f58d5b18e6db10f0327e0c85125dd7c1ea1ae311fd5ad96c05b3078"", ""0a511724da1a807c700e47606acd3f86c6c9522adb76ea30611bcdfddc9085e4"", ""f03e49a5798ab2a207e18ffcdc61869fb18e0f04d176d88e07a0fef24f4df037""]","[""optimization_0123"", ""optimization_0204"", ""optimization_0181"", ""optimization_0034"", ""optimization_0095"", ""optimization_0104"", ""optimization_0093"", ""optimization_0234"", ""optimization_0097"", ""optimization_0112"", ""optimization_0137"", ""optimization_0026"", ""optimization_0177"", ""optimization_0012"", ""optimization_0019"", ""optimization_0058"", ""optimization_0005"", ""optimization_0236"", ""optimization_0039"", ""optimization_0096"", ""optimization_0061"", ""optimization_0124"", ""optimization_0173"", ""optimization_0050""]"
campaign,main,qwen3.8:27b/off,1,4,2,-1,f03e49a5798ab2a207e18ffcdc61869fb18e0f04d176d88e07a0fef24f4df037,0.6428571428571429,"[""f03e49a5798ab2a207e18ffcdc61869fb18e0f04d176d88e07a0fef24f4df037"", ""65d8a584d456c149a9fb4e72a81976a9868bb4add53403f6881a39e4daafa53c"", ""2825b246705cd9c74dc69da652c0dfaa45d17dfa570f88ba93a63eca9430a9f1""]","[""optimization_0015"", ""optimization_0198"", ""optimization_0199"", ""optimization_0172"", ""optimization_0215"", ""optimization_0020"", ""optimization_0087"", ""optimization_0054"", ""optimization_0187"", ""optimization_0028"", ""optimization_0185"", ""optimization_0230"", ""optimization_0207"", ""optimization_0126"", ""optimization_0121"", ""optimization_0010"", ""optimization_0101"", ""optimization_0146"", ""optimization_0033"", ""optimization_0000"", ""optimization_0235"", ""optimization_0208"", ""optimization_0017"", ""optimization_0140""]"
campaign,main,qwen3.8:27b/off,1,4,3,0,1e28171576be4b75603a4d8a6d6ad7412e6913fc20916c6d0b561477ab759df3,0.7763157894736842,"[""f03e49a5798ab2a207e18ffcdc61869fb18e0f04d176d88e07a0fef24f4df037"", ""1e28171576be4b75603a4d8a6d6ad7412e6913fc20916c6d0b561477ab759df3"", ""132f2e398ea9ad66d6a8ecfba5751df3859ec9ed01453399300b495f4dc84999""]","[""optimization_0219"", ""optimization_0084"", ""optimization_0229"", ""optimization_0142"", ""optimization_0047"", ""optimization_0014"", ""optimization_0189"", ""optimization_0162"", ""optimization_0205"", ""optimization_0214"", ""optimization_0197"", ""optimization_0068"", ""optimization_0141"", ""optimization_0060"", ""optimization_0037"", ""optimization_0004"", ""optimization_0035"", ""optimization_0122"", ""optimization_0027"", ""optimization_0132"", ""optimization_0169"", ""optimization_0136"", ""optimization_0227"", ""optimization_0134""]"
campaign,main,qwen3.8:27b/off,1,4,4,0,40ea1bf1fdde5c5dce7add812e523c33a65fa03f1bed90415ed880ff9901dab7,0.7866666666666666,"[""1e28171576be4b75603a4d8a6d6ad7412e6913fc20916c6d0b561477ab759df3"", ""40ea1bf1fdde5c5dce7add812e523c33a65fa03f1bed90415ed880ff9901dab7"", ""6129a1b14dcd6102415b1822fa9a8ac40270941725a9702811bd4556e873894f""]","[""optimization_0201"", ""optimization_0078"", ""optimization_0007"", ""optimization_0226"", ""optimization_0131"", ""optimization_0212"", ""optimization_0213"", ""optimization_0222"", ""optimization_0127"", ""optimization_0052"", ""optimization_0125"", ""optimization_0062"", ""optimization_0135"", ""optimization_0090"", ""optimization_0055"", ""optimization_0094"", ""optimization_0179"", ""optimization_0116"", ""optimization_0021"", ""optimization_0210"", ""optimization_0043"", ""optimization_0022"", ""optimization_0113"", ""optimization_0056""]"
campaign,main,qwen3.8:27b/off,1,4,5,-1,40ea1bf1fdde5c5dce7add812e523c33a65fa03f1bed90415ed880ff9901dab7,0.8404255319148937,"[""40ea1bf1fdde5c5dce7add812e523c33a65fa03f1bed90415ed880ff9901dab7"", ""034984a10b122791a0aff332e29ca85f6681ec8bd255ed7e14dbab1effc17c71"", ""d39ffc2f74ff333cc7753e2499eb518d12f8f9dec6e30bffc609a20b41fb81f4""]","[""optimization_0081"", ""optimization_0192"", ""optimization_0025"", ""optimization_0160"", ""optimization_0161"", ""optimization_0074"", ""optimization_0075"", ""optimization_0180"", ""optimization_0067"", ""optimization_0118"", ""optimization_0119"", ""optimization_0170"", ""optimization_0147"", ""optimization_0072"", ""optimization_0073"", ""optimization_0154"", ""optimization_0167"", ""optimization_0038"", ""optimization_0063"", ""optimization_0186"", ""optimization_0085"", ""optimization_0040"", ""optimization_0011"", ""optimization_0002""]"
campaign,main,qwen3.8:27b/off,1,4,6,-1,40ea1bf1fdde5c5dce7add812e523c33a65fa03f1bed90415ed880ff9901dab7,0.7230769230769231,"[""40ea1bf1fdde5c5dce7add812e523c33a65fa03f1bed90415ed880ff9901dab7"", ""5021d6e0bb709b4f47e4efe46030d9331ef32f9dacf48cc8e3d4f15deb3c3f5c"", ""bf1fb1c3ae70a43148af132e8c153ea734d66918cb05a2437051c5fb93f070e1""]","[""optimization_0069"", ""optimization_0138"", ""optimization_0013"", ""optimization_0064"", ""optimization_0041"", ""optimization_0200"", ""optimization_0183"", ""optimization_0168"", ""optimization_0031"", ""optimization_0190"", ""optimization_0143"", ""optimization_0080"", ""optimization_0099"", ""optimization_0102"", ""optimization_0157"", ""optimization_0166"", ""optimization_0059"", ""optimization_0218"", ""optimization_0051"", ""optimization_0108"", ""optimization_0175"", ""optimization_0130"", ""optimization_0023"", ""optimization_0128""]"
campaign,main,qwen3.8:27b/off,1,4,7,1,65cda6a47a5e0c5e9bd7615bca9e10c855e3acc5d610c5cd44c4ba50ab257f52,0.696969696969697,"[""40ea1bf1fdde5c5dce7add812e523c33a65fa03f1bed90415ed880ff9901dab7"", ""072a90998c98d416eeb1e5b7a225d4a680de80d95aefea592fb3e280ab532fc5"", ""65cda6a47a5e0c5e9bd7615bca9e10c855e3acc5d610c5cd44c4ba50ab257f52""]","[""optimization_0237"", ""optimization_0036"", ""optimization_0133"", ""optimization_0082"", ""optimization_0053"", ""optimization_0158"", ""optimization_0195"", ""optimization_0006"", ""optimization_0193"", ""optimization_0076"", ""optimization_0233"", ""optimization_0224"", ""optimization_0105"", ""optimization_0042"", ""optimization_0139"", ""optimization_0196"", ""optimization_0029"", ""optimization_0176"", ""optimization_0129"", ""optimization_0030"", ""optimization_0211"", ""optimization_0148"", ""optimization_0071"", ""optimization_0110""]"
campaign,main,qwen3.8:27b/off,1,3,0,-1,0080638c0f58d5b18e6db10f0327e0c85125dd7c1ea1ae311fd5ad96c05b3078,0.7361111111111112,"[""0080638c0f58d5b18e6db10f0327e0c85125dd7c1ea1ae311fd5ad96c05b3078"", ""9aaeb68262011265bfb4eed427dd14a65efc0cbcdede2019d753918bb078a7fc"", ""59481cc972f753654738824615199c77fe9f47161ec5ef3a24a2dc32e6902eda""]","[""optimization_0069"", ""optimization_0054"", ""optimization_0067"", ""optimization_0124"", ""optimization_0107"", ""optimization_0062"", ""optimization_0135"", ""optimization_0204"", ""optimization_0223"", ""optimization_0112"", ""optimization_0215"", ""optimization_0086"", ""optimization_0231"", ""optimization_0036"", ""optimization_0175"", ""optimization_0064"", ""optimization_0131"", ""optimization_0146"", ""optimization_0057"", ""optimization_0102"", ""optimization_0025"", ""optimization_0040"", ""optimization_0179"", ""optimization_0134""]"
campaign,main,qwen3.8:27b/off,1,3,1,0,95ff0a7cc49915dcd792bc7c2045c32bb6127de2ee9c3149a0670fc74fee8318,0.5742574257425742,"[""0080638c0f58d5b18e6db10f0327e0c85125dd7c1ea1ae311fd5ad96c05b3078"", ""95ff0a7cc49915dcd792bc7c2045c32bb6127de2ee9c3149a0670fc74fee8318"", ""796f112a3156055ad006460686bd5e842852ef527f6f71b50c1fbd1d1da37416""]","[""optimization_0165"", ""optimization_0090"", ""optimization_0073"", ""optimization_0004"", ""optimization_0053"", ""optimization_0128"", ""optimization_0021"", ""optimization_0048"", ""optimization_0127"", ""optimization_0010"", ""optimization_0095"", ""optimization_0122"", ""optimization_0093"", ""optimization_0186"", ""optimization_0085"", ""optimization_0238"", ""optimization_0023"", ""optimization_0050"", ""optimization_0141"", ""optimization_0108"", ""optimization_0139"", ""optimization_0100"", ""optimization_0221"", ""optimization_0194""]"
campaign,main,qwen3.8:27b/off,1,3,2,-1,95ff0a7cc49915dcd792bc7c2045c32bb6127de2ee9c3149a0670fc74fee8318,0.784,"[""95ff0a7cc49915dcd792bc7c2045c32bb6127de2ee9c3149a0670fc74fee8318"", ""8f6f7acd54e87a1d8c814353491fa6d804cf8b9b0c4fcf2609b77608cfd5b5e4"", ""e324eebfb3fac6a630d0b66ecad772096146ec8c0a966060c71eac067297a7a9""]","[""optimization_0237"", ""optimization_0012"", ""optimization_0043"", ""optimization_0178"", ""optimization_0077"", ""optimization_0140"", ""optimization_0129"", ""optimization_0180"", ""optimization_0133"", ""optimization_0022"", ""optimization_0203"", ""optimization_0098"", ""optimization_0027"", ""optimization_0006"", ""optimization_0001"", ""optimization_0160"", ""optimization_0005"", ""optimization_0080"", ""optimization_0189"", ""optimization_0132"", ""optimization_0097"", ""optimization_0220"", ""optimization_0065"", ""optimization_0152""]"
campaign,main,qwen3.8:27b/off,1,3,3,0,ad6f3dba275a38ab42973d23dbfb5d6905f34a40a64f7b54bcb18276c1736e40,0.8311688311688312,"[""95ff0a7cc49915dcd792bc7c2045c32bb6127de2ee9c3149a0670fc74fee8318"", ""ad6f3dba275a38ab42973d23dbfb5d6905f34a40a64f7b54bcb18276c1736e40"", ""61c5985ae104ef06e4d9ea5a423255f21315eaa2b8bd1c608b88fe60234789ca""]","[""optimization_0207"", ""optimization_0222"", ""optimization_0013"", ""optimization_0028"", ""optimization_0089"", ""optimization_0218"", ""optimization_0063"", ""optimization_0066"", ""optimization_0103"", ""optimization_0166"", ""optimization_0233"", ""optimization_0074"", ""optimization_0009"", ""optimization_0072"", ""optimization_0193"", ""optimization_0052"", ""optimization_0059"", ""optimization_0164"", ""optimization_0219"", ""optimization_0000"", ""optimization_0235"", ""optimization_0136"", ""optimization_0173"", ""optimization_0182""]"
campaign,main,qwen3.8:27b/off,1,3,4,1,f6182e2b65f08688bede5c92928657abaf269b6afbd506fe4fbfefaa7a1b1c76,0.6363636363636364,"[""ad6f3dba275a38ab42973d23dbfb5d6905f34a40a64f7b54bcb18276c1736e40"", ""6e8681f2be79aa831280359cf285bf5c3551803ade169eacfcb49e5ce418060f"", ""f6182e2b65f08688bede5c92928657abaf269b6afbd506fe4fbfefaa7a1b1c76""]","[""optimization_0147"", ""optimization_0156"", ""optimization_0163"", ""optimization_0202"", ""optimization_0149"", ""optimization_0056"", ""optimization_0075"", ""optimization_0030"", ""optimization_0205"", ""optimization_0232"", ""optimization_0155"", ""optimization_0104"", ""optimization_0111"", ""optimization_0114"", ""optimization_0055"", ""optimization_0094"", ""optimization_0029"", ""optimization_0230"", ""optimization_0039"", ""optimization_0162"", ""optimization_0211"", ""optimization_0142"", ""optimization_0185"", ""optimization_0200""]"
campaign,main,qwen3.8:27b/off,1,3,5,1,1d599566bd4ce25dfe0efcacd4de7c9bd71d71f3f870c50fe811bbc433aabf37,0.6101694915254238,"[""f6182e2b65f08688bede5c92928657abaf269b6afbd506fe4fbfefaa7a1b1c76"", ""f6182e2b65f08688bede5c92928657abaf269b6afbd506fe4fbfefaa7a1b1c76"", ""1d599566bd4ce25dfe0efcacd4de7c9bd71d71f3f870c50fe811bbc433aabf37""]","[""optimization_0003"", ""optimization_0138"", ""optimization_0181"", ""optimization_0088"", ""optimization_0011"", ""optimization_0026"", ""optimization_0033"", ""optimization_0060"", ""optimization_0157"", ""optimization_0016"", ""optimization_0125"", ""optimization_0212"", ""optimization_0015"", ""optimization_0210"", ""optimization_0121"", ""optimization_0148"", ""optimization_0239"", ""optimization_0014"", ""optimization_0159"", ""optimization_0126"", ""optimization_0217"", ""optimization_0058"", ""optimization_0191"", ""optimization_0158""]"
campaign,main,qwen3.8:27b/off,1,3,6,-1,1d599566bd4ce25dfe0efcacd4de7c9bd71d71f3f870c50fe811bbc433aabf37,0.7215189873417721,"[""1d599566bd4ce25dfe0efcacd4de7c9bd71d71f3f870c50fe811bbc433aabf37"", ""e1ad9a2d78cee44b4babcd24bcd5cfa92447159968277c4894804433d10f9f27"", ""eea332e9a758e565e586fc198ac00e5385d1d38cce8c987e4035d54221431190""]","[""optimization_0225"", ""optimization_0078"", ""optimization_0031"", ""optimization_0082"", ""optimization_0035"", ""optimization_0002"", ""optimization_0105"", ""optimization_0120"", ""optimization_0229"", ""optimization_0070"", ""optimization_0197"", ""optimization_0116"", ""optimization_0171"", ""optimization_0168"", ""optimization_0061"", ""optimization_0154"", ""optimization_0047"", ""optimization_0020"", ""optimization_0153"", ""optimization_0234"", ""optimization_0151"", ""optimization_0076"", ""optimization_0209"", ""optimization_0188""]"
campaign,main,qwen3.8:27b/off,1,3,7,-1,1d599566bd4ce25dfe0efcacd4de7c9bd71d71f3f870c50fe811bbc433aabf37,0.7737226277372263,"[""1d599566bd4ce25dfe0efcacd4de7c9bd71d71f3f870c50fe811bbc433aabf37"", ""a25f5b3fde9040306e0785d4b312fec59f3d14234c336d114f4f5e87fbf4bab6"", ""2597f43ecd7ffc4041e512455a2c4bb725e4878a390a2c7d7581afde73fb1a96""]","[""optimization_0201"", ""optimization_0096"", ""optimization_0169"", ""optimization_0034"", ""optimization_0143"", ""optimization_0038"", ""optimization_0087"", ""optimization_0192"", ""optimization_0109"", ""optimization_0214"", ""optimization_0071"", ""optimization_0068"", ""optimization_0117"", ""optimization_0024"", ""optimization_0007"", ""optimization_0106"", ""optimization_0083"", ""optimization_0224"", ""optimization_0045"", ""optimization_0018"", ""optimization_0049"", ""optimization_0208"", ""optimization_0113"", ""optimization_0110""]"
campaign,main,granite4.2:30b/off,2,4,0,1,36320f4c2ecf05d66b169fc7f166096eeb623208b75d46d9e58aee5f0ad2cf24,0.36363636363636365,"[""0080638c0f58d5b18e6db10f0327e0c85125dd7c1ea1ae311fd5ad96c05b3078"", ""6af871094e66d099fe9bc8071a242057abe5085476376a38276a8eb663f774f4"", ""36320f4c2ecf05d66b169fc7f166096eeb623208b75d46d9e58aee5f0ad2cf24""]","[""optimization_0165"", ""optimization_0120"", ""optimization_0091"", ""optimization_0178"", ""optimization_0191"", ""optimization_0206"", ""optimization_0045"", ""optimization_0156"", ""optimization_0145"", ""optimization_0016"", ""optimization_0107"", ""optimization_0152"", ""optimization_0057"", ""optimization_0216"", ""optimization_0115"", ""optimization_0046"", ""optimization_0239"", ""optimization_0188"", ""optimization_0159"", ""optimization_0114"", ""optimization_0103"", ""optimization_0184"", ""optimization_0149"", ""optimization_0086""]"
campaign,main,granite4.2:30b/off,2,4,1,-1,36320f4c2ecf05d66b169fc7f166096eeb623208b75d46d9e58aee5f0ad2cf24,0.302158273381295,"[""36320f4c2ecf05d66b169fc7f166096eeb623208b75d46d9e58aee5f0ad2cf24"", ""beee7bc7028e1f079bc5479a0c29d9e99139131897bc2f43c8688ff5f6fce5de"", ""3b89e27f5593327a012bde964b9d800adece1275b8e4845bb9a39548eeb3c51e""]","[""optimization_0123"", ""optimization_0204"", ""optimization_0181"", ""optimization_0034"", ""optimization_0095"", ""optimization_0104"", ""optimization_0093"", ""optimization_0234"", ""optimization_0097"", ""optimization_0112"", ""optimization_0137"", ""optimization_0026"", ""optimization_0177"", ""optimization_0012"", ""optimization_0019"", ""optimization_0058"", ""optimization_0005"", ""optimization_0236"", ""optimization_0039"", ""optimization_0096"", ""optimization_0061"", ""optimization_0124"", ""optimization_0173"", ""optimization_0050""]"
campaign,main,granite4.2:30b/off,2,4,2,1,9cd24755b8cd61229d47918f052dbb7cd3dd48d182fcdae606a6cc32d48884f1,0.1984732824427481,"[""36320f4c2ecf05d66b169fc7f166096eeb623208b75d46d9e58aee5f0ad2cf24"", ""608921cc1348d705524b08d72543b28f4f133ac2dd34b287a4fb4827e711ffac"", ""9cd24755b8cd61229d47918f052dbb7cd3dd48d182fcdae606a6cc32d48884f1""]","[""optimization_0015"", ""optimization_0198"", ""optimization_0199"", ""optimization_0172"", ""optimization_0215"", ""optimization_0020"", ""optimization_0087"", ""optimization_0054"", ""optimization_0187"", ""optimization_0028"", ""optimization_0185"", ""optimization_0230"", ""optimization_0207"", ""optimization_0126"", ""optimization_0121"", ""optimization_0010"", ""optimization_0101"", ""optimization_0146"", ""optimization_0033"", ""optimization_0000"", ""optimization_0235"", ""optimization_0208"", ""optimization_0017"", ""optimization_0140""]"
campaign,main,granite4.2:30b/off,2,4,3,-1,9cd24755b8cd61229d47918f052dbb7cd3dd48d182fcdae606a6cc32d48884f1,0.3262411347517731,"[""9cd24755b8cd61229d47918f052dbb7cd3dd48d182fcdae606a6cc32d48884f1"", ""ffa71fa2d3555aa0b04516e5605ea3a915a295ab0e81d5cb766392aa05455c66"", ""bd4e96bfee1150c3801cf9cdeed8aa49f0fa7bdf6d82638e16692a5e85c71121""]","[""optimization_0219"", ""optimization_0084"", ""optimization_0229"", ""optimization_0142"", ""optimization_0047"", ""optimization_0014"", ""optimization_0189"", ""optimization_0162"", ""optimization_0205"", ""optimization_0214"", ""optimization_0197"", ""optimization_0068"", ""optimization_0141"", ""optimization_0060"", ""optimization_0037"", ""optimization_0004"", ""optimization_0035"", ""optimization_0122"", ""optimization_0027"", ""optimization_0132"", ""optimization_0169"", ""optimization_0136"", ""optimization_0227"", ""optimization_0134""]"
campaign,main,granite4.2:30b/off,2,4,4,-1,9cd24755b8cd61229d47918f052dbb7cd3dd48d182fcdae606a6cc32d48884f1,0.40993788819875776,"[""9cd24755b8cd61229d47918f052dbb7cd3dd48d182fcdae606a6cc32d48884f1"", ""c8ea90e13604eb64e76f925ad3df520f8021db46a8ef7ad35a044d13aaf1d56b"", ""6ec94aaf0ab824b50489355080fd43f7c6bb320b9176af154bf19980f0640349""]","[""optimization_0201"", ""optimization_0078"", ""optimization_0007"", ""optimization_0226"", ""optimization_0131"", ""optimization_0212"", ""optimization_0213"", ""optimization_0222"", ""optimization_0127"", ""optimization_0052"", ""optimization_0125"", ""optimization_0062"", ""optimization_0135"", ""optimization_0090"", ""optimization_0055"", ""optimization_0094"", ""optimization_0179"", ""optimization_0116"", ""optimization_0021"", ""optimization_0210"", ""optimization_0043"", ""optimization_0022"", ""optimization_0113"", ""optimization_0056""]"
campaign,main,granite4.2:30b/off,2,4,5,-1,9cd24755b8cd61229d47918f052dbb7cd3dd48d182fcdae606a6cc32d48884f1,0.4976958525345622,"[""9cd24755b8cd61229d47918f052dbb7cd3dd48d182fcdae606a6cc32d48884f1"", ""520f5f8db7dae056472fee8e79412e3f37b2e0a4e03cbd78bd04fca2a15db1f2"", ""924fb3702f9758e448d06e1cfe4c798581a8618fd024e28679ab1cbb72385289""]","[""optimization_0081"", ""optimization_0192"", ""optimization_0025"", ""optimization_0160"", ""optimization_0161"", ""optimization_0074"", ""optimization_0075"", ""optimization_0180"", ""optimization_0067"", ""optimization_0118"", ""optimization_0119"", ""optimization_0170"", ""optimization_0147"", ""optimization_0072"", ""optimization_0073"", ""optimization_0154"", ""optimization_0167"", ""optimization_0038"", ""optimization_0063"", ""optimization_0186"", ""optimization_0085"", ""optimization_0040"", ""optimization_0011"", ""optimization_0002""]"
campaign,main,granite4.2:30b/off,2,4,6,-1,9cd24755b8cd61229d47918f052dbb7cd3dd48d182fcdae606a6cc32d48884f1,0.2,"[""9cd24755b8cd61229d47918f052dbb7cd3dd48d182fcdae606a6cc32d48884f1"", ""71d3bd8e29a5d0ddee9e38474a1ea053321af1ccdc0e79e57bd3f2431610dd50"", ""31a3da9c832ae7a1a9ab7e99ae06947ab6cab867e93500453436c230c765eb2e""]","[""optimization_0069"", ""optimization_0138"", ""optimization_0013"", ""optimization_0064"", ""optimization_0041"", ""optimization_0200"", ""optimization_0183"", ""optimization_0168"", ""optimization_0031"", ""optimization_0190"", ""optimization_0143"", ""optimization_0080"", ""optimization_0099"", ""optimization_0102"", ""optimization_0157"", ""optimization_0166"", ""optimization_0059"", ""optimization_0218"", ""optimization_0051"", ""optimization_0108"", ""optimization_0175"", ""optimization_0130"", ""optimization_0023"", ""optimization_0128""]"
campaign,main,granite4.2:30b/off,2,4,7,-1,9cd24755b8cd61229d47918f052dbb7cd3dd48d182fcdae606a6cc32d48884f1,0.4740740740740741,"[""9cd24755b8cd61229d47918f052dbb7cd3dd48d182fcdae606a6cc32d48884f1"", ""0b27fc32187836619a9fe3af61f6023506e2c8015eaf2db0013afa2df94066b8"", ""9cd24755b8cd61229d47918f052dbb7cd3dd48d182fcdae606a6cc32d48884f1""]","[""optimization_0237"", ""optimization_0036"", ""optimization_0133"", ""optimization_0082"", ""optimization_0053"", ""optimization_0158"", ""optimization_0195"", ""optimization_0006"", ""optimization_0193"", ""optimization_0076"", ""optimization_0233"", ""optimization_0224"", ""optimization_0105"", ""optimization_0042"", ""optimization_0139"", ""optimization_0196"", ""optimization_0029"", ""optimization_0176"", ""optimization_0129"", ""optimization_0030"", ""optimization_0211"", ""optimization_0148"", ""optimization_0071"", ""optimization_0110""]"
campaign,reference,qwen3.8:27b/off,2,2,0,-1,0080638c0f58d5b18e6db10f0327e0c85125dd7c1ea1ae311fd5ad96c05b3078,0.7073170731707317,"[""0080638c0f58d5b18e6db10f0327e0c85125dd7c1ea1ae311fd5ad96c05b3078"", ""0c369ea8bedf477355983c61f8f2f5f28c2ea87b5d7f116044c6b5b8685f3b48"", ""8b4e542c270156e326c96a2988ba721b1b76f0876088f3371c865dbe48dc43ba""]","[""optimization_0003"", ""optimization_0078"", ""optimization_0163"", ""optimization_0232"", ""optimization_0053"", ""optimization_0122"", ""optimization_0183"", ""optimization_0066"", ""optimization_0217"", ""optimization_0100"", ""optimization_0017"", ""optimization_0026"", ""optimization_0051"", ""optimization_0072"", ""optimization_0175"", ""optimization_0058"", ""optimization_0119"", ""optimization_0110"", ""optimization_0219"", ""optimization_0012"", ""optimization_0199"", ""optimization_0190"", ""optimization_0023"", ""optimization_0236""]"
campaign,reference,qwen3.8:27b/off,2,2,1,-1,0080638c0f58d5b18e6db10f0327e0c85125dd7c1ea1ae311fd5ad96c05b3078,0.5918367346938775,"[""0080638c0f58d5b18e6db10f0327e0c85125dd7c1ea1ae311fd5ad96c05b3078"", ""8a976581c1df2ded9a3c197c0532b0fcebab5024dc23f82ce71b1b21d211001c"", ""30d76fbfa8caf0c9f0d3293fbaa2840f569ed4407e6240b3f8df907fce0b3df6""]","[""optimization_0045"", ""optimization_0084"", ""optimization_0127"", ""optimization_0070"", ""optimization_0029"", ""optimization_0188"", ""optimization_0081"", ""optimization_0192"", ""optimization_0049"", ""optimization_0142"", ""optimization_0221"", ""optimization_0104"", ""optimization_0171"", ""optimization_0096"", ""optimization_0205"", ""optimization_0202"", ""optimization_0131"", ""optimization_0134"", ""optimization_0225"", ""optimization_0054"", ""optimization_0133"", ""optimization_0028"", ""optimization_0179"", ""optimization_0194""]"
campaign,reference,qwen3.8:27b/off,2,2,2,-1,0080638c0f58d5b18e6db10f0327e0c85125dd7c1ea1ae311fd5ad96c05b3078,0.7625,"[""0080638c0f58d5b18e6db10f0327e0c85125dd7c1ea1ae311fd5ad96c05b3078"", ""2a404469928caf570ea823f3ba25c720dad25d8a93bc5200bd5e5b2fa8208bdf"", ""57e70a6e9818830886b5fb3281f87b77c9c2979bbf07730643964da4cfcbefa9""]","[""optimization_0129"", ""optimization_0060"", ""optimization_0025"", ""optimization_0118"", ""optimization_0107"", ""optimization_0128"", ""optimization_0123"", ""optimization_0024"", ""optimization_0097"", ""optimization_0220"", ""optimization_0077"", ""optimization_0116"", ""optimization_0231"", ""optimization_0102"", ""optimization_0115"", ""optimization_0076"", ""optimization_0005"", ""optimization_0152"", ""optimization_0063"", ""optimization_0138"", ""optimization_0229"", ""optimization_0172"", ""optimization_0137"", ""optimization_0050""]"
campaign,reference,qwen3.8:27b/off,2,2,3,-1,0080638c0f58d5b18e6db10f0327e0c85125dd7c1ea1ae311fd5ad96c05b3078,0.8,"[""0080638c0f58d5b18e6db10f0327e0c85125dd7c1ea1ae311fd5ad96c05b3078"", ""19ae61108fa863bc0ddf461f93eb93706c260e586951a4718d7f12374633a2e2"", ""d7b1035a6b9bb70172ec5371f202edce5f3a20f73ce5dbfbb1975b26e158967d""]","[""optimization_0057"", ""optimization_0000"", ""optimization_0073"", ""optimization_0196"", ""optimization_0215"", ""optimization_0002"", ""optimization_0195"", ""optimization_0018"", ""optimization_0169"", ""optimization_0178"", ""optimization_0125"", ""optimization_0164"", ""optimization_0207"", ""optimization_0168"", ""optimization_0157"", ""optimization_0160"", ""optimization_0197"", ""optimization_0092"", ""optimization_0021"", ""optimization_0222"", ""optimization_0223"", ""optimization_0136"", ""optimization_0233"", ""optimization_0158""]"
campaign,reference,qwen3.8:27b/off,2,2,4,-1,0080638c0f58d5b18e6db10f0327e0c85125dd7c1ea1ae311fd5ad96c05b3078,0.6467065868263473,"[""0080638c0f58d5b18e6db10f0327e0c85125dd7c1ea1ae311fd5ad96c05b3078"", ""c854d4ee190198d706b6803cc23e9e2927d006f7a1248366e89ed378adcb513f"", ""55c36a0aa49cf50ba80868a4e73aeb2379df6c09923d4543b0b399b71dd3eafb""]","[""optimization_0027"", ""optimization_0030"", ""optimization_0031"", ""optimization_0004"", ""optimization_0041"", ""optimization_0068"", ""optimization_0075"", ""optimization_0150"", ""optimization_0193"", ""optimization_0046"", ""optimization_0161"", ""optimization_0086"", ""optimization_0009"", ""optimization_0114"", ""optimization_0187"", ""optimization_0124"", ""optimization_0203"", ""optimization_0074"", ""optimization_0039"", ""optimization_0090"", ""optimization_0037"", ""optimization_0088"", ""optimization_0167"", ""optimization_0098""]"
campaign,reference,qwen3.8:27b/off,2,2,5,-1,0080638c0f58d5b18e6db10f0327e0c85125dd7c1ea1ae311fd5ad96c05b3078,0.6944444444444444,"[""0080638c0f58d5b18e6db10f0327e0c85125dd7c1ea1ae311fd5ad96c05b3078"", ""f32b11e1286b08f35fdd90ac68e97d36cafc3f7a6e6766aafae56f96ba200969"", ""84e33f6c37960d7cd0d61187fff39c6cf4711deffc3ae3c4632d8fd962d7746f""]","[""optimization_0237"", ""optimization_0144"", ""optimization_0061"", ""optimization_0154"", ""optimization_0191"", ""optimization_0080"", ""optimization_0201"", ""optimization_0174"", ""optimization_0145"", ""optimization_0052"", ""optimization_0089"", ""optimization_0146"", ""optimization_0147"", ""optimization_0036"", ""optimization_0151"", ""optimization_0238"", ""optimization_0071"", ""optimization_0056"", ""optimization_0015"", ""optimization_0126"", ""optimization_0181"", ""optimization_0016"", ""optimization_0059"", ""optimization_0008""]"
campaign,reference,qwen3.8:27b/off,2,2,6,-1,0080638c0f58d5b18e6db10f0327e0c85125dd7c1ea1ae311fd5ad96c05b3078,0.7222222222222222,"[""0080638c0f58d5b18e6db10f0327e0c85125dd7c1ea1ae311fd5ad96c05b3078"", ""6a03a4969272bd6e704e2f668154f6dcd2e9f1f36fad1052109359bcd5023c09"", ""44c7fbca9a53be5cff61e4e76e25756c515605cfdc9f0ebb774372b04a992ff2""]","[""optimization_0153"", ""optimization_0006"", ""optimization_0121"", ""optimization_0214"", ""optimization_0173"", ""optimization_0224"", ""optimization_0165"", ""optimization_0156"", ""optimization_0109"", ""optimization_0106"", ""optimization_0185"", ""optimization_0044"", ""optimization_0033"", ""optimization_0198"", ""optimization_0019"", ""optimization_0034"", ""optimization_0047"", ""optimization_0206"", ""optimization_0099"", ""optimization_0048"", ""optimization_0211"", ""optimization_0166"", ""optimization_0101"", ""optimization_0014""]"
campaign,reference,qwen3.8:27b/off,2,2,7,-1,0080638c0f58d5b18e6db10f0327e0c85125dd7c1ea1ae311fd5ad96c05b3078,0.6206896551724138,"[""0080638c0f58d5b18e6db10f0327e0c85125dd7c1ea1ae311fd5ad96c05b3078"", ""6e5767717fd3f793ee2968a81bfee0cb30f6e4ddff134697c926079c1461af0e"", ""08de59403632976f4eba47c2fb88969f00f9667552d7aab324a75f526c66509c""]","[""optimization_0069"", ""optimization_0234"", ""optimization_0013"", ""optimization_0010"", ""optimization_0227"", ""optimization_0176"", ""optimization_0177"", ""optimization_0210"", ""optimization_0067"", ""optimization_0040"", ""optimization_0011"", ""optimization_0038"", ""optimization_0111"", ""optimization_0132"", ""optimization_0043"", ""optimization_0112"", ""optimization_0209"", ""optimization_0062"", ""optimization_0093"", ""optimization_0120"", ""optimization_0007"", ""optimization_0226"", ""optimization_0083"", ""optimization_0230""]"
campaign,main,granite4.2:30b/off,2,3,0,-1,0080638c0f58d5b18e6db10f0327e0c85125dd7c1ea1ae311fd5ad96c05b3078,0.2358974358974359,"[""0080638c0f58d5b18e6db10f0327e0c85125dd7c1ea1ae311fd5ad96c05b3078"", ""edb3094d6b1650daa09c8f4799c89705ddb3069a9989c9d302a07bd75abe2082"", ""d2a3b934d3c5951a8eb51b8b32d5141fcc5eecde2b186da014dbbdeeb3bc4cf1""]","[""optimization_0069"", ""optimization_0054"", ""optimization_0067"", ""optimization_0124"", ""optimization_0107"", ""optimization_0062"", ""optimization_0135"", ""optimization_0204"", ""optimization_0223"", ""optimization_0112"", ""optimization_0215"", ""optimization_0086"", ""optimization_0231"", ""optimization_0036"", ""optimization_0175"", ""optimization_0064"", ""optimization_0131"", ""optimization_0146"", ""optimization_0057"", ""optimization_0102"", ""optimization_0025"", ""optimization_0040"", ""optimization_0179"", ""optimization_0134""]"
campaign,main,granite4.2:30b/off,2,3,1,-1,0080638c0f58d5b18e6db10f0327e0c85125dd7c1ea1ae311fd5ad96c05b3078,0.18181818181818182,"[""0080638c0f58d5b18e6db10f0327e0c85125dd7c1ea1ae311fd5ad96c05b3078"", ""822c7c51062dc52f0069987cf2b89360d255e400add98b4694625e627e9c3c9e"", ""e06412c4f4555c75c0dbcda4aeac5c10678af4a38fd50773f3eb69ca9a856037""]","[""optimization_0165"", ""optimization_0090"", ""optimization_0073"", ""optimization_0004"", ""optimization_0053"", ""optimization_0128"", ""optimization_0021"", ""optimization_0048"", ""optimization_0127"", ""optimization_0010"", ""optimization_0095"", ""optimization_0122"", ""optimization_0093"", ""optimization_0186"", ""optimization_0085"", ""optimization_0238"", ""optimization_0023"", ""optimization_0050"", ""optimization_0141"", ""optimization_0108"", ""optimization_0139"", ""optimization_0100"", ""optimization_0221"", ""optimization_0194""]"
campaign,main,granite4.2:30b/off,2,3,2,0,9ded522ac3d869622576054ed0239363a1a9c92168a8fb8e50ef1d978ad296eb,0.2727272727272727,"[""0080638c0f58d5b18e6db10f0327e0c85125dd7c1ea1ae311fd5ad96c05b3078"", ""9ded522ac3d869622576054ed0239363a1a9c92168a8fb8e50ef1d978ad296eb"", ""1e76888fce6e3f1afff3efa11a82023750f0aebc22dd8c90243319f430ef240d""]","[""optimization_0237"", ""optimization_0012"", ""optimization_0043"", ""optimization_0178"", ""optimization_0077"", ""optimization_0140"", ""optimization_0129"", ""optimization_0180"", ""optimization_0133"", ""optimization_0022"", ""optimization_0203"", ""optimization_0098"", ""optimization_0027"", ""optimization_0006"", ""optimization_0001"", ""optimization_0160"", ""optimization_0005"", ""optimization_0080"", ""optimization_0189"", ""optimization_0132"", ""optimization_0097"", ""optimization_0220"", ""optimization_0065"", ""optimization_0152""]"
campaign,main,granite4.2:30b/off,2,3,3,-1,9ded522ac3d869622576054ed0239363a1a9c92168a8fb8e50ef1d978ad296eb,0.39285714285714285,"[""9ded522ac3d869622576054ed0239363a1a9c92168a8fb8e50ef1d978ad296eb"", ""052b0454fc3ed84c7d1efa0f4c06aa82d7ed19654dcd3f513d4b2a42668ee204"", ""cc9df0ffbb27bd351e5edda4ce61bba7624be25bf56585aa575ac5e96dafe77a""]","[""optimization_0207"", ""optimization_0222"", ""optimization_0013"", ""optimization_0028"", ""optimization_0089"", ""optimization_0218"", ""optimization_0063"", ""optimization_0066"", ""optimization_0103"", ""optimization_0166"", ""optimization_0233"", ""optimization_0074"", ""optimization_0009"", ""optimization_0072"", ""optimization_0193"", ""optimization_0052"", ""optimization_0059"", ""optimization_0164"", ""optimization_0219"", ""optimization_0000"", ""optimization_0235"", ""optimization_0136"", ""optimization_0173"", ""optimization_0182""]"
campaign,main,granite4.2:30b/off,2,3,4,-1,9ded522ac3d869622576054ed0239363a1a9c92168a8fb8e50ef1d978ad296eb,0.36231884057971014,"[""9ded522ac3d869622576054ed0239363a1a9c92168a8fb8e50ef1d978ad296eb"", ""bea15bce99f10e003c2d76559a3afbc282213ded445511908cf1f797047b5f1b"", ""865e817ce0660b85dfc15e629c6423f104c1819cb95e7c7fe10d1b907c1ee5c6""]","[""optimization_0147"", ""optimization_0156"", ""optimization_0163"", ""optimization_0202"", ""optimization_0149"", ""optimization_0056"", ""optimization_0075"", ""optimization_0030"", ""optimization_0205"", ""optimization_0232"", ""optimization_0155"", ""optimization_0104"", ""optimization_0111"", ""optimization_0114"", ""optimization_0055"", ""optimization_0094"", ""optimization_0029"", ""optimization_0230"", ""optimization_0039"", ""optimization_0162"", ""optimization_0211"", ""optimization_0142"", ""optimization_0185"", ""optimization_0200""]"
campaign,main,granite4.2:30b/off,2,3,5,-1,9ded522ac3d869622576054ed0239363a1a9c92168a8fb8e50ef1d978ad296eb,0.2857142857142857,"[""9ded522ac3d869622576054ed0239363a1a9c92168a8fb8e50ef1d978ad296eb"", ""76871ce04eba9a4d666e543b19b3dff817b40898450c10127a77469e66b69829"", ""311f544a29f878dc6253db034609457f11f11be5cd1e7e88f93933342083352e""]","[""optimization_0003"", ""optimization_0138"", ""optimization_0181"", ""optimization_0088"", ""optimization_0011"", ""optimization_0026"", ""optimization_0033"", ""optimization_0060"", ""optimization_0157"", ""optimization_0016"", ""optimization_0125"", ""optimization_0212"", ""optimization_0015"", ""optimization_0210"", ""optimization_0121"", ""optimization_0148"", ""optimization_0239"", ""optimization_0014"", ""optimization_0159"", ""optimization_0126"", ""optimization_0217"", ""optimization_0058"", ""optimization_0191"", ""optimization_0158""]"
campaign,main,granite4.2:30b/off,2,3,6,-1,9ded522ac3d869622576054ed0239363a1a9c92168a8fb8e50ef1d978ad296eb,0.4148148148148148,"[""9ded522ac3d869622576054ed0239363a1a9c92168a8fb8e50ef1d978ad296eb"", ""382e535c31d888538ded23895ca4b2eaec8dd012cf3b35c7675e1e485d09483f"", ""9309b25720363d4cec68fb7e0dd0bf3d35a94ffb4213a88b4d92121aa7c0ae58""]","[""optimization_0225"", ""optimization_0078"", ""optimization_0031"", ""optimization_0082"", ""optimization_0035"", ""optimization_0002"", ""optimization_0105"", ""optimization_0120"", ""optimization_0229"", ""optimization_0070"", ""optimization_0197"", ""optimization_0116"", ""optimization_0171"", ""optimization_0168"", ""optimization_0061"", ""optimization_0154"", ""optimization_0047"", ""optimization_0020"", ""optimization_0153"", ""optimization_0234"", ""optimization_0151"", ""optimization_0076"", ""optimization_0209"", ""optimization_0188""]"
campaign,main,granite4.2:30b/off,2,3,7,0,03943d5bc43cb71d2138d63dc00276b12ebb2f6ec91ec314ea036c587020cc1f,0.40540540540540543,"[""9ded522ac3d869622576054ed0239363a1a9c92168a8fb8e50ef1d978ad296eb"", ""03943d5bc43cb71d2138d63dc00276b12ebb2f6ec91ec314ea036c587020cc1f"", ""cdf9159394287b4e3bb280eac901fd647840337680dbbf89d05ff922f54a3b3f""]","[""optimization_0201"", ""optimization_0096"", ""optimization_0169"", ""optimization_0034"", ""optimization_0143"", ""optimization_0038"", ""optimization_0087"", ""optimization_0192"", ""optimization_0109"", ""optimization_0214"", ""optimization_0071"", ""optimization_0068"", ""optimization_0117"", ""optimization_0024"", ""optimization_0007"", ""optimization_0106"", ""optimization_0083"", ""optimization_0224"", ""optimization_0045"", ""optimization_0018"", ""optimization_0049"", ""optimization_0208"", ""optimization_0113"", ""optimization_0110""]"
campaign,main,qwen3.8:27b/off,3,5,0,-1,0080638c0f58d5b18e6db10f0327e0c85125dd7c1ea1ae311fd5ad96c05b3078,0.7132867132867133,"[""0080638c0f58d5b18e6db10f0327e0c85125dd7c1ea1ae311fd5ad96c05b3078"", ""91ae0f3daf9e19d84a42ea00bc0d81603fb49201d17159f07d61ee1da6d4d640"", ""169141f0f9a9df321b2c866f9719e66679c5921e6c114bb412ef170255f95e23""]","[""optimization_0201"", ""optimization_0036"", ""optimization_0133"", ""optimization_0154"", ""optimization_0215"", ""optimization_0080"", ""optimization_0051"", ""optimization_0180"", ""optimization_0103"", ""optimization_0040"", ""optimization_0053"", ""optimization_0044"", ""optimization_0147"", ""optimization_0234"", ""optimization_0217"", ""optimization_0226"", ""optimization_0161"", ""optimization_0182"", ""optimization_0231"", ""optimization_0156"", ""optimization_0229"", ""optimization_0136"", ""optimization_0191"", ""optimization_0008""]"
campaign,main,qwen3.8:27b/off,3,5,1,1,a7087d31170de45534c220f1031fea2cf4885d83c44a844fa8288b8480aedf7c,0.8098159509202454,"[""0080638c0f58d5b18e6db10f0327e0c85125dd7c1ea1ae311fd5ad96c05b3078"", ""3df2d0510081857a29325e58b265f996fa08ac6b7a271899d873c10a0f92cac0"", ""a7087d31170de45534c220f1031fea2cf4885d83c44a844fa8288b8480aedf7c""]","[""optimization_0219"", ""optimization_0030"", ""optimization_0031"", ""optimization_0064"", ""optimization_0149"", ""optimization_0092"", ""optimization_0159"", ""optimization_0084"", ""optimization_0181"", ""optimization_0160"", ""optimization_0185"", ""optimization_0236"", ""optimization_0153"", ""optimization_0078"", ""optimization_0169"", ""optimization_0190"", ""optimization_0173"", ""optimization_0026"", ""optimization_0171"", ""optimization_0210"", ""optimization_0007"", ""optimization_0046"", ""optimization_0023"", ""optimization_0224""]"
campaign,main,qwen3.8:27b/off,3,5,2,0,62702f876766751cf72a2e4a45a83ddf285fe36e225d5563e2b27c18e47f33ae,0.7810650887573964,"[""a7087d31170de45534c220f1031fea2cf4885d83c44a844fa8288b8480aedf7c"", ""62702f876766751cf72a2e4a45a83ddf285fe36e225d5563e2b27c18e47f33ae"", ""bcbd19b45c95666fbca5e72afdd3299425ae41d5055aa40333887624f2a14d6e""]","[""optimization_0165"", ""optimization_0186"", ""optimization_0235"", ""optimization_0118"", ""optimization_0059"", ""optimization_0074"", ""optimization_0093"", ""optimization_0228"", ""optimization_0013"", ""optimization_0094"", ""optimization_0113"", ""optimization_0020"", ""optimization_0015"", ""optimization_0054"", ""optimization_0211"", ""optimization_0100"", ""optimization_0017"", ""optimization_0200"", ""optimization_0033"", ""optimization_0024"", ""optimization_0157"", ""optimization_0010"", ""optimization_0029"", ""optimization_0158""]"
campaign,main,qwen3.8:27b/off,3,5,3,0,593138b04f35a2233dbf1c6c4c58cba19cd26d6e8903115fbcd520a1c903c227,0.8244274809160306,"[""62702f876766751cf72a2e4a45a83ddf285fe36e225d5563e2b27c18e47f33ae"", ""593138b04f35a2233dbf1c6c4c58cba19cd26d6e8903115fbcd520a1c903c227"", ""3140afc4d133966a0821970f6f7c2c579bc807550a9e00ba954f7030698a567e""]","[""optimization_0081"", ""optimization_0216"", ""optimization_0163"", ""optimization_0106"", ""optimization_0221"", ""optimization_0146"", ""optimization_0039"", ""optimization_0102"", ""optimization_0115"", ""optimization_0028"", ""optimization_0083"", ""optimization_0188"", ""optimization_0129"", ""optimization_0162"", ""optimization_0079"", ""optimization_0166"", ""optimization_0095"", ""optimization_0152"", ""optimization_0045"", ""optimization_0108"", ""optimization_0025"", ""optimization_0034"", ""optimization_0227"", ""optimization_0038""]"
campaign,main,qwen3.8:27b/off,3,5,4,0,c34e769ae99e52e53d39ef2806de9b4926d384581f230cd8b5d2f046e8858328,0.8214285714285714,"[""593138b04f35a2233dbf1c6c4c58cba19cd26d6e8903115fbcd520a1c903c227"", ""c34e769ae99e52e53d39ef2806de9b4926d384581f230cd8b5d2f046e8858328"", ""4b38e54d0ef892c486ecc8dba697805290c6623655ca9794447a5e8cb6f4f27d""]","[""optimization_0183"", ""optimization_0120"", ""optimization_0205"", ""optimization_0214"", ""optimization_0107"", ""optimization_0056"", ""optimization_0009"", ""optimization_0042"", ""optimization_0097"", ""optimization_0178"", ""optimization_0119"", ""optimization_0068"", ""optimization_0135"", ""optimization_0174"", ""optimization_0139"", ""optimization_0088"", ""optimization_0209"", ""optimization_0206"", ""optimization_0105"", ""optimization_0072"", ""optimization_0043"", ""optimization_0232"", ""optimization_0041"", ""optimization_0134""]"
campaign,main,qwen3.8:27b/off,3,5,5,1,db0bec43c0a8b69b35846e25d74a68dffbb8b2f5dbcbf96fbba0b08159b3e48d,0.7453416149068323,"[""c34e769ae99e52e53d39ef2806de9b4926d384581f230cd8b5d2f046e8858328"", ""5433b0c32b52bb7ea3ed8108c251a9238dfd94e602d4c5cbdcc6bd898b3bcaa5"", ""db0bec43c0a8b69b35846e25d74a68dffbb8b2f5dbcbf96fbba0b08159b3e48d""]","[""optimization_0099"", ""optimization_0144"", ""optimization_0175"", ""optimization_0052"", ""optimization_0035"", ""optimization_0032"", ""optimization_0123"", ""optimization_0138"", ""optimization_0055"", ""optimization_0130"", ""optimization_0071"", ""optimization_0128"", ""optimization_0021"", ""optimization_0222"", ""optimization_0061"", ""optimization_0058"", ""optimization_0065"", ""optimization_0170"", ""optimization_0003"", ""optimization_0192"", ""optimization_0187"", ""optimization_0070"", ""optimization_0089"", ""optimization_0110""]"
campaign,main,qwen3.8:27b/off,3,5,6,-1,db0bec43c0a8b69b35846e25d74a68dffbb8b2f5dbcbf96fbba0b08159b3e48d,0.7272727272727273,"[""db0bec43c0a8b69b35846e25d74a68dffbb8b2f5dbcbf96fbba0b08159b3e48d"", ""e892a071068679bac13f4634edebd7ed88016fdda02e963eb61494f7d6bf0dbf"", ""0877149ec9acea3d102f41ebb0d6eb4dd5c8ad8835b0a8739ee62556e911f94f""]","[""optimization_0057"", ""optimization_0198"", ""optimization_0199"", ""optimization_0208"", ""optimization_0155"", ""optimization_0086"", ""optimization_0207"", ""optimization_0048"", ""optimization_0037"", ""optimization_0142"", ""optimization_0131"", ""optimization_0218"", ""optimization_0075"", ""optimization_0114"", ""optimization_0151"", ""optimization_0022"", ""optimization_0101"", ""optimization_0116"", ""optimization_0195"", ""optimization_0096"", ""optimization_0109"", ""optimization_0112"", ""optimization_0005"", ""optimization_0194""]"
campaign,main,qwen3.8:27b/off,3,5,7,1,71a1e549aa60aa7663ad1768a2b7422a593eed3f2581456905f3c02efdf4ddc1,0.8047337278106509,"[""db0bec43c0a8b69b35846e25d74a68dffbb8b2f5dbcbf96fbba0b08159b3e48d"", ""45237e61f65b075d4b85c0769e6b834f5b5bba43570cbef90817bd87ba02514b"", ""71a1e549aa60aa7663ad1768a2b7422a593eed3f2581456905f3c02efdf4ddc1""]","[""optimization_0063"", ""optimization_0204"", ""optimization_0193"", ""optimization_0148"", ""optimization_0239"", ""optimization_0098"", ""optimization_0177"", ""optimization_0132"", ""optimization_0001"", ""optimization_0196"", ""optimization_0233"", ""optimization_0122"", ""optimization_0189"", ""optimization_0000"", ""optimization_0019"", ""optimization_0076"", ""optimization_0125"", ""optimization_0230"", ""optimization_0213"", ""optimization_0006"", ""optimization_0049"", ""optimization_0004"", ""optimization_0137"", ""optimization_0014""]"
campaign,main,qwen3.8:27b/off,3,4,0,-1,0080638c0f58d5b18e6db10f0327e0c85125dd7c1ea1ae311fd5ad96c05b3078,0.7906976744186046,"[""0080638c0f58d5b18e6db10f0327e0c85125dd7c1ea1ae311fd5ad96c05b3078"", ""bf26888beb36c9d7d7d440497df0b812fee2d6f7cecb63112c41f56dfea1a09a"", ""1d82dc9984c020feaaa2969ef323e743aaa8f92cc90c80b48e93e785fa402ad6""]","[""optimization_0165"", ""optimization_0120"", ""optimization_0091"", ""optimization_0178"", ""optimization_0191"", ""optimization_0206"", ""optimization_0045"", ""optimization_0156"", ""optimization_0145"", ""optimization_0016"", ""optimization_0107"", ""optimization_0152"", ""optimization_0057"", ""optimization_0216"", ""optimization_0115"", ""optimization_0046"", ""optimization_0239"", ""optimization_0188"", ""optimization_0159"", ""optimization_0114"", ""optimization_0103"", ""optimization_0184"", ""optimization_0149"", ""optimization_0086""]"
campaign,main,qwen3.8:27b/off,3,4,1,-1,0080638c0f58d5b18e6db10f0327e0c85125dd7c1ea1ae311fd5ad96c05b3078,0.7763157894736842,"[""0080638c0f58d5b18e6db10f0327e0c85125dd7c1ea1ae311fd5ad96c05b3078"", ""68a2d2435cefb8b3313f505027df90ee235b6bf77eb8f16aa53b6e7df988dd1c"", ""451c2a47b2ec8b951de7a561cf01e5e4da0ac804dbe0691e945c0279aad428aa""]","[""optimization_0123"", ""optimization_0204"", ""optimization_0181"", ""optimization_0034"", ""optimization_0095"", ""optimization_0104"", ""optimization_0093"", ""optimization_0234"", ""optimization_0097"", ""optimization_0112"", ""optimization_0137"", ""optimization_0026"", ""optimization_0177"", ""optimization_0012"", ""optimization_0019"", ""optimization_0058"", ""optimization_0005"", ""optimization_0236"", ""optimization_0039"", ""optimization_0096"", ""optimization_0061"", ""optimization_0124"", ""optimization_0173"", ""optimization_0050""]"
campaign,main,qwen3.8:27b/off,3,4,2,0,689e2ae1fe8304456de99ffebb635f51caa4012b79fcbddd42efda7942d88d47,0.6515151515151515,"[""0080638c0f58d5b18e6db10f0327e0c85125dd7c1ea1ae311fd5ad96c05b3078"", ""689e2ae1fe8304456de99ffebb635f51caa4012b79fcbddd42efda7942d88d47"", ""098702f20d4918b555b04170b6b691409314b4c1f3a5fce18f1988fac9da2c61""]","[""optimization_0015"", ""optimization_0198"", ""optimization_0199"", ""optimization_0172"", ""optimization_0215"", ""optimization_0020"", ""optimization_0087"", ""optimization_0054"", ""optimization_0187"", ""optimization_0028"", ""optimization_0185"", ""optimization_0230"", ""optimization_0207"", ""optimization_0126"", ""optimization_0121"", ""optimization_0010"", ""optimization_0101"", ""optimization_0146"", ""optimization_0033"", ""optimization_0000"", ""optimization_0235"", ""optimization_0208"", ""optimization_0017"", ""optimization_0140""]"
campaign,main,qwen3.8:27b/off,3,4,3,1,b997fc5c76a7073c17e19a32b6b00a7dff2830c0e4968e840e331bd068703480,0.7341772151898734,"[""689e2ae1fe8304456de99ffebb635f51caa4012b79fcbddd42efda7942d88d47"", ""476c2ce80502d8673e6fe6eda3e8476372dbf7387bec6b2a2aa31b1ed21e5eeb"", ""b997fc5c76a7073c17e19a32b6b00a7dff2830c0e4968e840e331bd068703480""]","[""optimization_0219"", ""optimization_0084"", ""optimization_0229"", ""optimization_0142"", ""optimization_0047"", ""optimization_0014"", ""optimization_0189"", ""optimization_0162"", ""optimization_0205"", ""optimization_0214"", ""optimization_0197"", ""optimization_0068"", ""optimization_0141"", ""optimization_0060"", ""optimization_0037"", ""optimization_0004"", ""optimization_0035"", ""optimization_0122"", ""optimization_0027"", ""optimization_0132"", ""optimization_0169"", ""optimization_0136"", ""optimization_0227"", ""optimization_0134""]"
campaign,main,qwen3.8:27b/off,3,4,4,-1,b997fc5c76a7073c17e19a32b6b00a7dff2830c0e4968e840e331bd068703480,0.7045454545454546,"[""b997fc5c76a7073c17e19a32b6b00a7dff2830c0e4968e840e331bd068703480"", ""82efaf956ecfe2bf0480c3a9cb3ffc181cf1dc5ac8c4d6ff0dc05ed3d4455ea4"", ""3eead81804698a40e8cceea8c4d72574ddda3d30d2cae1a0015e4cda2b6041f0""]","[""optimization_0201"", ""optimization_0078"", ""optimization_0007"", ""optimization_0226"", ""optimization_0131"", ""optimization_0212"", ""optimization_0213"", ""optimization_0222"", ""optimization_0127"", ""optimization_0052"", ""optimization_0125"", ""optimization_0062"", ""optimization_0135"", ""optimization_0090"", ""optimization_0055"", ""optimization_0094"", ""optimization_0179"", ""optimization_0116"", ""optimization_0021"", ""optimization_0210"", ""optimization_0043"", ""optimization_0022"", ""optimization_0113"", ""optimization_0056""]"
campaign,main,qwen3.8:27b/off,3,4,5,1,43c466d5cb0d85baa44a06093fe48077b9a6dfd9b230d0cb9cf17f1438725267,0.9273743016759777,"[""b997fc5c76a7073c17e19a32b6b00a7dff2830c0e4968e840e331bd068703480"", ""43c466d5cb0d85baa44a06093fe48077b9a6dfd9b230d0cb9cf17f1438725267""]","[""optimization_0081"", ""optimization_0192"", ""optimization_0025"", ""optimization_0160"", ""optimization_0161"", ""optimization_0074"", ""optimization_0075"", ""optimization_0180"", ""optimization_0067"", ""optimization_0118"", ""optimization_0119"", ""optimization_0170"", ""optimization_0147"", ""optimization_0072"", ""optimization_0073"", ""optimization_0154"", ""optimization_0167"", ""optimization_0038"", ""optimization_0063"", ""optimization_0186"", ""optimization_0085"", ""optimization_0040"", ""optimization_0011"", ""optimization_0002""]"
campaign,main,qwen3.8:27b/off,3,4,6,0,8fca6a8d5f19c0c30e5970c62444b67b4d8132ae0da8cea881a75a1d18b6ce33,0.7518796992481203,"[""43c466d5cb0d85baa44a06093fe48077b9a6dfd9b230d0cb9cf17f1438725267"", ""8fca6a8d5f19c0c30e5970c62444b67b4d8132ae0da8cea881a75a1d18b6ce33"", ""0b76291aa5aca107fb227b492017d48f22dce3cb3f5051dcdcc9138a67e65080""]","[""optimization_0069"", ""optimization_0138"", ""optimization_0013"", ""optimization_0064"", ""optimization_0041"", ""optimization_0200"", ""optimization_0183"", ""optimization_0168"", ""optimization_0031"", ""optimization_0190"", ""optimization_0143"", ""optimization_0080"", ""optimization_0099"", ""optimization_0102"", ""optimization_0157"", ""optimization_0166"", ""optimization_0059"", ""optimization_0218"", ""optimization_0051"", ""optimization_0108"", ""optimization_0175"", ""optimization_0130"", ""optimization_0023"", ""optimization_0128""]"
campaign,main,qwen3.8:27b/off,3,4,7,0,5df5710bf9c3febeb702e82aaf3dc28f88b91b5aada774b83bf8cc2834cefeff,0.8137931034482758,"[""8fca6a8d5f19c0c30e5970c62444b67b4d8132ae0da8cea881a75a1d18b6ce33"", ""5df5710bf9c3febeb702e82aaf3dc28f88b91b5aada774b83bf8cc2834cefeff"", ""a21fe5ef0ca901297ce1e8b48b0dcf536da9cf26f8fdb163e933bf0bd3e45701""]","[""optimization_0237"", ""optimization_0036"", ""optimization_0133"", ""optimization_0082"", ""optimization_0053"", ""optimization_0158"", ""optimization_0195"", ""optimization_0006"", ""optimization_0193"", ""optimization_0076"", ""optimization_0233"", ""optimization_0224"", ""optimization_0105"", ""optimization_0042"", ""optimization_0139"", ""optimization_0196"", ""optimization_0029"", ""optimization_0176"", ""optimization_0129"", ""optimization_0030"", ""optimization_0211"", ""optimization_0148"", ""optimization_0071"", ""optimization_0110""]"
campaign,main,qwen3.8:27b/off,1,2,0,-1,0080638c0f58d5b18e6db10f0327e0c85125dd7c1ea1ae311fd5ad96c05b3078,0.7073170731707317,"[""0080638c0f58d5b18e6db10f0327e0c85125dd7c1ea1ae311fd5ad96c05b3078"", ""c8915da27e8787a5e2bd5b41b6fd733338fff5317390a3098976f460f6b01be1"", ""1a668e0b0fca1c50eff23ba51e47d80e7f06aee84302a240010a4d44e8c74c9b""]","[""optimization_0003"", ""optimization_0078"", ""optimization_0163"", ""optimization_0232"", ""optimization_0053"", ""optimization_0122"", ""optimization_0183"", ""optimization_0066"", ""optimization_0217"", ""optimization_0100"", ""optimization_0017"", ""optimization_0026"", ""optimization_0051"", ""optimization_0072"", ""optimization_0175"", ""optimization_0058"", ""optimization_0119"", ""optimization_0110"", ""optimization_0219"", ""optimization_0012"", ""optimization_0199"", ""optimization_0190"", ""optimization_0023"", ""optimization_0236""]"
campaign,main,qwen3.8:27b/off,1,2,1,0,e186c8364072dd1650bf11b37ce4ecc009f871033e671d06ac5ca098e59f0419,0.6050420168067226,"[""0080638c0f58d5b18e6db10f0327e0c85125dd7c1ea1ae311fd5ad96c05b3078"", ""e186c8364072dd1650bf11b37ce4ecc009f871033e671d06ac5ca098e59f0419"", ""8bfd7dbea54ffcfb56791f46a543785811e5e481c347f69baaed33f7358c38ff""]","[""optimization_0045"", ""optimization_0084"", ""optimization_0127"", ""optimization_0070"", ""optimization_0029"", ""optimization_0188"", ""optimization_0081"", ""optimization_0192"", ""optimization_0049"", ""optimization_0142"", ""optimization_0221"", ""optimization_0104"", ""optimization_0171"", ""optimization_0096"", ""optimization_0205"", ""optimization_0202"", ""optimization_0131"", ""optimization_0134"", ""optimization_0225"", ""optimization_0054"", ""optimization_0133"", ""optimization_0028"", ""optimization_0179"", ""optimization_0194""]"
campaign,main,qwen3.8:27b/off,1,2,2,-1,e186c8364072dd1650bf11b37ce4ecc009f871033e671d06ac5ca098e59f0419,0.8074534161490683,"[""e186c8364072dd1650bf11b37ce4ecc009f871033e671d06ac5ca098e59f0419"", ""50a1cedbaa5e97f9e90e74065cd782bb4a90c94a8139e1aa8edb8f4289909ff6"", ""756a15a9a18dc1636327250d7e96dbe27b67af5d6758c3334f4116d2ae48bbb4""]","[""optimization_0129"", ""optimization_0060"", ""optimization_0025"", ""optimization_0118"", ""optimization_0107"", ""optimization_0128"", ""optimization_0123"", ""optimization_0024"", ""optimization_0097"", ""optimization_0220"", ""optimization_0077"", ""optimization_0116"", ""optimization_0231"", ""optimization_0102"", ""optimization_0115"", ""optimization_0076"", ""optimization_0005"", ""optimization_0152"", ""optimization_0063"", ""optimization_0138"", ""optimization_0229"", ""optimization_0172"", ""optimization_0137"", ""optimization_0050""]"
campaign,main,qwen3.8:27b/off,1,2,3,-1,e186c8364072dd1650bf11b37ce4ecc009f871033e671d06ac5ca098e59f0419,0.7898089171974523,"[""e186c8364072dd1650bf11b37ce4ecc009f871033e671d06ac5ca098e59f0419"", ""a4592c3b16ec1c88b14516490d415b97b633044bd11991d18284c85a3a01e2cd"", ""5a5f7b1c34e40b617808cd963cf998a35024b3d422c626197f135c76ff2215fe""]","[""optimization_0057"", ""optimization_0000"", ""optimization_0073"", ""optimization_0196"", ""optimization_0215"", ""optimization_0002"", ""optimization_0195"", ""optimization_0018"", ""optimization_0169"", ""optimization_0178"", ""optimization_0125"", ""optimization_0164"", ""optimization_0207"", ""optimization_0168"", ""optimization_0157"", ""optimization_0160"", ""optimization_0197"", ""optimization_0092"", ""optimization_0021"", ""optimization_0222"", ""optimization_0223"", ""optimization_0136"", ""optimization_0233"", ""optimization_0158""]"
campaign,main,qwen3.8:27b/off,1,2,4,-1,e186c8364072dd1650bf11b37ce4ecc009f871033e671d06ac5ca098e59f0419,0.7100591715976331,"[""e186c8364072dd1650bf11b37ce4ecc009f871033e671d06ac5ca098e59f0419"", ""0ec8413b75d9f83e9acf89bca5fdf7161a7072ff9412087ef829a96985df985d"", ""9e7ee83e3b9a972c0a63e160957cf43489c3b99242d2a8dd44f9eae5065ea540""]","[""optimization_0027"", ""optimization_0030"", ""optimization_0031"", ""optimization_0004"", ""optimization_0041"", ""optimization_0068"", ""optimization_0075"", ""optimization_0150"", ""optimization_0193"", ""optimization_0046"", ""optimization_0161"", ""optimization_0086"", ""optimization_0009"", ""optimization_0114"", ""optimization_0187"", ""optimization_0124"", ""optimization_0203"", ""optimization_0074"", ""optimization_0039"", ""optimization_0090"", ""optimization_0037"", ""optimization_0088"", ""optimization_0167"", ""optimization_0098""]"
campaign,main,qwen3.8:27b/off,1,2,5,1,212ece7ec644476ae51bc03369d4781c3b5b45e3835c5be6240b6aac52bca4ba,0.7134502923976608,"[""e186c8364072dd1650bf11b37ce4ecc009f871033e671d06ac5ca098e59f0419"", ""f43c6b2a4872948d45d758f5ba12bdad7912544aa7b41fd518831e8b646fed28"", ""212ece7ec644476ae51bc03369d4781c3b5b45e3835c5be6240b6aac52bca4ba""]","[""optimization_0237"", ""optimization_0144"", ""optimization_0061"", ""optimization_0154"", ""optimization_0191"", ""optimization_0080"", ""optimization_0201"", ""optimization_0174"", ""optimization_0145"", ""optimization_0052"", ""optimization_0089"", ""optimization_0146"", ""optimization_0147"", ""optimization_0036"", ""optimization_0151"", ""optimization_0238"", ""optimization_0071"", ""optimization_0056"", ""optimization_0015"", ""optimization_0126"", ""optimization_0181"", ""optimization_0016"", ""optimization_0059"", ""optimization_0008""]"
campaign,main,qwen3.8:27b/off,1,2,6,0,8dd215b789030a10d31c502cd6d0cd4f2588deac1130a73cb48edc27a14f1907,0.7263681592039801,"[""212ece7ec644476ae51bc03369d4781c3b5b45e3835c5be6240b6aac52bca4ba"", ""8dd215b789030a10d31c502cd6d0cd4f2588deac1130a73cb48edc27a14f1907"", ""7eca89ff20c88310d90470459212343445ae1d607ab1c24fdb696f38a67cbe2b""]","[""optimization_0153"", ""optimization_0006"", ""optimization_0121"", ""optimization_0214"", ""optimization_0173"", ""optimization_0224"", ""optimization_0165"", ""optimization_0156"", ""optimization_0109"", ""optimization_0106"", ""optimization_0185"", ""optimization_0044"", ""optimization_0033"", ""optimization_0198"", ""optimization_0019"", ""optimization_0034"", ""optimization_0047"", ""optimization_0206"", ""optimization_0099"", ""optimization_0048"", ""optimization_0211"", ""optimization_0166"", ""optimization_0101"", ""optimization_0014""]"
campaign,main,qwen3.8:27b/off,1,2,7,0,7c2814a20893dda8be46a3678c7573ed6ef57c5e8088cfbd4659c1a840767bac,0.6950354609929078,"[""8dd215b789030a10d31c502cd6d0cd4f2588deac1130a73cb48edc27a14f1907"", ""7c2814a20893dda8be46a3678c7573ed6ef57c5e8088cfbd4659c1a840767bac"", ""10289311ccbb768ed157b3f2687f46c8775606c6a0957faace86a8bddb1aa078""]","[""optimization_0069"", ""optimization_0234"", ""optimization_0013"", ""optimization_0010"", ""optimization_0227"", ""optimization_0176"", ""optimization_0177"", ""optimization_0210"", ""optimization_0067"", ""optimization_0040"", ""optimization_0011"", ""optimization_0038"", ""optimization_0111"", ""optimization_0132"", ""optimization_0043"", ""optimization_0112"", ""optimization_0209"", ""optimization_0062"", ""optimization_0093"", ""optimization_0120"", ""optimization_0007"", ""optimization_0226"", ""optimization_0083"", ""optimization_0230""]"
campaign,main,granite4.2:30b/off,1,2,0,-1,0080638c0f58d5b18e6db10f0327e0c85125dd7c1ea1ae311fd5ad96c05b3078,0.38009049773755654,"[""0080638c0f58d5b18e6db10f0327e0c85125dd7c1ea1ae311fd5ad96c05b3078"", ""e7d0591fa225517ea8a64b980ec7bc872f5c4f0f5a32bbd484a6b01ec38628b4"", ""6669b86a14d581998a9af1657ccb631db9808536353eafea842dd54571d373f9""]","[""optimization_0003"", ""optimization_0078"", ""optimization_0163"", ""optimization_0232"", ""optimization_0053"", ""optimization_0122"", ""optimization_0183"", ""optimization_0066"", ""optimization_0217"", ""optimization_0100"", ""optimization_0017"", ""optimization_0026"", ""optimization_0051"", ""optimization_0072"", ""optimization_0175"", ""optimization_0058"", ""optimization_0119"", ""optimization_0110"", ""optimization_0219"", ""optimization_0012"", ""optimization_0199"", ""optimization_0190"", ""optimization_0023"", ""optimization_0236""]"
campaign,main,granite4.2:30b/off,1,2,1,-1,0080638c0f58d5b18e6db10f0327e0c85125dd7c1ea1ae311fd5ad96c05b3078,0.14925373134328357,"[""0080638c0f58d5b18e6db10f0327e0c85125dd7c1ea1ae311fd5ad96c05b3078"", ""e1f685c4b1078d0820d19c5b5b72d53b9acdff6b33896d4a753d117cd9c97681"", ""893d715a686585988fd4c448fa0b360cf8098fc51cc29c11f492d36df4c53644""]","[""optimization_0045"", ""optimization_0084"", ""optimization_0127"", ""optimization_0070"", ""optimization_0029"", ""optimization_0188"", ""optimization_0081"", ""optimization_0192"", ""optimization_0049"", ""optimization_0142"", ""optimization_0221"", ""optimization_0104"", ""optimization_0171"", ""optimization_0096"", ""optimization_0205"", ""optimization_0202"", ""optimization_0131"", ""optimization_0134"", ""optimization_0225"", ""optimization_0054"", ""optimization_0133"", ""optimization_0028"", ""optimization_0179"", ""optimization_0194""]"
campaign,main,granite4.2:30b/off,1,2,2,0,6eb87f02547f29469aa41d0e87c542ef133c52d5a00213e858aab01f261dd55c,0.3917525773195876,"[""0080638c0f58d5b18e6db10f0327e0c85125dd7c1ea1ae311fd5ad96c05b3078"", ""6eb87f02547f29469aa41d0e87c542ef133c52d5a00213e858aab01f261dd55c"", ""40b21707329d52d4b2649a564de5ae7b7e452536665cf79d3bd363dae100c044""]","[""optimization_0129"", ""optimization_0060"", ""optimization_0025"", ""optimization_0118"", ""optimization_0107"", ""optimization_0128"", ""optimization_0123"", ""optimization_0024"", ""optimization_0097"", ""optimization_0220"", ""optimization_0077"", ""optimization_0116"", ""optimization_0231"", ""optimization_0102"", ""optimization_0115"", ""optimization_0076"", ""optimization_0005"", ""optimization_0152"", ""optimization_0063"", ""optimization_0138"", ""optimization_0229"", ""optimization_0172"", ""optimization_0137"", ""optimization_0050""]"
campaign,main,granite4.2:30b/off,1,2,3,-1,6eb87f02547f29469aa41d0e87c542ef133c52d5a00213e858aab01f261dd55c,0.4539877300613497,"[""6eb87f02547f29469aa41d0e87c542ef133c52d5a00213e858aab01f261dd55c"", ""cb3e5f4f9174019c6860e4ab323ddeed9a535eb0b8d47fb2c331edb1b269e94e"", ""ebb8fb2f3b6c9a0291d270566adfc12195c48169741172cf1da97125de603e4c""]","[""optimization_0057"", ""optimization_0000"", ""optimization_0073"", ""optimization_0196"", ""optimization_0215"", ""optimization_0002"", ""optimization_0195"", ""optimization_0018"", ""optimization_0169"", ""optimization_0178"", ""optimization_0125"", ""optimization_0164"", ""optimization_0207"", ""optimization_0168"", ""optimization_0157"", ""optimization_0160"", ""optimization_0197"", ""optimization_0092"", ""optimization_0021"", ""optimization_0222"", ""optimization_0223"", ""optimization_0136"", ""optimization_0233"", ""optimization_0158""]"
campaign,main,granite4.2:30b/off,1,2,4,1,3a07e3a99b469e442d8ed938fff0c6d43657e40ea92ab811c38927edf95d396c,0.1891891891891892,"[""6eb87f02547f29469aa41d0e87c542ef133c52d5a00213e858aab01f261dd55c"", ""2958d1d598edb60a13ef4944235e2ea799636f5c71165befaea1e992a6ced040"", ""3a07e3a99b469e442d8ed938fff0c6d43657e40ea92ab811c38927edf95d396c""]","[""optimization_0027"", ""optimization_0030"", ""optimization_0031"", ""optimization_0004"", ""optimization_0041"", ""optimization_0068"", ""optimization_0075"", ""optimization_0150"", ""optimization_0193"", ""optimization_0046"", ""optimization_0161"", ""optimization_0086"", ""optimization_0009"", ""optimization_0114"", ""optimization_0187"", ""optimization_0124"", ""optimization_0203"", ""optimization_0074"", ""optimization_0039"", ""optimization_0090"", ""optimization_0037"", ""optimization_0088"", ""optimization_0167"", ""optimization_0098""]"
campaign,main,granite4.2:30b/off,1,2,5,1,2fb57cdda4fe1523fd5ba17e21a72072f08dd8f7382785d384ab8658a9735289,0.5365853658536586,"[""3a07e3a99b469e442d8ed938fff0c6d43657e40ea92ab811c38927edf95d396c"", ""f99bd0ebf676d8fd00e4e9addd1bec25ea0c21f4ebc5b5b6812a88592e7ed396"", ""2fb57cdda4fe1523fd5ba17e21a72072f08dd8f7382785d384ab8658a9735289""]","[""optimization_0237"", ""optimization_0144"", ""optimization_0061"", ""optimization_0154"", ""optimization_0191"", ""optimization_0080"", ""optimization_0201"", ""optimization_0174"", ""optimization_0145"", ""optimization_0052"", ""optimization_0089"", ""optimization_0146"", ""optimization_0147"", ""optimization_0036"", ""optimization_0151"", ""optimization_0238"", ""optimization_0071"", ""optimization_0056"", ""optimization_0015"", ""optimization_0126"", ""optimization_0181"", ""optimization_0016"", ""optimization_0059"", ""optimization_0008""]"
campaign,main,granite4.2:30b/off,1,2,6,0,d0d450eb949e675ab687e83275f3fd8a1d7899fa90eae3f63ba62bd36400a1a4,0.34355828220858897,"[""2fb57cdda4fe1523fd5ba17e21a72072f08dd8f7382785d384ab8658a9735289"", ""d0d450eb949e675ab687e83275f3fd8a1d7899fa90eae3f63ba62bd36400a1a4"", ""2a2df9b46d177c9169c7c7fbdf145b0535eeeb5b5e29c019a6ed17f58c6f8d3e""]","[""optimization_0153"", ""optimization_0006"", ""optimization_0121"", ""optimization_0214"", ""optimization_0173"", ""optimization_0224"", ""optimization_0165"", ""optimization_0156"", ""optimization_0109"", ""optimization_0106"", ""optimization_0185"", ""optimization_0044"", ""optimization_0033"", ""optimization_0198"", ""optimization_0019"", ""optimization_0034"", ""optimization_0047"", ""optimization_0206"", ""optimization_0099"", ""optimization_0048"", ""optimization_0211"", ""optimization_0166"", ""optimization_0101"", ""optimization_0014""]"
campaign,main,granite4.2:30b/off,1,2,7,0,2c049a4f44f8d439adb03ed6ea6fc85dd682c472959f038727502acebff0657f,0.37398373983739835,"[""d0d450eb949e675ab687e83275f3fd8a1d7899fa90eae3f63ba62bd36400a1a4"", ""2c049a4f44f8d439adb03ed6ea6fc85dd682c472959f038727502acebff0657f"", ""4364503b2ea4c8a518365ab4a3bd200f1d2dc1a9c57953fa4214769536377f72""]","[""optimization_0069"", ""optimization_0234"", ""optimization_0013"", ""optimization_0010"", ""optimization_0227"", ""optimization_0176"", ""optimization_0177"", ""optimization_0210"", ""optimization_0067"", ""optimization_0040"", ""optimization_0011"", ""optimization_0038"", ""optimization_0111"", ""optimization_0132"", ""optimization_0043"", ""optimization_0112"", ""optimization_0209"", ""optimization_0062"", ""optimization_0093"", ""optimization_0120"", ""optimization_0007"", ""optimization_0226"", ""optimization_0083"", ""optimization_0230""]"
campaign,main,qwen3.8:27b/off,3,1,0,1,64b83630b0106d85b9305732bce63b022c8e2b74d739fa48f61225cb4067a2d9,0.7167630057803468,"[""0080638c0f58d5b18e6db10f0327e0c85125dd7c1ea1ae311fd5ad96c05b3078"", ""23c3277f13ccbadbfec993b43a3c75fd08f44c6d807ad2753152b5a94c123f9a"", ""64b83630b0106d85b9305732bce63b022c8e2b74d739fa48f61225cb4067a2d9""]","[""optimization_0219"", ""optimization_0000"", ""optimization_0121"", ""optimization_0034"", ""optimization_0221"", ""optimization_0200"", ""optimization_0099"", ""optimization_0024"", ""optimization_0169"", ""optimization_0094"", ""optimization_0155"", ""optimization_0176"", ""optimization_0063"", ""optimization_0048"", ""optimization_0031"", ""optimization_0118"", ""optimization_0215"", ""optimization_0122"", ""optimization_0105"", ""optimization_0096"", ""optimization_0085"", ""optimization_0220"", ""optimization_0119"", ""optimization_0218""]"
campaign,main,qwen3.8:27b/off,3,1,1,1,de6a4cbe60e2918620407857740ef479da8c594c04ce67474a8153ac88497375,0.8023952095808383,"[""64b83630b0106d85b9305732bce63b022c8e2b74d739fa48f61225cb4067a2d9"", ""ea9e3456c3764bf016460aa55b631b1f9083b67c3730bc382223edd4317ab19e"", ""de6a4cbe60e2918620407857740ef479da8c594c04ce67474a8153ac88497375""]","[""optimization_0093"", ""optimization_0174"", ""optimization_0115"", ""optimization_0214"", ""optimization_0209"", ""optimization_0080"", ""optimization_0237"", ""optimization_0210"", ""optimization_0229"", ""optimization_0160"", ""optimization_0191"", ""optimization_0032"", ""optimization_0111"", ""optimization_0180"", ""optimization_0157"", ""optimization_0076"", ""optimization_0143"", ""optimization_0116"", ""optimization_0069"", ""optimization_0150"", ""optimization_0067"", ""optimization_0022"", ""optimization_0125"", ""optimization_0002""]"
campaign,main,qwen3.8:27b/off,3,1,2,-1,de6a4cbe60e2918620407857740ef479da8c594c04ce67474a8153ac88497375,0.8,"[""de6a4cbe60e2918620407857740ef479da8c594c04ce67474a8153ac88497375"", ""fa82bc815674c1680acd5457e7ea249a4fdcdf4d6dda2853fb00a4ffbc704d01"", ""4e5ccc8f3f36f83a6e5d6ae07ae4a18bc805aa043eb37e2338caf15c3066d564""]","[""optimization_0207"", ""optimization_0084"", ""optimization_0013"", ""optimization_0070"", ""optimization_0071"", ""optimization_0056"", ""optimization_0183"", ""optimization_0108"", ""optimization_0175"", ""optimization_0100"", ""optimization_0203"", ""optimization_0134"", ""optimization_0009"", ""optimization_0198"", ""optimization_0109"", ""optimization_0190"", ""optimization_0137"", ""optimization_0146"", ""optimization_0201"", ""optimization_0162"", ""optimization_0091"", ""optimization_0148"", ""optimization_0053"", ""optimization_0062""]"
campaign,main,qwen3.8:27b/off,3,1,3,1,3dd5506131eb4b2b8d7702f75b1d3b205b0ea41c858491f4e0073d4099fe535d,0.7134502923976608,"[""de6a4cbe60e2918620407857740ef479da8c594c04ce67474a8153ac88497375"", ""d21b4d594779c4ba238a46d654b86d1bb83447b0b1d63f59cc0f41171f8beb9a"", ""3dd5506131eb4b2b8d7702f75b1d3b205b0ea41c858491f4e0073d4099fe535d""]","[""optimization_0135"", ""optimization_0144"", ""optimization_0133"", ""optimization_0058"", ""optimization_0077"", ""optimization_0140"", ""optimization_0231"", ""optimization_0030"", ""optimization_0073"", ""optimization_0232"", ""optimization_0065"", ""optimization_0236"", ""optimization_0177"", ""optimization_0042"", ""optimization_0079"", ""optimization_0052"", ""optimization_0011"", ""optimization_0188"", ""optimization_0051"", ""optimization_0192"", ""optimization_0139"", ""optimization_0184"", ""optimization_0167"", ""optimization_0110""]"
campaign,main,qwen3.8:27b/off,3,1,4,0,a52914c8cdc359ca7043d3057fa105b78afd0de4d1fde7539a23af4958ecde35,0.7659574468085106,"[""3dd5506131eb4b2b8d7702f75b1d3b205b0ea41c858491f4e0073d4099fe535d"", ""a52914c8cdc359ca7043d3057fa105b78afd0de4d1fde7539a23af4958ecde35"", ""e9504ec31e490aef301f241029da5d84f2266e16d37db50f890a7ca802ba195a""]","[""optimization_0195"", ""optimization_0006"", ""optimization_0211"", ""optimization_0208"", ""optimization_0023"", ""optimization_0050"", ""optimization_0075"", ""optimization_0036"", ""optimization_0097"", ""optimization_0124"", ""optimization_0173"", ""optimization_0170"", ""optimization_0045"", ""optimization_0066"", ""optimization_0001"", ""optimization_0226"", ""optimization_0059"", ""optimization_0152"", ""optimization_0039"", ""optimization_0126"", ""optimization_0187"", ""optimization_0088"", ""optimization_0035"", ""optimization_0098""]"
campaign,main,qwen3.8:27b/off,3,1,5,0,b04ffc4d9980295f2274eab6cbfdb81877c7cfe124c69f252dd280e0e87fb0ef,0.5967741935483871,"[""a52914c8cdc359ca7043d3057fa105b78afd0de4d1fde7539a23af4958ecde35"", ""b04ffc4d9980295f2274eab6cbfdb81877c7cfe124c69f252dd280e0e87fb0ef"", ""cdd4927943b3dc7a044b409e0e33c256e551df8ceef293020cf71c59148a3e3e""]","[""optimization_0225"", ""optimization_0054"", ""optimization_0049"", ""optimization_0112"", ""optimization_0233"", ""optimization_0194"", ""optimization_0081"", ""optimization_0012"", ""optimization_0235"", ""optimization_0172"", ""optimization_0179"", ""optimization_0224"", ""optimization_0057"", ""optimization_0216"", ""optimization_0145"", ""optimization_0004"", ""optimization_0131"", ""optimization_0038"", ""optimization_0027"", ""optimization_0222"", ""optimization_0019"", ""optimization_0028"", ""optimization_0017"", ""optimization_0044""]"
campaign,main,qwen3.8:27b/off,3,1,6,1,2ed7a66eca751426a7e2650ec457ef3a86c5720f8dc4d9c02b0d385f51ce429b,0.7592592592592593,"[""b04ffc4d9980295f2274eab6cbfdb81877c7cfe124c69f252dd280e0e87fb0ef"", ""e71fc1e00d61e9d19f8707e6635ebc34556a5201c7520154f846dacc9ad50f74"", ""2ed7a66eca751426a7e2650ec457ef3a86c5720f8dc4d9c02b0d385f51ce429b""]","[""optimization_0159"", ""optimization_0234"", ""optimization_0103"", ""optimization_0064"", ""optimization_0101"", ""optimization_0230"", ""optimization_0015"", ""optimization_0168"", ""optimization_0007"", ""optimization_0166"", ""optimization_0047"", ""optimization_0086"", ""optimization_0129"", ""optimization_0072"", ""optimization_0205"", ""optimization_0130"", ""optimization_0161"", ""optimization_0014"", ""optimization_0153"", ""optimization_0078"", ""optimization_0199"", ""optimization_0136"", ""optimization_0227"", ""optimization_0026""]"
campaign,main,qwen3.8:27b/off,3,1,7,1,17c39d67d767828065daff3214b0eaf634e1a97fbd3c2cb32905df11654e40e8,0.7058823529411765,"[""2ed7a66eca751426a7e2650ec457ef3a86c5720f8dc4d9c02b0d385f51ce429b"", ""daac7e3ae40f672c69b191eb518129e48408a5d344f3e2a61190ace4a5c434ff"", ""17c39d67d767828065daff3214b0eaf634e1a97fbd3c2cb32905df11654e40e8""]","[""optimization_0141"", ""optimization_0120"", ""optimization_0055"", ""optimization_0178"", ""optimization_0083"", ""optimization_0008"", ""optimization_0033"", ""optimization_0138"", ""optimization_0163"", ""optimization_0202"", ""optimization_0089"", ""optimization_0104"", ""optimization_0087"", ""optimization_0186"", ""optimization_0025"", ""optimization_0082"", ""optimization_0107"", ""optimization_0020"", ""optimization_0117"", ""optimization_0204"", ""optimization_0181"", ""optimization_0040"", ""optimization_0113"", ""optimization_0092""]"
campaign,main,granite4.2:30b/off,2,5,0,-1,0080638c0f58d5b18e6db10f0327e0c85125dd7c1ea1ae311fd5ad96c05b3078,0.3598326359832636,"[""0080638c0f58d5b18e6db10f0327e0c85125dd7c1ea1ae311fd5ad96c05b3078"", ""c068927c06918acf882bdb6a61997ce22b68031696006aea844ed51c88b4c556"", ""e5ffad8abb0cb70c184896e28307553b718c533485000c48493f9a9c4bad9e1a""]","[""optimization_0201"", ""optimization_0036"", ""optimization_0133"", ""optimization_0154"", ""optimization_0215"", ""optimization_0080"", ""optimization_0051"", ""optimization_0180"", ""optimization_0103"", ""optimization_0040"", ""optimization_0053"", ""optimization_0044"", ""optimization_0147"", ""optimization_0234"", ""optimization_0217"", ""optimization_0226"", ""optimization_0161"", ""optimization_0182"", ""optimization_0231"", ""optimization_0156"", ""optimization_0229"", ""optimization_0136"", ""optimization_0191"", ""optimization_0008""]"
campaign,main,granite4.2:30b/off,2,5,1,0,8f94dbd7ee36682907555e4b2dd07a7108ccb030214648c246aa8fe291c1f922,0.45045045045045046,"[""0080638c0f58d5b18e6db10f0327e0c85125dd7c1ea1ae311fd5ad96c05b3078"", ""8f94dbd7ee36682907555e4b2dd07a7108ccb030214648c246aa8fe291c1f922"", ""25f73d52e51eb7a0fc15c8443e518ff3733055db2537a876a40f0eb6486fd1fc""]","[""optimization_0219"", ""optimization_0030"", ""optimization_0031"", ""optimization_0064"", ""optimization_0149"", ""optimization_0092"", ""optimization_0159"", ""optimization_0084"", ""optimization_0181"", ""optimization_0160"", ""optimization_0185"", ""optimization_0236"", ""optimization_0153"", ""optimization_0078"", ""optimization_0169"", ""optimization_0190"", ""optimization_0173"", ""optimization_0026"", ""optimization_0171"", ""optimization_0210"", ""optimization_0007"", ""optimization_0046"", ""optimization_0023"", ""optimization_0224""]"
campaign,main,granite4.2:30b/off,2,5,2,1,dcaa70c2fc66aabc8e20dd5c8ab2f283f9dc5acf992a6856253d0ac850169e46,0.3829787234042553,"[""8f94dbd7ee36682907555e4b2dd07a7108ccb030214648c246aa8fe291c1f922"", ""2418b78a852aaeb03b8ffe3db4f54698dc2171333edb9a8c6c51340d2f5b7040"", ""dcaa70c2fc66aabc8e20dd5c8ab2f283f9dc5acf992a6856253d0ac850169e46""]","[""optimization_0165"", ""optimization_0186"", ""optimization_0235"", ""optimization_0118"", ""optimization_0059"", ""optimization_0074"", ""optimization_0093"", ""optimization_0228"", ""optimization_0013"", ""optimization_0094"", ""optimization_0113"", ""optimization_0020"", ""optimization_0015"", ""optimization_0054"", ""optimization_0211"", ""optimization_0100"", ""optimization_0017"", ""optimization_0200"", ""optimization_0033"", ""optimization_0024"", ""optimization_0157"", ""optimization_0010"", ""optimization_0029"", ""optimization_0158""]"
campaign,main,granite4.2:30b/off,2,5,3,1,38ff05d2c23d7c3c79d6103a8b7ba510ec762a1f5e24e4bf7a7850303072117a,0.4426229508196721,"[""dcaa70c2fc66aabc8e20dd5c8ab2f283f9dc5acf992a6856253d0ac850169e46"", ""3872c695fba4add6dc091783ec5b90611cbac61b7e230dcb8e1a45aab8ba08d8"", ""38ff05d2c23d7c3c79d6103a8b7ba510ec762a1f5e24e4bf7a7850303072117a""]","[""optimization_0081"", ""optimization_0216"", ""optimization_0163"", ""optimization_0106"", ""optimization_0221"", ""optimization_0146"", ""optimization_0039"", ""optimization_0102"", ""optimization_0115"", ""optimization_0028"", ""optimization_0083"", ""optimization_0188"", ""optimization_0129"", ""optimization_0162"", ""optimization_0079"", ""optimization_0166"", ""optimization_0095"", ""optimization_0152"", ""optimization_0045"", ""optimization_0108"", ""optimization_0025"", ""optimization_0034"", ""optimization_0227"", ""optimization_0038""]"
campaign,main,granite4.2:30b/off,2,5,4,0,0e9a5c64d3f815761df64dc2927d7e616262781f7a2cd6aadacf7d384196cfbe,0.42391304347826086,"[""38ff05d2c23d7c3c79d6103a8b7ba510ec762a1f5e24e4bf7a7850303072117a"", ""0e9a5c64d3f815761df64dc2927d7e616262781f7a2cd6aadacf7d384196cfbe"", ""54e1e8e738339037f97cc1635cc5710d03c39a37bf0e3baa9dd91756c60b7198""]","[""optimization_0183"", ""optimization_0120"", ""optimization_0205"", ""optimization_0214"", ""optimization_0107"", ""optimization_0056"", ""optimization_0009"", ""optimization_0042"", ""optimization_0097"", ""optimization_0178"", ""optimization_0119"", ""optimization_0068"", ""optimization_0135"", ""optimization_0174"", ""optimization_0139"", ""optimization_0088"", ""optimization_0209"", ""optimization_0206"", ""optimization_0105"", ""optimization_0072"", ""optimization_0043"", ""optimization_0232"", ""optimization_0041"", ""optimization_0134""]"
campaign,main,granite4.2:30b/off,2,5,5,1,4c3fbaf1c107885cf79db941b9689b1d464b502b91113dfb6ce1f22861d6a041,0.3737704918032787,"[""0e9a5c64d3f815761df64dc2927d7e616262781f7a2cd6aadacf7d384196cfbe"", ""f229ef5be464dcdb2adcf4d7ca689ae425c21759b120b25e528089a1a2519c62"", ""4c3fbaf1c107885cf79db941b9689b1d464b502b91113dfb6ce1f22861d6a041""]","[""optimization_0099"", ""optimization_0144"", ""optimization_0175"", ""optimization_0052"", ""optimization_0035"", ""optimization_0032"", ""optimization_0123"", ""optimization_0138"", ""optimization_0055"", ""optimization_0130"", ""optimization_0071"", ""optimization_0128"", ""optimization_0021"", ""optimization_0222"", ""optimization_0061"", ""optimization_0058"", ""optimization_0065"", ""optimization_0170"", ""optimization_0003"", ""optimization_0192"", ""optimization_0187"", ""optimization_0070"", ""optimization_0089"", ""optimization_0110""]"
campaign,main,granite4.2:30b/off,2,5,6,-1,4c3fbaf1c107885cf79db941b9689b1d464b502b91113dfb6ce1f22861d6a041,0.25622775800711745,"[""4c3fbaf1c107885cf79db941b9689b1d464b502b91113dfb6ce1f22861d6a041"", ""7dbd8a39d88c5dc3412bc618922589a71988b233d71aad580e69ca134b681558"", ""b619beea32780692740f7c87418a1580ad46670128f9465aa5e42f167399b6be""]","[""optimization_0057"", ""optimization_0198"", ""optimization_0199"", ""optimization_0208"", ""optimization_0155"", ""optimization_0086"", ""optimization_0207"", ""optimization_0048"", ""optimization_0037"", ""optimization_0142"", ""optimization_0131"", ""optimization_0218"", ""optimization_0075"", ""optimization_0114"", ""optimization_0151"", ""optimization_0022"", ""optimization_0101"", ""optimization_0116"", ""optimization_0195"", ""optimization_0096"", ""optimization_0109"", ""optimization_0112"", ""optimization_0005"", ""optimization_0194""]"
campaign,main,granite4.2:30b/off,2,5,7,1,17d29a2f1a2a446a6f4870177b4487ce0deecbaaa6c6c476218516b3bd02e103,0.2948207171314741,"[""4c3fbaf1c107885cf79db941b9689b1d464b502b91113dfb6ce1f22861d6a041"", ""5d6b1e57ad50d2c3d7d7b89ae410ed7b10e15a9436e2cf4ebb44c5f185fb20a9"", ""17d29a2f1a2a446a6f4870177b4487ce0deecbaaa6c6c476218516b3bd02e103""]","[""optimization_0063"", ""optimization_0204"", ""optimization_0193"", ""optimization_0148"", ""optimization_0239"", ""optimization_0098"", ""optimization_0177"", ""optimization_0132"", ""optimization_0001"", ""optimization_0196"", ""optimization_0233"", ""optimization_0122"", ""optimization_0189"", ""optimization_0000"", ""optimization_0019"", ""optimization_0076"", ""optimization_0125"", ""optimization_0230"", ""optimization_0213"", ""optimization_0006"", ""optimization_0049"", ""optimization_0004"", ""optimization_0137"", ""optimization_0014""]"
campaign,main,granite4.2:30b/off,2,2,0,-1,0080638c0f58d5b18e6db10f0327e0c85125dd7c1ea1ae311fd5ad96c05b3078,0.38009049773755654,"[""0080638c0f58d5b18e6db10f0327e0c85125dd7c1ea1ae311fd5ad96c05b3078"", ""9312d24b45859f2757035813e07d8188137a7b37874159ed6874a7b3100c77ad"", ""00634f9748c6e385647996047f700a967272da29613979ab86a47e690f823252""]","[""optimization_0003"", ""optimization_0078"", ""optimization_0163"", ""optimization_0232"", ""optimization_0053"", ""optimization_0122"", ""optimization_0183"", ""optimization_0066"", ""optimization_0217"", ""optimization_0100"", ""optimization_0017"", ""optimization_0026"", ""optimization_0051"", ""optimization_0072"", ""optimization_0175"", ""optimization_0058"", ""optimization_0119"", ""optimization_0110"", ""optimization_0219"", ""optimization_0012"", ""optimization_0199"", ""optimization_0190"", ""optimization_0023"", ""optimization_0236""]"
campaign,main,granite4.2:30b/off,2,2,1,-1,0080638c0f58d5b18e6db10f0327e0c85125dd7c1ea1ae311fd5ad96c05b3078,0.14925373134328357,"[""0080638c0f58d5b18e6db10f0327e0c85125dd7c1ea1ae311fd5ad96c05b3078"", ""4dd4a38779942007737b8705be65b1e97703b95e2451ce25d003ffed8869333b"", ""c12254440aba5e4dd4d0a4d831df841b9a2f81eb7d83c880c1652387bd940836""]","[""optimization_0045"", ""optimization_0084"", ""optimization_0127"", ""optimization_0070"", ""optimization_0029"", ""optimization_0188"", ""optimization_0081"", ""optimization_0192"", ""optimization_0049"", ""optimization_0142"", ""optimization_0221"", ""optimization_0104"", ""optimization_0171"", ""optimization_0096"", ""optimization_0205"", ""optimization_0202"", ""optimization_0131"", ""optimization_0134"", ""optimization_0225"", ""optimization_0054"", ""optimization_0133"", ""optimization_0028"", ""optimization_0179"", ""optimization_0194""]"
campaign,main,granite4.2:30b/off,2,2,2,1,7386051c1190075f1718b13fc866119cac5483026428a200cb3a83cae205c6a5,0.24719101123595505,"[""0080638c0f58d5b18e6db10f0327e0c85125dd7c1ea1ae311fd5ad96c05b3078"", ""6331bb2c6784be744e4b217d7808429ee988bd41f21a7f7b5ae06119c4f699be"", ""7386051c1190075f1718b13fc866119cac5483026428a200cb3a83cae205c6a5""]","[""optimization_0129"", ""optimization_0060"", ""optimization_0025"", ""optimization_0118"", ""optimization_0107"", ""optimization_0128"", ""optimization_0123"", ""optimization_0024"", ""optimization_0097"", ""optimization_0220"", ""optimization_0077"", ""optimization_0116"", ""optimization_0231"", ""optimization_0102"", ""optimization_0115"", ""optimization_0076"", ""optimization_0005"", ""optimization_0152"", ""optimization_0063"", ""optimization_0138"", ""optimization_0229"", ""optimization_0172"", ""optimization_0137"", ""optimization_0050""]"
campaign,main,granite4.2:30b/off,2,2,3,0,a7e7be36401e8b52686f118241ec4f2df30b245c0e6339a032d8dd79e309406d,0.352112676056338,"[""7386051c1190075f1718b13fc866119cac5483026428a200cb3a83cae205c6a5"", ""a7e7be36401e8b52686f118241ec4f2df30b245c0e6339a032d8dd79e309406d"", ""8d206d3a89515d517d61284669fc21292498809e35e078ee6625f81d0bf14475""]","[""optimization_0057"", ""optimization_0000"", ""optimization_0073"", ""optimization_0196"", ""optimization_0215"", ""optimization_0002"", ""optimization_0195"", ""optimization_0018"", ""optimization_0169"", ""optimization_0178"", ""optimization_0125"", ""optimization_0164"", ""optimization_0207"", ""optimization_0168"", ""optimization_0157"", ""optimization_0160"", ""optimization_0197"", ""optimization_0092"", ""optimization_0021"", ""optimization_0222"", ""optimization_0223"", ""optimization_0136"", ""optimization_0233"", ""optimization_0158""]"
campaign,main,granite4.2:30b/off,2,2,4,-1,a7e7be36401e8b52686f118241ec4f2df30b245c0e6339a032d8dd79e309406d,0.14285714285714285,"[""a7e7be36401e8b52686f118241ec4f2df30b245c0e6339a032d8dd79e309406d"", ""ad4c44dedf9680f659d5b23467e3ec8ad88f5c0d1344ccacddc33f3222d872a8"", ""c2fb96cbeab654b35fa16ebf8713f4b7ee49645d902ccfbf391024729851063b""]","[""optimization_0027"", ""optimization_0030"", ""optimization_0031"", ""optimization_0004"", ""optimization_0041"", ""optimization_0068"", ""optimization_0075"", ""optimization_0150"", ""optimization_0193"", ""optimization_0046"", ""optimization_0161"", ""optimization_0086"", ""optimization_0009"", ""optimization_0114"", ""optimization_0187"", ""optimization_0124"", ""optimization_0203"", ""optimization_0074"", ""optimization_0039"", ""optimization_0090"", ""optimization_0037"", ""optimization_0088"", ""optimization_0167"", ""optimization_0098""]"
campaign,main,granite4.2:30b/off,2,2,5,0,f26d8c56b038a7325b8ed52f9e63d2ed51ad9fbd726b3ef351943f40a7ea2618,0.31932773109243695,"[""a7e7be36401e8b52686f118241ec4f2df30b245c0e6339a032d8dd79e309406d"", ""f26d8c56b038a7325b8ed52f9e63d2ed51ad9fbd726b3ef351943f40a7ea2618"", ""2dfc5d206f603b03399eed68d7cc848a3fa768ef13fa2a75b3a4ec33b2c7483f""]","[""optimization_0237"", ""optimization_0144"", ""optimization_0061"", ""optimization_0154"", ""optimization_0191"", ""optimization_0080"", ""optimization_0201"", ""optimization_0174"", ""optimization_0145"", ""optimization_0052"", ""optimization_0089"", ""optimization_0146"", ""optimization_0147"", ""optimization_0036"", ""optimization_0151"", ""optimization_0238"", ""optimization_0071"", ""optimization_0056"", ""optimization_0015"", ""optimization_0126"", ""optimization_0181"", ""optimization_0016"", ""optimization_0059"", ""optimization_0008""]"
campaign,main,granite4.2:30b/off,2,2,6,0,fc4043b3acd97e9d8405d8dd7c044eae510434e839ab65b95b78b8c3a3be28e8,0.3939393939393939,"[""f26d8c56b038a7325b8ed52f9e63d2ed51ad9fbd726b3ef351943f40a7ea2618"", ""fc4043b3acd97e9d8405d8dd7c044eae510434e839ab65b95b78b8c3a3be28e8"", ""26aef3024f29a63a75723c19a680523361f19ea24ff421b3a579f3dba7b588d6""]","[""optimization_0153"", ""optimization_0006"", ""optimization_0121"", ""optimization_0214"", ""optimization_0173"", ""optimization_0224"", ""optimization_0165"", ""optimization_0156"", ""optimization_0109"", ""optimization_0106"", ""optimization_0185"", ""optimization_0044"", ""optimization_0033"", ""optimization_0198"", ""optimization_0019"", ""optimization_0034"", ""optimization_0047"", ""optimization_0206"", ""optimization_0099"", ""optimization_0048"", ""optimization_0211"", ""optimization_0166"", ""optimization_0101"", ""optimization_0014""]"
campaign,main,granite4.2:30b/off,2,2,7,1,618ebd94b0a56a117a8e1e37dea577d4f9155cce63873fd144ff6a18d7412a97,0.22,"[""fc4043b3acd97e9d8405d8dd7c044eae510434e839ab65b95b78b8c3a3be28e8"", ""2ed7f13368f15e2ddb736b36bf1d10802c068e38ab91c33875ce28ba823e86a3"", ""618ebd94b0a56a117a8e1e37dea577d4f9155cce63873fd144ff6a18d7412a97""]","[""optimization_0069"", ""optimization_0234"", ""optimization_0013"", ""optimization_0010"", ""optimization_0227"", ""optimization_0176"", ""optimization_0177"", ""optimization_0210"", ""optimization_0067"", ""optimization_0040"", ""optimization_0011"", ""optimization_0038"", ""optimization_0111"", ""optimization_0132"", ""optimization_0043"", ""optimization_0112"", ""optimization_0209"", ""optimization_0062"", ""optimization_0093"", ""optimization_0120"", ""optimization_0007"", ""optimization_0226"", ""optimization_0083"", ""optimization_0230""]"
campaign,reference,qwen3.8:27b/off,2,1,0,-1,0080638c0f58d5b18e6db10f0327e0c85125dd7c1ea1ae311fd5ad96c05b3078,0.6705202312138728,"[""0080638c0f58d5b18e6db10f0327e0c85125dd7c1ea1ae311fd5ad96c05b3078"", ""240a83292e852386511f2fb8ade12b1411275d9f18c45e9afc98e475091e723e"", ""6ba43bf6ccc34f19593f93833afdb7160e8e0c96a880cf62a0c863b9adba10e7""]","[""optimization_0219"", ""optimization_0000"", ""optimization_0121"", ""optimization_0034"", ""optimization_0221"", ""optimization_0200"", ""optimization_0099"", ""optimization_0024"", ""optimization_0169"", ""optimization_0094"", ""optimization_0155"", ""optimization_0176"", ""optimization_0063"", ""optimization_0048"", ""optimization_0031"", ""optimization_0118"", ""optimization_0215"", ""optimization_0122"", ""optimization_0105"", ""optimization_0096"", ""optimization_0085"", ""optimization_0220"", ""optimization_0119"", ""optimization_0218""]"
campaign,reference,qwen3.8:27b/off,2,1,1,-1,0080638c0f58d5b18e6db10f0327e0c85125dd7c1ea1ae311fd5ad96c05b3078,0.7305389221556886,"[""0080638c0f58d5b18e6db10f0327e0c85125dd7c1ea1ae311fd5ad96c05b3078"", ""f04d92137c7674f57666caa2a472bdcaa5dcd3ebcfc85d7bd16b2c1f7f26fccb"", ""cff0ae3e50e4ddca4859f25e1e064fe110fdd5360b56cab084b4524f9441732f""]","[""optimization_0093"", ""optimization_0174"", ""optimization_0115"", ""optimization_0214"", ""optimization_0209"", ""optimization_0080"", ""optimization_0237"", ""optimization_0210"", ""optimization_0229"", ""optimization_0160"", ""optimization_0191"", ""optimization_0032"", ""optimization_0111"", ""optimization_0180"", ""optimization_0157"", ""optimization_0076"", ""optimization_0143"", ""optimization_0116"", ""optimization_0069"", ""optimization_0150"", ""optimization_0067"", ""optimization_0022"", ""optimization_0125"", ""optimization_0002""]"
campaign,reference,qwen3.8:27b/off,2,1,2,-1,0080638c0f58d5b18e6db10f0327e0c85125dd7c1ea1ae311fd5ad96c05b3078,0.726027397260274,"[""0080638c0f58d5b18e6db10f0327e0c85125dd7c1ea1ae311fd5ad96c05b3078"", ""f39ee4769fa3d3f761c5f1d222f6ce2389629a62a2be5e7acdad66115cb93b4a"", ""452c075414f24523b22212af209ee9eeaf7149367c2a51e66a0b505d66c87fcd""]","[""optimization_0207"", ""optimization_0084"", ""optimization_0013"", ""optimization_0070"", ""optimization_0071"", ""optimization_0056"", ""optimization_0183"", ""optimization_0108"", ""optimization_0175"", ""optimization_0100"", ""optimization_0203"", ""optimization_0134"", ""optimization_0009"", ""optimization_0198"", ""optimization_0109"", ""optimization_0190"", ""optimization_0137"", ""optimization_0146"", ""optimization_0201"", ""optimization_0162"", ""optimization_0091"", ""optimization_0148"", ""optimization_0053"", ""optimization_0062""]"
campaign,reference,qwen3.8:27b/off,2,1,3,-1,0080638c0f58d5b18e6db10f0327e0c85125dd7c1ea1ae311fd5ad96c05b3078,0.75,"[""0080638c0f58d5b18e6db10f0327e0c85125dd7c1ea1ae311fd5ad96c05b3078"", ""f12393f7bbb7019f19faa3626b2bc09bc05d7f179b243101f5a169b5d44d59ff"", ""fb2478192aa3f8da2e4d04a0b842adc1d243e7cfe3e7adb8ebdc163a23dd3c79""]","[""optimization_0135"", ""optimization_0144"", ""optimization_0133"", ""optimization_0058"", ""optimization_0077"", ""optimization_0140"", ""optimization_0231"", ""optimization_0030"", ""optimization_0073"", ""optimization_0232"", ""optimization_0065"", ""optimization_0236"", ""optimization_0177"", ""optimization_0042"", ""optimization_0079"", ""optimization_0052"", ""optimization_0011"", ""optimization_0188"", ""optimization_0051"", ""optimization_0192"", ""optimization_0139"", ""optimization_0184"", ""optimization_0167"", ""optimization_0110""]"
campaign,reference,qwen3.8:27b/off,2,1,4,-1,0080638c0f58d5b18e6db10f0327e0c85125dd7c1ea1ae311fd5ad96c05b3078,0.8,"[""0080638c0f58d5b18e6db10f0327e0c85125dd7c1ea1ae311fd5ad96c05b3078"", ""8c5b8f75920fbe7bfcadd866e4373920b5fcb552c4303f52ef27cd5579b4e001"", ""c1c32bb4d5fb63f800a6b2b94c4f50d3150d938b162f9b6b0dcf02c3783687de""]","[""optimization_0195"", ""optimization_0006"", ""optimization_0211"", ""optimization_0208"", ""optimization_0023"", ""optimization_0050"", ""optimization_0075"", ""optimization_0036"", ""optimization_0097"", ""optimization_0124"", ""optimization_0173"", ""optimization_0170"", ""optimization_0045"", ""optimization_0066"", ""optimization_0001"", ""optimization_0226"", ""optimization_0059"", ""optimization_0152"", ""optimization_0039"", ""optimization_0126"", ""optimization_0187"", ""optimization_0088"", ""optimization_0035"", ""optimization_0098""]"
campaign,reference,qwen3.8:27b/off,2,1,5,-1,0080638c0f58d5b18e6db10f0327e0c85125dd7c1ea1ae311fd5ad96c05b3078,0.6078431372549019,"[""0080638c0f58d5b18e6db10f0327e0c85125dd7c1ea1ae311fd5ad96c05b3078"", ""cbb791d3bdc9443cc276e7ad45f2079d14ad8eb696a27c841099bf093e6cf54d"", ""9c88f10a4a16df4d6360d8abd0fbf44843eb4c5437a401e4058e895b22f0b802""]","[""optimization_0225"", ""optimization_0054"", ""optimization_0049"", ""optimization_0112"", ""optimization_0233"", ""optimization_0194"", ""optimization_0081"", ""optimization_0012"", ""optimization_0235"", ""optimization_0172"", ""optimization_0179"", ""optimization_0224"", ""optimization_0057"", ""optimization_0216"", ""optimization_0145"", ""optimization_0004"", ""optimization_0131"", ""optimization_0038"", ""optimization_0027"", ""optimization_0222"", ""optimization_0019"", ""optimization_0028"", ""optimization_0017"", ""optimization_0044""]"
campaign,reference,qwen3.8:27b/off,2,1,6,0,2715a7d0cdf229e00bac01715116a2c803c087249d8263ae31173aa90418566d,0.6979166666666666,"[""0080638c0f58d5b18e6db10f0327e0c85125dd7c1ea1ae311fd5ad96c05b3078"", ""2715a7d0cdf229e00bac01715116a2c803c087249d8263ae31173aa90418566d"", ""1e7473663b3561de2833c973e791f418f550c2814ac57957bd80a76956ce60ef""]","[""optimization_0159"", ""optimization_0234"", ""optimization_0103"", ""optimization_0064"", ""optimization_0101"", ""optimization_0230"", ""optimization_0015"", ""optimization_0168"", ""optimization_0007"", ""optimization_0166"", ""optimization_0047"", ""optimization_0086"", ""optimization_0129"", ""optimization_0072"", ""optimization_0205"", ""optimization_0130"", ""optimization_0161"", ""optimization_0014"", ""optimization_0153"", ""optimization_0078"", ""optimization_0199"", ""optimization_0136"", ""optimization_0227"", ""optimization_0026""]"
campaign,reference,qwen3.8:27b/off,2,1,7,0,2b3917fcfe5b9f862758d6495ebada549052fdc0acd235eb5626064a49063a4a,0.631578947368421,"[""2715a7d0cdf229e00bac01715116a2c803c087249d8263ae31173aa90418566d"", ""2b3917fcfe5b9f862758d6495ebada549052fdc0acd235eb5626064a49063a4a"", ""61e133f4973c7e470a40e9900d1e623c43621eb692e2b41c5e50bec5c4b1e719""]","[""optimization_0141"", ""optimization_0120"", ""optimization_0055"", ""optimization_0178"", ""optimization_0083"", ""optimization_0008"", ""optimization_0033"", ""optimization_0138"", ""optimization_0163"", ""optimization_0202"", ""optimization_0089"", ""optimization_0104"", ""optimization_0087"", ""optimization_0186"", ""optimization_0025"", ""optimization_0082"", ""optimization_0107"", ""optimization_0020"", ""optimization_0117"", ""optimization_0204"", ""optimization_0181"", ""optimization_0040"", ""optimization_0113"", ""optimization_0092""]"
campaign,main,qwen3.8:27b/off,3,3,0,1,9e04ac265d4f61cd9a0bd97a47908340d4818bfd6db82f0ac4f507427d9a23ba,0.7611940298507462,"[""0080638c0f58d5b18e6db10f0327e0c85125dd7c1ea1ae311fd5ad96c05b3078"", ""5ad9fcdc5dc82f4023902ebcca78cdbe30a28ef8846b67f75f72dad9d4e1688c"", ""9e04ac265d4f61cd9a0bd97a47908340d4818bfd6db82f0ac4f507427d9a23ba""]","[""optimization_0069"", ""optimization_0054"", ""optimization_0067"", ""optimization_0124"", ""optimization_0107"", ""optimization_0062"", ""optimization_0135"", ""optimization_0204"", ""optimization_0223"", ""optimization_0112"", ""optimization_0215"", ""optimization_0086"", ""optimization_0231"", ""optimization_0036"", ""optimization_0175"", ""optimization_0064"", ""optimization_0131"", ""optimization_0146"", ""optimization_0057"", ""optimization_0102"", ""optimization_0025"", ""optimization_0040"", ""optimization_0179"", ""optimization_0134""]"
campaign,main,qwen3.8:27b/off,3,3,1,1,8c4a5bbc3b47110fb163aa6294876e429adea6923e6b989f9c7154c1f99ab36b,0.5957446808510638,"[""9e04ac265d4f61cd9a0bd97a47908340d4818bfd6db82f0ac4f507427d9a23ba"", ""9018661fdcc0bf0b203fbe8291650c1a78c97e51b022e2210406d61779d96ef8"", ""8c4a5bbc3b47110fb163aa6294876e429adea6923e6b989f9c7154c1f99ab36b""]","[""optimization_0165"", ""optimization_0090"", ""optimization_0073"", ""optimization_0004"", ""optimization_0053"", ""optimization_0128"", ""optimization_0021"", ""optimization_0048"", ""optimization_0127"", ""optimization_0010"", ""optimization_0095"", ""optimization_0122"", ""optimization_0093"", ""optimization_0186"", ""optimization_0085"", ""optimization_0238"", ""optimization_0023"", ""optimization_0050"", ""optimization_0141"", ""optimization_0108"", ""optimization_0139"", ""optimization_0100"", ""optimization_0221"", ""optimization_0194""]"
campaign,main,qwen3.8:27b/off,3,3,2,-1,8c4a5bbc3b47110fb163aa6294876e429adea6923e6b989f9c7154c1f99ab36b,0.75,"[""8c4a5bbc3b47110fb163aa6294876e429adea6923e6b989f9c7154c1f99ab36b"", ""06765334f9f0c3613882a57bbab5b72068c2aae13d779ca34f98d37d5c350116"", ""c75bc9756e89c5c1a5bda1d9f3df9db42c32b11b493fd6da66280aee401f34b3""]","[""optimization_0237"", ""optimization_0012"", ""optimization_0043"", ""optimization_0178"", ""optimization_0077"", ""optimization_0140"", ""optimization_0129"", ""optimization_0180"", ""optimization_0133"", ""optimization_0022"", ""optimization_0203"", ""optimization_0098"", ""optimization_0027"", ""optimization_0006"", ""optimization_0001"", ""optimization_0160"", ""optimization_0005"", ""optimization_0080"", ""optimization_0189"", ""optimization_0132"", ""optimization_0097"", ""optimization_0220"", ""optimization_0065"", ""optimization_0152""]"
campaign,main,qwen3.8:27b/off,3,3,3,1,0122b3418265eaef9fd3fe241159203bae0a22751c18d15088befd382d4c72e1,0.813953488372093,"[""8c4a5bbc3b47110fb163aa6294876e429adea6923e6b989f9c7154c1f99ab36b"", ""71e8b69099c17ffaed3ed1fdecaf08ec9f37ee1e09591ab31774dc1a8acd614e"", ""0122b3418265eaef9fd3fe241159203bae0a22751c18d15088befd382d4c72e1""]","[""optimization_0207"", ""optimization_0222"", ""optimization_0013"", ""optimization_0028"", ""optimization_0089"", ""optimization_0218"", ""optimization_0063"", ""optimization_0066"", ""optimization_0103"", ""optimization_0166"", ""optimization_0233"", ""optimization_0074"", ""optimization_0009"", ""optimization_0072"", ""optimization_0193"", ""optimization_0052"", ""optimization_0059"", ""optimization_0164"", ""optimization_0219"", ""optimization_0000"", ""optimization_0235"", ""optimization_0136"", ""optimization_0173"", ""optimization_0182""]"
campaign,main,qwen3.8:27b/off,3,3,4,0,d267656467c05e7706c98112b93551f04e1c67640e07c0e9491c1b2d8f1dec64,0.7631578947368421,"[""0122b3418265eaef9fd3fe241159203bae0a22751c18d15088befd382d4c72e1"", ""d267656467c05e7706c98112b93551f04e1c67640e07c0e9491c1b2d8f1dec64"", ""7fd0e1c2663ba87e743f29fa2da1e9d654c2f47f0e17fee428a83e44983aea96""]","[""optimization_0147"", ""optimization_0156"", ""optimization_0163"", ""optimization_0202"", ""optimization_0149"", ""optimization_0056"", ""optimization_0075"", ""optimization_0030"", ""optimization_0205"", ""optimization_0232"", ""optimization_0155"", ""optimization_0104"", ""optimization_0111"", ""optimization_0114"", ""optimization_0055"", ""optimization_0094"", ""optimization_0029"", ""optimization_0230"", ""optimization_0039"", ""optimization_0162"", ""optimization_0211"", ""optimization_0142"", ""optimization_0185"", ""optimization_0200""]"
campaign,main,qwen3.8:27b/off,3,3,5,0,51c20152d55413553498207363194f403f14ae350e72a84b8caa578619072344,0.7474747474747475,"[""d267656467c05e7706c98112b93551f04e1c67640e07c0e9491c1b2d8f1dec64"", ""51c20152d55413553498207363194f403f14ae350e72a84b8caa578619072344"", ""8b2c82efabbfc59e6c8910c30227f42210423811642e433fd4254e7936704922""]","[""optimization_0003"", ""optimization_0138"", ""optimization_0181"", ""optimization_0088"", ""optimization_0011"", ""optimization_0026"", ""optimization_0033"", ""optimization_0060"", ""optimization_0157"", ""optimization_0016"", ""optimization_0125"", ""optimization_0212"", ""optimization_0015"", ""optimization_0210"", ""optimization_0121"", ""optimization_0148"", ""optimization_0239"", ""optimization_0014"", ""optimization_0159"", ""optimization_0126"", ""optimization_0217"", ""optimization_0058"", ""optimization_0191"", ""optimization_0158""]"
campaign,main,qwen3.8:27b/off,3,3,6,1,73529593d1264a82142fb6fd287d8db4ecb21d9022922a3a8d9263654bb61b21,0.725,"[""51c20152d55413553498207363194f403f14ae350e72a84b8caa578619072344"", ""4b64962f0af1c9aa880cd36d93d238c46064a2c23ba372f73a6d3281098f8347"", ""73529593d1264a82142fb6fd287d8db4ecb21d9022922a3a8d9263654bb61b21""]","[""optimization_0225"", ""optimization_0078"", ""optimization_0031"", ""optimization_0082"", ""optimization_0035"", ""optimization_0002"", ""optimization_0105"", ""optimization_0120"", ""optimization_0229"", ""optimization_0070"", ""optimization_0197"", ""optimization_0116"", ""optimization_0171"", ""optimization_0168"", ""optimization_0061"", ""optimization_0154"", ""optimization_0047"", ""optimization_0020"", ""optimization_0153"", ""optimization_0234"", ""optimization_0151"", ""optimization_0076"", ""optimization_0209"", ""optimization_0188""]"
campaign,main,qwen3.8:27b/off,3,3,7,1,1a3dc42d72c416537bd45f5018735d0d0e0bc00ba962a09638cfe240a8803663,0.704225352112676,"[""73529593d1264a82142fb6fd287d8db4ecb21d9022922a3a8d9263654bb61b21"", ""a52e3e399803e022207a6abc0519ccc4733418579ffca3be92a9bd0d54691bda"", ""1a3dc42d72c416537bd45f5018735d0d0e0bc00ba962a09638cfe240a8803663""]","[""optimization_0201"", ""optimization_0096"", ""optimization_0169"", ""optimization_0034"", ""optimization_0143"", ""optimization_0038"", ""optimization_0087"", ""optimization_0192"", ""optimization_0109"", ""optimization_0214"", ""optimization_0071"", ""optimization_0068"", ""optimization_0117"", ""optimization_0024"", ""optimization_0007"", ""optimization_0106"", ""optimization_0083"", ""optimization_0224"", ""optimization_0045"", ""optimization_0018"", ""optimization_0049"", ""optimization_0208"", ""optimization_0113"", ""optimization_0110""]"
campaign,main,qwen3.8:27b/off,3,2,0,-1,0080638c0f58d5b18e6db10f0327e0c85125dd7c1ea1ae311fd5ad96c05b3078,0.7073170731707317,"[""0080638c0f58d5b18e6db10f0327e0c85125dd7c1ea1ae311fd5ad96c05b3078"", ""f2017d71f886b85d5616cc7eeeb464c7f20af2c62a338c9ba51565c554b6c01e"", ""cdb2e0c66a6bceca314fab724cf3b510425fbb13cd61b8a1ae4530c8cc93c0cf""]","[""optimization_0003"", ""optimization_0078"", ""optimization_0163"", ""optimization_0232"", ""optimization_0053"", ""optimization_0122"", ""optimization_0183"", ""optimization_0066"", ""optimization_0217"", ""optimization_0100"", ""optimization_0017"", ""optimization_0026"", ""optimization_0051"", ""optimization_0072"", ""optimization_0175"", ""optimization_0058"", ""optimization_0119"", ""optimization_0110"", ""optimization_0219"", ""optimization_0012"", ""optimization_0199"", ""optimization_0190"", ""optimization_0023"", ""optimization_0236""]"
campaign,main,qwen3.8:27b/off,3,2,1,-1,0080638c0f58d5b18e6db10f0327e0c85125dd7c1ea1ae311fd5ad96c05b3078,0.5918367346938775,"[""0080638c0f58d5b18e6db10f0327e0c85125dd7c1ea1ae311fd5ad96c05b3078"", ""474b51b84855cf63ea8d83f84b9595bca99831e353754d6e7b7beab7c5ea9b64"", ""c9e6e8ef3f76abcd72d7ed80bf68af711df61b7610aaeeb42a813304b85186d3""]","[""optimization_0045"", ""optimization_0084"", ""optimization_0127"", ""optimization_0070"", ""optimization_0029"", ""optimization_0188"", ""optimization_0081"", ""optimization_0192"", ""optimization_0049"", ""optimization_0142"", ""optimization_0221"", ""optimization_0104"", ""optimization_0171"", ""optimization_0096"", ""optimization_0205"", ""optimization_0202"", ""optimization_0131"", ""optimization_0134"", ""optimization_0225"", ""optimization_0054"", ""optimization_0133"", ""optimization_0028"", ""optimization_0179"", ""optimization_0194""]"
campaign,main,qwen3.8:27b/off,3,2,2,1,01aef5a4d0a7993c0017b4346c970eb70316fc8e9dc4205f1b3deca3700f8d1f,0.7894736842105263,"[""0080638c0f58d5b18e6db10f0327e0c85125dd7c1ea1ae311fd5ad96c05b3078"", ""fb894d1c4431c33c4ce87a8e629888cd4104536456ebf45a78579c436a08d463"", ""01aef5a4d0a7993c0017b4346c970eb70316fc8e9dc4205f1b3deca3700f8d1f""]","[""optimization_0129"", ""optimization_0060"", ""optimization_0025"", ""optimization_0118"", ""optimization_0107"", ""optimization_0128"", ""optimization_0123"", ""optimization_0024"", ""optimization_0097"", ""optimization_0220"", ""optimization_0077"", ""optimization_0116"", ""optimization_0231"", ""optimization_0102"", ""optimization_0115"", ""optimization_0076"", ""optimization_0005"", ""optimization_0152"", ""optimization_0063"", ""optimization_0138"", ""optimization_0229"", ""optimization_0172"", ""optimization_0137"", ""optimization_0050""]"
campaign,main,qwen3.8:27b/off,3,2,3,-1,01aef5a4d0a7993c0017b4346c970eb70316fc8e9dc4205f1b3deca3700f8d1f,0.8076923076923077,"[""01aef5a4d0a7993c0017b4346c970eb70316fc8e9dc4205f1b3deca3700f8d1f"", ""e344c68765a11cf9de7e2df8a0aa121426449b86c306847066015c872c356156"", ""a88fddcf9ba415f631d1712e2ce2cc15354b031385ff5a2763f10895a536768b""]","[""optimization_0057"", ""optimization_0000"", ""optimization_0073"", ""optimization_0196"", ""optimization_0215"", ""optimization_0002"", ""optimization_0195"", ""optimization_0018"", ""optimization_0169"", ""optimization_0178"", ""optimization_0125"", ""optimization_0164"", ""optimization_0207"", ""optimization_0168"", ""optimization_0157"", ""optimization_0160"", ""optimization_0197"", ""optimization_0092"", ""optimization_0021"", ""optimization_0222"", ""optimization_0223"", ""optimization_0136"", ""optimization_0233"", ""optimization_0158""]"
campaign,main,qwen3.8:27b/off,3,2,4,1,39dedec4bec52e220d284a4d4c793eed8545344ff11257f80bca43a8c2ceff36,0.8,"[""01aef5a4d0a7993c0017b4346c970eb70316fc8e9dc4205f1b3deca3700f8d1f"", ""3c6d53834bfc38db10d0c4aa8f80791c62da33ce9ab088df393c6662c0fd6a62"", ""39dedec4bec52e220d284a4d4c793eed8545344ff11257f80bca43a8c2ceff36""]","[""optimization_0027"", ""optimization_0030"", ""optimization_0031"", ""optimization_0004"", ""optimization_0041"", ""optimization_0068"", ""optimization_0075"", ""optimization_0150"", ""optimization_0193"", ""optimization_0046"", ""optimization_0161"", ""optimization_0086"", ""optimization_0009"", ""optimization_0114"", ""optimization_0187"", ""optimization_0124"", ""optimization_0203"", ""optimization_0074"", ""optimization_0039"", ""optimization_0090"", ""optimization_0037"", ""optimization_0088"", ""optimization_0167"", ""optimization_0098""]"
campaign,main,qwen3.8:27b/off,3,2,5,1,5d55207f213c904f73a9b0b2bf4dd6f17917304d00d5c3d52cdff3b9c01ac27c,0.7435897435897436,"[""39dedec4bec52e220d284a4d4c793eed8545344ff11257f80bca43a8c2ceff36"", ""189a42b62dedd6fefa09e6912abaf9f9b1f80f0d7d5c1794fde6bb7525684bc4"", ""5d55207f213c904f73a9b0b2bf4dd6f17917304d00d5c3d52cdff3b9c01ac27c""]","[""optimization_0237"", ""optimization_0144"", ""optimization_0061"", ""optimization_0154"", ""optimization_0191"", ""optimization_0080"", ""optimization_0201"", ""optimization_0174"", ""optimization_0145"", ""optimization_0052"", ""optimization_0089"", ""optimization_0146"", ""optimization_0147"", ""optimization_0036"", ""optimization_0151"", ""optimization_0238"", ""optimization_0071"", ""optimization_0056"", ""optimization_0015"", ""optimization_0126"", ""optimization_0181"", ""optimization_0016"", ""optimization_0059"", ""optimization_0008""]"
campaign,main,qwen3.8:27b/off,3,2,6,0,c2da1875205a40975b48ea88f6b81750ccbe9bc67c74edfa415219ee276f4a23,0.8902439024390244,"[""5d55207f213c904f73a9b0b2bf4dd6f17917304d00d5c3d52cdff3b9c01ac27c"", ""c2da1875205a40975b48ea88f6b81750ccbe9bc67c74edfa415219ee276f4a23"", ""6af751aaac6dda76787fad22b394af38c0275d49fe18faecd32316691a1c3b85""]","[""optimization_0153"", ""optimization_0006"", ""optimization_0121"", ""optimization_0214"", ""optimization_0173"", ""optimization_0224"", ""optimization_0165"", ""optimization_0156"", ""optimization_0109"", ""optimization_0106"", ""optimization_0185"", ""optimization_0044"", ""optimization_0033"", ""optimization_0198"", ""optimization_0019"", ""optimization_0034"", ""optimization_0047"", ""optimization_0206"", ""optimization_0099"", ""optimization_0048"", ""optimization_0211"", ""optimization_0166"", ""optimization_0101"", ""optimization_0014""]"
campaign,main,qwen3.8:27b/off,3,2,7,-1,c2da1875205a40975b48ea88f6b81750ccbe9bc67c74edfa415219ee276f4a23,0.75177304964539,"[""c2da1875205a40975b48ea88f6b81750ccbe9bc67c74edfa415219ee276f4a23"", ""a32287cbafc34aaa4efa7172a116dcbc7dfb555ac1523e24d7a7fd4ecb08b91b"", ""c441740540413572c3b8c176b75e491b0b5e9ba5e34dbf322e69502dfe576b5d""]","[""optimization_0069"", ""optimization_0234"", ""optimization_0013"", ""optimization_0010"", ""optimization_0227"", ""optimization_0176"", ""optimization_0177"", ""optimization_0210"", ""optimization_0067"", ""optimization_0040"", ""optimization_0011"", ""optimization_0038"", ""optimization_0111"", ""optimization_0132"", ""optimization_0043"", ""optimization_0112"", ""optimization_0209"", ""optimization_0062"", ""optimization_0093"", ""optimization_0120"", ""optimization_0007"", ""optimization_0226"", ""optimization_0083"", ""optimization_0230""]"
campaign,main,qwen3.8:27b/off,2,2,0,0,2822b4c30a5b90e5a3cdc0e062ec374075ae752c6373aeabfe30149a61909d93,0.7674418604651163,"[""0080638c0f58d5b18e6db10f0327e0c85125dd7c1ea1ae311fd5ad96c05b3078"", ""2822b4c30a5b90e5a3cdc0e062ec374075ae752c6373aeabfe30149a61909d93"", ""7f8d19425af23962996c0cd63f8ace95bc184ae923cd4b625319d0e2204d770c""]","[""optimization_0003"", ""optimization_0078"", ""optimization_0163"", ""optimization_0232"", ""optimization_0053"", ""optimization_0122"", ""optimization_0183"", ""optimization_0066"", ""optimization_0217"", ""optimization_0100"", ""optimization_0017"", ""optimization_0026"", ""optimization_0051"", ""optimization_0072"", ""optimization_0175"", ""optimization_0058"", ""optimization_0119"", ""optimization_0110"", ""optimization_0219"", ""optimization_0012"", ""optimization_0199"", ""optimization_0190"", ""optimization_0023"", ""optimization_0236""]"
campaign,main,qwen3.8:27b/off,2,2,1,-1,2822b4c30a5b90e5a3cdc0e062ec374075ae752c6373aeabfe30149a61909d93,0.6041666666666666,"[""2822b4c30a5b90e5a3cdc0e062ec374075ae752c6373aeabfe30149a61909d93"", ""e343c3e7bdc9ebc01c2db802e8d661230973dbbb4436c046938040edc2bce15f"", ""2daacd2a1e530398390e9016dbe97543e24b92a75d1a0a088bbae5e52aa408f5""]","[""optimization_0045"", ""optimization_0084"", ""optimization_0127"", ""optimization_0070"", ""optimization_0029"", ""optimization_0188"", ""optimization_0081"", ""optimization_0192"", ""optimization_0049"", ""optimization_0142"", ""optimization_0221"", ""optimization_0104"", ""optimization_0171"", ""optimization_0096"", ""optimization_0205"", ""optimization_0202"", ""optimization_0131"", ""optimization_0134"", ""optimization_0225"", ""optimization_0054"", ""optimization_0133"", ""optimization_0028"", ""optimization_0179"", ""optimization_0194""]"
campaign,main,qwen3.8:27b/off,2,2,2,0,bf48b50ec641e87bbd982a1a00e93e864a4f90d6c576680444b4e747beb96bc6,0.7530864197530864,"[""2822b4c30a5b90e5a3cdc0e062ec374075ae752c6373aeabfe30149a61909d93"", ""bf48b50ec641e87bbd982a1a00e93e864a4f90d6c576680444b4e747beb96bc6"", ""b9f1cd2edaafd7986ba4d3a4867f3a6106a550e191a5d31c9cb017464699975d""]","[""optimization_0129"", ""optimization_0060"", ""optimization_0025"", ""optimization_0118"", ""optimization_0107"", ""optimization_0128"", ""optimization_0123"", ""optimization_0024"", ""optimization_0097"", ""optimization_0220"", ""optimization_0077"", ""optimization_0116"", ""optimization_0231"", ""optimization_0102"", ""optimization_0115"", ""optimization_0076"", ""optimization_0005"", ""optimization_0152"", ""optimization_0063"", ""optimization_0138"", ""optimization_0229"", ""optimization_0172"", ""optimization_0137"", ""optimization_0050""]"
campaign,main,qwen3.8:27b/off,2,2,3,0,4ff983ac5c8f700efdcc859f9a0029b9e625b4353e19ab65478ecba853264adf,0.810126582278481,"[""bf48b50ec641e87bbd982a1a00e93e864a4f90d6c576680444b4e747beb96bc6"", ""4ff983ac5c8f700efdcc859f9a0029b9e625b4353e19ab65478ecba853264adf"", ""5b90256589e96a506cff787b78a854fd91280f4ab4521387e20c2574797cb9bc""]","[""optimization_0057"", ""optimization_0000"", ""optimization_0073"", ""optimization_0196"", ""optimization_0215"", ""optimization_0002"", ""optimization_0195"", ""optimization_0018"", ""optimization_0169"", ""optimization_0178"", ""optimization_0125"", ""optimization_0164"", ""optimization_0207"", ""optimization_0168"", ""optimization_0157"", ""optimization_0160"", ""optimization_0197"", ""optimization_0092"", ""optimization_0021"", ""optimization_0222"", ""optimization_0223"", ""optimization_0136"", ""optimization_0233"", ""optimization_0158""]"
campaign,main,qwen3.8:27b/off,2,2,4,1,03b6a3e663673ad5d014524c815b4dc6d3132087337042456bccfa6a25c581ed,0.7,"[""4ff983ac5c8f700efdcc859f9a0029b9e625b4353e19ab65478ecba853264adf"", ""cc1d8737d205badfbd22fd91c9295ff45b1101aac7f81b326bedcd6e8796bef5"", ""03b6a3e663673ad5d014524c815b4dc6d3132087337042456bccfa6a25c581ed""]","[""optimization_0027"", ""optimization_0030"", ""optimization_0031"", ""optimization_0004"", ""optimization_0041"", ""optimization_0068"", ""optimization_0075"", ""optimization_0150"", ""optimization_0193"", ""optimization_0046"", ""optimization_0161"", ""optimization_0086"", ""optimization_0009"", ""optimization_0114"", ""optimization_0187"", ""optimization_0124"", ""optimization_0203"", ""optimization_0074"", ""optimization_0039"", ""optimization_0090"", ""optimization_0037"", ""optimization_0088"", ""optimization_0167"", ""optimization_0098""]"
campaign,main,qwen3.8:27b/off,2,2,5,1,fcecf30db1951dd3e945350c6a90f9a4c561ad0773a5ace21907d3a0e19979d5,0.7607361963190185,"[""03b6a3e663673ad5d014524c815b4dc6d3132087337042456bccfa6a25c581ed"", ""0fc6e99a2828ea57ba8783ec7d2f80d14088ccd3ece3310ffe53b17821be5015"", ""fcecf30db1951dd3e945350c6a90f9a4c561ad0773a5ace21907d3a0e19979d5""]","[""optimization_0237"", ""optimization_0144"", ""optimization_0061"", ""optimization_0154"", ""optimization_0191"", ""optimization_0080"", ""optimization_0201"", ""optimization_0174"", ""optimization_0145"", ""optimization_0052"", ""optimization_0089"", ""optimization_0146"", ""optimization_0147"", ""optimization_0036"", ""optimization_0151"", ""optimization_0238"", ""optimization_0071"", ""optimization_0056"", ""optimization_0015"", ""optimization_0126"", ""optimization_0181"", ""optimization_0016"", ""optimization_0059"", ""optimization_0008""]"
campaign,main,qwen3.8:27b/off,2,2,6,1,e8f6ecbb406db6677ec9686ac598390635033fe0feaeac249f93611d37b9f034,0.7790697674418605,"[""fcecf30db1951dd3e945350c6a90f9a4c561ad0773a5ace21907d3a0e19979d5"", ""212d1e17fafafa25faea448071a7b4a746d8e953610194fba16e90085b827200"", ""e8f6ecbb406db6677ec9686ac598390635033fe0feaeac249f93611d37b9f034""]","[""optimization_0153"", ""optimization_0006"", ""optimization_0121"", ""optimization_0214"", ""optimization_0173"", ""optimization_0224"", ""optimization_0165"", ""optimization_0156"", ""optimization_0109"", ""optimization_0106"", ""optimization_0185"", ""optimization_0044"", ""optimization_0033"", ""optimization_0198"", ""optimization_0019"", ""optimization_0034"", ""optimization_0047"", ""optimization_0206"", ""optimization_0099"", ""optimization_0048"", ""optimization_0211"", ""optimization_0166"", ""optimization_0101"", ""optimization_0014""]"
campaign,main,qwen3.8:27b/off,2,2,7,0,805023d6071bcfdb6c01a5682814f13b12c571faecafc2b72fd334189aec5fa5,0.5394736842105263,"[""e8f6ecbb406db6677ec9686ac598390635033fe0feaeac249f93611d37b9f034"", ""805023d6071bcfdb6c01a5682814f13b12c571faecafc2b72fd334189aec5fa5"", ""d905fa757eb05bd97df4690e5941bba94e9c1e0e8d3107ceddf602a48893f651""]","[""optimization_0069"", ""optimization_0234"", ""optimization_0013"", ""optimization_0010"", ""optimization_0227"", ""optimization_0176"", ""optimization_0177"", ""optimization_0210"", ""optimization_0067"", ""optimization_0040"", ""optimization_0011"", ""optimization_0038"", ""optimization_0111"", ""optimization_0132"", ""optimization_0043"", ""optimization_0112"", ""optimization_0209"", ""optimization_0062"", ""optimization_0093"", ""optimization_0120"", ""optimization_0007"", ""optimization_0226"", ""optimization_0083"", ""optimization_0230""]"
campaign,main,qwen3.8:27b/off,2,5,0,1,9a799cc05d460b88b26ed16c43c6771e1de8bf04c29c48dc117ffaf3f9ee115a,0.8137931034482758,"[""0080638c0f58d5b18e6db10f0327e0c85125dd7c1ea1ae311fd5ad96c05b3078"", ""311d3a361a5b76e7ab0508f6e7afde2233d5d118e24e8c56f58a838d7f32032a"", ""9a799cc05d460b88b26ed16c43c6771e1de8bf04c29c48dc117ffaf3f9ee115a""]","[""optimization_0201"", ""optimization_0036"", ""optimization_0133"", ""optimization_0154"", ""optimization_0215"", ""optimization_0080"", ""optimization_0051"", ""optimization_0180"", ""optimization_0103"", ""optimization_0040"", ""optimization_0053"", ""optimization_0044"", ""optimization_0147"", ""optimization_0234"", ""optimization_0217"", ""optimization_0226"", ""optimization_0161"", ""optimization_0182"", ""optimization_0231"", ""optimization_0156"", ""optimization_0229"", ""optimization_0136"", ""optimization_0191"", ""optimization_0008""]"
campaign,main,qwen3.8:27b/off,2,5,1,0,535636e4078537760983b5aebe768be8f2b8d2f0f469b84f89e8d5fda7f5e764,0.8098159509202454,"[""9a799cc05d460b88b26ed16c43c6771e1de8bf04c29c48dc117ffaf3f9ee115a"", ""535636e4078537760983b5aebe768be8f2b8d2f0f469b84f89e8d5fda7f5e764"", ""79ec63f201896e5712934e54ab03f6083aac15caf788a567da3d0ef3ad710cd5""]","[""optimization_0219"", ""optimization_0030"", ""optimization_0031"", ""optimization_0064"", ""optimization_0149"", ""optimization_0092"", ""optimization_0159"", ""optimization_0084"", ""optimization_0181"", ""optimization_0160"", ""optimization_0185"", ""optimization_0236"", ""optimization_0153"", ""optimization_0078"", ""optimization_0169"", ""optimization_0190"", ""optimization_0173"", ""optimization_0026"", ""optimization_0171"", ""optimization_0210"", ""optimization_0007"", ""optimization_0046"", ""optimization_0023"", ""optimization_0224""]"
campaign,main,qwen3.8:27b/off,2,5,2,0,2a5d83481d2ccebfb689825f935fec35d2514ca0bde7c904fa7887f1ab24b2c9,0.7050359712230215,"[""535636e4078537760983b5aebe768be8f2b8d2f0f469b84f89e8d5fda7f5e764"", ""2a5d83481d2ccebfb689825f935fec35d2514ca0bde7c904fa7887f1ab24b2c9"", ""e06968698059f7898eef4fe087d177cc3ab186592315fde7dc7fba602e7cdefe""]","[""optimization_0165"", ""optimization_0186"", ""optimization_0235"", ""optimization_0118"", ""optimization_0059"", ""optimization_0074"", ""optimization_0093"", ""optimization_0228"", ""optimization_0013"", ""optimization_0094"", ""optimization_0113"", ""optimization_0020"", ""optimization_0015"", ""optimization_0054"", ""optimization_0211"", ""optimization_0100"", ""optimization_0017"", ""optimization_0200"", ""optimization_0033"", ""optimization_0024"", ""optimization_0157"", ""optimization_0010"", ""optimization_0029"", ""optimization_0158""]"
campaign,main,qwen3.8:27b/off,2,5,3,-1,2a5d83481d2ccebfb689825f935fec35d2514ca0bde7c904fa7887f1ab24b2c9,0.855072463768116,"[""2a5d83481d2ccebfb689825f935fec35d2514ca0bde7c904fa7887f1ab24b2c9"", ""672e5047a1170598076019861eeb0e81c36117c7687c9c1d031cf308dcb66026"", ""946dddc26845603d9858386ff605851d20666341ea4baf510491e19e9dedffcd""]","[""optimization_0081"", ""optimization_0216"", ""optimization_0163"", ""optimization_0106"", ""optimization_0221"", ""optimization_0146"", ""optimization_0039"", ""optimization_0102"", ""optimization_0115"", ""optimization_0028"", ""optimization_0083"", ""optimization_0188"", ""optimization_0129"", ""optimization_0162"", ""optimization_0079"", ""optimization_0166"", ""optimization_0095"", ""optimization_0152"", ""optimization_0045"", ""optimization_0108"", ""optimization_0025"", ""optimization_0034"", ""optimization_0227"", ""optimization_0038""]"
campaign,main,qwen3.8:27b/off,2,5,4,-1,2a5d83481d2ccebfb689825f935fec35d2514ca0bde7c904fa7887f1ab24b2c9,0.7804878048780488,"[""2a5d83481d2ccebfb689825f935fec35d2514ca0bde7c904fa7887f1ab24b2c9"", ""ef247e117bb5ff7ea9efe451314b7a91df669ef1f775bfc36fe213544d278d1e"", ""4fe24d8686e81567b2d20bc8c6d1558e780d8efc474baadb46ecb1454fd227d2""]","[""optimization_0183"", ""optimization_0120"", ""optimization_0205"", ""optimization_0214"", ""optimization_0107"", ""optimization_0056"", ""optimization_0009"", ""optimization_0042"", ""optimization_0097"", ""optimization_0178"", ""optimization_0119"", ""optimization_0068"", ""optimization_0135"", ""optimization_0174"", ""optimization_0139"", ""optimization_0088"", ""optimization_0209"", ""optimization_0206"", ""optimization_0105"", ""optimization_0072"", ""optimization_0043"", ""optimization_0232"", ""optimization_0041"", ""optimization_0134""]"
campaign,main,qwen3.8:27b/off,2,5,5,0,eaf59c167deb5963d54e9b57892e38d626a9998fabbf37615dc0ab51aae4e1a2,0.7924528301886793,"[""2a5d83481d2ccebfb689825f935fec35d2514ca0bde7c904fa7887f1ab24b2c9"", ""eaf59c167deb5963d54e9b57892e38d626a9998fabbf37615dc0ab51aae4e1a2"", ""d46929237c44835ff9734c62fbfdf4778a2002c894b12d3efb5ecf125a3b7e3c""]","[""optimization_0099"", ""optimization_0144"", ""optimization_0175"", ""optimization_0052"", ""optimization_0035"", ""optimization_0032"", ""optimization_0123"", ""optimization_0138"", ""optimization_0055"", ""optimization_0130"", ""optimization_0071"", ""optimization_0128"", ""optimization_0021"", ""optimization_0222"", ""optimization_0061"", ""optimization_0058"", ""optimization_0065"", ""optimization_0170"", ""optimization_0003"", ""optimization_0192"", ""optimization_0187"", ""optimization_0070"", ""optimization_0089"", ""optimization_0110""]"
campaign,main,qwen3.8:27b/off,2,5,6,-1,eaf59c167deb5963d54e9b57892e38d626a9998fabbf37615dc0ab51aae4e1a2,0.6851851851851852,"[""eaf59c167deb5963d54e9b57892e38d626a9998fabbf37615dc0ab51aae4e1a2"", ""1826710f8f3a75024f5e8c3aa519ae2cfed52bfcc0bbda0892745e0cc9458c17"", ""b261c4f3fc7f7ce49177a8c5e95bf4781f939414be619dcb657ff8318ebd6b1c""]","[""optimization_0057"", ""optimization_0198"", ""optimization_0199"", ""optimization_0208"", ""optimization_0155"", ""optimization_0086"", ""optimization_0207"", ""optimization_0048"", ""optimization_0037"", ""optimization_0142"", ""optimization_0131"", ""optimization_0218"", ""optimization_0075"", ""optimization_0114"", ""optimization_0151"", ""optimization_0022"", ""optimization_0101"", ""optimization_0116"", ""optimization_0195"", ""optimization_0096"", ""optimization_0109"", ""optimization_0112"", ""optimization_0005"", ""optimization_0194""]"
campaign,main,qwen3.8:27b/off,2,5,7,0,f6f8c902aabd2f08d76624fc0506c68d7dfe793b8006a5f299c93d15fe4529cf,0.7012987012987013,"[""eaf59c167deb5963d54e9b57892e38d626a9998fabbf37615dc0ab51aae4e1a2"", ""f6f8c902aabd2f08d76624fc0506c68d7dfe793b8006a5f299c93d15fe4529cf"", ""e7cb9c557a9cb956a17970a7c6f0065a1b1ef103d7ccb633806fa3411429891e""]","[""optimization_0063"", ""optimization_0204"", ""optimization_0193"", ""optimization_0148"", ""optimization_0239"", ""optimization_0098"", ""optimization_0177"", ""optimization_0132"", ""optimization_0001"", ""optimization_0196"", ""optimization_0233"", ""optimization_0122"", ""optimization_0189"", ""optimization_0000"", ""optimization_0019"", ""optimization_0076"", ""optimization_0125"", ""optimization_0230"", ""optimization_0213"", ""optimization_0006"", ""optimization_0049"", ""optimization_0004"", ""optimization_0137"", ""optimization_0014""]"
campaign,main,granite4.2:30b/off,3,1,0,0,e03c0c3fca4d15b4cae2324c64ab18d38b2fb228429ce1d915eb4bde9b63badb,0.24778761061946902,"[""0080638c0f58d5b18e6db10f0327e0c85125dd7c1ea1ae311fd5ad96c05b3078"", ""e03c0c3fca4d15b4cae2324c64ab18d38b2fb228429ce1d915eb4bde9b63badb"", ""b28ee9b83bb4b5aadd88d83771da11a30df358ad03349cc725a5a45d7f55f5bd""]","[""optimization_0219"", ""optimization_0000"", ""optimization_0121"", ""optimization_0034"", ""optimization_0221"", ""optimization_0200"", ""optimization_0099"", ""optimization_0024"", ""optimization_0169"", ""optimization_0094"", ""optimization_0155"", ""optimization_0176"", ""optimization_0063"", ""optimization_0048"", ""optimization_0031"", ""optimization_0118"", ""optimization_0215"", ""optimization_0122"", ""optimization_0105"", ""optimization_0096"", ""optimization_0085"", ""optimization_0220"", ""optimization_0119"", ""optimization_0218""]"
campaign,main,granite4.2:30b/off,3,1,1,-1,e03c0c3fca4d15b4cae2324c64ab18d38b2fb228429ce1d915eb4bde9b63badb,0.3511450381679389,"[""e03c0c3fca4d15b4cae2324c64ab18d38b2fb228429ce1d915eb4bde9b63badb"", ""d9587bd2249ed9b5ad0e9f3c0f5a2ed6424d13db9aa7d93e8279c806d6c00b81"", ""b893598f9e98306241db437367950d6bd126eb41dc2426d2de91635efdbce4bc""]","[""optimization_0093"", ""optimization_0174"", ""optimization_0115"", ""optimization_0214"", ""optimization_0209"", ""optimization_0080"", ""optimization_0237"", ""optimization_0210"", ""optimization_0229"", ""optimization_0160"", ""optimization_0191"", ""optimization_0032"", ""optimization_0111"", ""optimization_0180"", ""optimization_0157"", ""optimization_0076"", ""optimization_0143"", ""optimization_0116"", ""optimization_0069"", ""optimization_0150"", ""optimization_0067"", ""optimization_0022"", ""optimization_0125"", ""optimization_0002""]"
campaign,main,granite4.2:30b/off,3,1,2,0,0d3a120d010e2288a2be182d966ae355ee1397962878eeb7b4c95e9eac7eba88,0.43037974683544306,"[""e03c0c3fca4d15b4cae2324c64ab18d38b2fb228429ce1d915eb4bde9b63badb"", ""0d3a120d010e2288a2be182d966ae355ee1397962878eeb7b4c95e9eac7eba88"", ""1706ae12b165507c476114e7dbd3a533e3e94d7b1707b90619dcf4ba005e4fc6""]","[""optimization_0207"", ""optimization_0084"", ""optimization_0013"", ""optimization_0070"", ""optimization_0071"", ""optimization_0056"", ""optimization_0183"", ""optimization_0108"", ""optimization_0175"", ""optimization_0100"", ""optimization_0203"", ""optimization_0134"", ""optimization_0009"", ""optimization_0198"", ""optimization_0109"", ""optimization_0190"", ""optimization_0137"", ""optimization_0146"", ""optimization_0201"", ""optimization_0162"", ""optimization_0091"", ""optimization_0148"", ""optimization_0053"", ""optimization_0062""]"
campaign,main,granite4.2:30b/off,3,1,3,-1,0d3a120d010e2288a2be182d966ae355ee1397962878eeb7b4c95e9eac7eba88,0.26356589147286824,"[""0d3a120d010e2288a2be182d966ae355ee1397962878eeb7b4c95e9eac7eba88"", ""5a1fc480cf863a4f5680412eb4a9bdd7343e2e69e283276d22689d3d506577e3"", ""416931b1722c4b7755896848eff4ea46871205964a8982f05a489e00a251fd1c""]","[""optimization_0135"", ""optimization_0144"", ""optimization_0133"", ""optimization_0058"", ""optimization_0077"", ""optimization_0140"", ""optimization_0231"", ""optimization_0030"", ""optimization_0073"", ""optimization_0232"", ""optimization_0065"", ""optimization_0236"", ""optimization_0177"", ""optimization_0042"", ""optimization_0079"", ""optimization_0052"", ""optimization_0011"", ""optimization_0188"", ""optimization_0051"", ""optimization_0192"", ""optimization_0139"", ""optimization_0184"", ""optimization_0167"", ""optimization_0110""]"
campaign,main,granite4.2:30b/off,3,1,4,-1,0d3a120d010e2288a2be182d966ae355ee1397962878eeb7b4c95e9eac7eba88,0.3404255319148936,"[""0d3a120d010e2288a2be182d966ae355ee1397962878eeb7b4c95e9eac7eba88"", ""3cfc2d6d194b54bbe3f2edd3df0297a4c1060c6058076b024ef4817301979c9f"", ""e7da9d5e2311953bf1269d571b4bcc7101ca919c739cf5f53325b5d32d1b6b70""]","[""optimization_0195"", ""optimization_0006"", ""optimization_0211"", ""optimization_0208"", ""optimization_0023"", ""optimization_0050"", ""optimization_0075"", ""optimization_0036"", ""optimization_0097"", ""optimization_0124"", ""optimization_0173"", ""optimization_0170"", ""optimization_0045"", ""optimization_0066"", ""optimization_0001"", ""optimization_0226"", ""optimization_0059"", ""optimization_0152"", ""optimization_0039"", ""optimization_0126"", ""optimization_0187"", ""optimization_0088"", ""optimization_0035"", ""optimization_0098""]"
campaign,main,granite4.2:30b/off,3,1,5,1,319167c4a801076a4ca54257b79d0b346cdc2ff022e6abfa1b82dc583a16131f,0.20689655172413793,"[""0d3a120d010e2288a2be182d966ae355ee1397962878eeb7b4c95e9eac7eba88"", ""6a5a40008cc92ef208ed93b2c9381e919cf4cdf09d08e141dea044352eb47aa6"", ""319167c4a801076a4ca54257b79d0b346cdc2ff022e6abfa1b82dc583a16131f""]","[""optimization_0225"", ""optimization_0054"", ""optimization_0049"", ""optimization_0112"", ""optimization_0233"", ""optimization_0194"", ""optimization_0081"", ""optimization_0012"", ""optimization_0235"", ""optimization_0172"", ""optimization_0179"", ""optimization_0224"", ""optimization_0057"", ""optimization_0216"", ""optimization_0145"", ""optimization_0004"", ""optimization_0131"", ""optimization_0038"", ""optimization_0027"", ""optimization_0222"", ""optimization_0019"", ""optimization_0028"", ""optimization_0017"", ""optimization_0044""]"
campaign,main,granite4.2:30b/off,3,1,6,-1,319167c4a801076a4ca54257b79d0b346cdc2ff022e6abfa1b82dc583a16131f,0.44155844155844154,"[""319167c4a801076a4ca54257b79d0b346cdc2ff022e6abfa1b82dc583a16131f"", ""3a7d9ae9e937d00b3f9a17408816bd797056c1c5f82eb213bd5dceff9d6c592b"", ""7cc8ca1e38369b27fdda386c70b04daa8fbadf3c65f25e866cf46d8dc8e107a5""]","[""optimization_0159"", ""optimization_0234"", ""optimization_0103"", ""optimization_0064"", ""optimization_0101"", ""optimization_0230"", ""optimization_0015"", ""optimization_0168"", ""optimization_0007"", ""optimization_0166"", ""optimization_0047"", ""optimization_0086"", ""optimization_0129"", ""optimization_0072"", ""optimization_0205"", ""optimization_0130"", ""optimization_0161"", ""optimization_0014"", ""optimization_0153"", ""optimization_0078"", ""optimization_0199"", ""optimization_0136"", ""optimization_0227"", ""optimization_0026""]"
campaign,main,granite4.2:30b/off,3,1,7,-1,319167c4a801076a4ca54257b79d0b346cdc2ff022e6abfa1b82dc583a16131f,0.4492753623188406,"[""319167c4a801076a4ca54257b79d0b346cdc2ff022e6abfa1b82dc583a16131f"", ""039805cc4635cf5d0466afdf65082a86229ecb9c6b13ce86e07de5754278eff1"", ""ae5121afed35b7fc545877842d5d3a11b853ad91f1b981f0d72f21a825b47476""]","[""optimization_0141"", ""optimization_0120"", ""optimization_0055"", ""optimization_0178"", ""optimization_0083"", ""optimization_0008"", ""optimization_0033"", ""optimization_0138"", ""optimization_0163"", ""optimization_0202"", ""optimization_0089"", ""optimization_0104"", ""optimization_0087"", ""optimization_0186"", ""optimization_0025"", ""optimization_0082"", ""optimization_0107"", ""optimization_0020"", ""optimization_0117"", ""optimization_0204"", ""optimization_0181"", ""optimization_0040"", ""optimization_0113"", ""optimization_0092""]"
campaign,main,granite4.2:30b/off,3,5,0,1,74d5e06f7d70def7822b4a2a2b4dd25bb89457206f5583589f380b0e33a2ac91,0.4180790960451977,"[""0080638c0f58d5b18e6db10f0327e0c85125dd7c1ea1ae311fd5ad96c05b3078"", ""ede6ff5226579815bfc2ff4c837ed9fb7927c6014809fd3cb5cfb759522185c4"", ""74d5e06f7d70def7822b4a2a2b4dd25bb89457206f5583589f380b0e33a2ac91""]","[""optimization_0201"", ""optimization_0036"", ""optimization_0133"", ""optimization_0154"", ""optimization_0215"", ""optimization_0080"", ""optimization_0051"", ""optimization_0180"", ""optimization_0103"", ""optimization_0040"", ""optimization_0053"", ""optimization_0044"", ""optimization_0147"", ""optimization_0234"", ""optimization_0217"", ""optimization_0226"", ""optimization_0161"", ""optimization_0182"", ""optimization_0231"", ""optimization_0156"", ""optimization_0229"", ""optimization_0136"", ""optimization_0191"", ""optimization_0008""]"
campaign,main,granite4.2:30b/off,3,5,1,1,d75de916eca4873297552fbf47496161e2f230c5ff334b387b608e2efa16edcd,0.46153846153846156,"[""74d5e06f7d70def7822b4a2a2b4dd25bb89457206f5583589f380b0e33a2ac91"", ""2d85e5598a51846e34a96c7617d77f1afaa7dd64a3f580f34c20c23ed8b1641f"", ""d75de916eca4873297552fbf47496161e2f230c5ff334b387b608e2efa16edcd""]","[""optimization_0219"", ""optimization_0030"", ""optimization_0031"", ""optimization_0064"", ""optimization_0149"", ""optimization_0092"", ""optimization_0159"", ""optimization_0084"", ""optimization_0181"", ""optimization_0160"", ""optimization_0185"", ""optimization_0236"", ""optimization_0153"", ""optimization_0078"", ""optimization_0169"", ""optimization_0190"", ""optimization_0173"", ""optimization_0026"", ""optimization_0171"", ""optimization_0210"", ""optimization_0007"", ""optimization_0046"", ""optimization_0023"", ""optimization_0224""]"
campaign,main,granite4.2:30b/off,3,5,2,-1,d75de916eca4873297552fbf47496161e2f230c5ff334b387b608e2efa16edcd,0.20689655172413793,"[""d75de916eca4873297552fbf47496161e2f230c5ff334b387b608e2efa16edcd"", ""44640335df93fe86f26f9ae8082c7e6fee62ea35eb68d05ae8b0ab2e0667b438"", ""c745de54de79822853645a6f41d37ad24f6410bb68805ba145ec7bc679f18ada""]","[""optimization_0165"", ""optimization_0186"", ""optimization_0235"", ""optimization_0118"", ""optimization_0059"", ""optimization_0074"", ""optimization_0093"", ""optimization_0228"", ""optimization_0013"", ""optimization_0094"", ""optimization_0113"", ""optimization_0020"", ""optimization_0015"", ""optimization_0054"", ""optimization_0211"", ""optimization_0100"", ""optimization_0017"", ""optimization_0200"", ""optimization_0033"", ""optimization_0024"", ""optimization_0157"", ""optimization_0010"", ""optimization_0029"", ""optimization_0158""]"
campaign,main,granite4.2:30b/off,3,5,3,0,f68e93e2da51cf41264f87d5a1461d5497563d8a577282092d1738dc6515be93,0.3486238532110092,"[""d75de916eca4873297552fbf47496161e2f230c5ff334b387b608e2efa16edcd"", ""f68e93e2da51cf41264f87d5a1461d5497563d8a577282092d1738dc6515be93"", ""7701c0820283272b1a30ef0cc5ef34b06f9bbdb3d53b7d172de230bd02ece3f7""]","[""optimization_0081"", ""optimization_0216"", ""optimization_0163"", ""optimization_0106"", ""optimization_0221"", ""optimization_0146"", ""optimization_0039"", ""optimization_0102"", ""optimization_0115"", ""optimization_0028"", ""optimization_0083"", ""optimization_0188"", ""optimization_0129"", ""optimization_0162"", ""optimization_0079"", ""optimization_0166"", ""optimization_0095"", ""optimization_0152"", ""optimization_0045"", ""optimization_0108"", ""optimization_0025"", ""optimization_0034"", ""optimization_0227"", ""optimization_0038""]"
campaign,main,granite4.2:30b/off,3,5,4,-1,f68e93e2da51cf41264f87d5a1461d5497563d8a577282092d1738dc6515be93,0.4606741573033708,"[""f68e93e2da51cf41264f87d5a1461d5497563d8a577282092d1738dc6515be93"", ""81589a924cbfb3b2ff4923fb197e471f9a8d23200bb26d2520779675203649e2"", ""8632753521af15718b9c23fda901012b27e1e95627ce363bfcc98d916b1a1ee7""]","[""optimization_0183"", ""optimization_0120"", ""optimization_0205"", ""optimization_0214"", ""optimization_0107"", ""optimization_0056"", ""optimization_0009"", ""optimization_0042"", ""optimization_0097"", ""optimization_0178"", ""optimization_0119"", ""optimization_0068"", ""optimization_0135"", ""optimization_0174"", ""optimization_0139"", ""optimization_0088"", ""optimization_0209"", ""optimization_0206"", ""optimization_0105"", ""optimization_0072"", ""optimization_0043"", ""optimization_0232"", ""optimization_0041"", ""optimization_0134""]"
campaign,main,granite4.2:30b/off,3,5,5,-1,f68e93e2da51cf41264f87d5a1461d5497563d8a577282092d1738dc6515be93,0.38016528925619836,"[""f68e93e2da51cf41264f87d5a1461d5497563d8a577282092d1738dc6515be93"", ""a68dd583d6cafa0585db9594dea51d89111146494dd4c172d29dcd8b843868b1"", ""0d2b9abff70be30b33f4d68c781618fcace685a3d476562f400aa47f202ee20b""]","[""optimization_0099"", ""optimization_0144"", ""optimization_0175"", ""optimization_0052"", ""optimization_0035"", ""optimization_0032"", ""optimization_0123"", ""optimization_0138"", ""optimization_0055"", ""optimization_0130"", ""optimization_0071"", ""optimization_0128"", ""optimization_0021"", ""optimization_0222"", ""optimization_0061"", ""optimization_0058"", ""optimization_0065"", ""optimization_0170"", ""optimization_0003"", ""optimization_0192"", ""optimization_0187"", ""optimization_0070"", ""optimization_0089"", ""optimization_0110""]"
campaign,main,granite4.2:30b/off,3,5,6,-1,f68e93e2da51cf41264f87d5a1461d5497563d8a577282092d1738dc6515be93,0.043478260869565216,"[""f68e93e2da51cf41264f87d5a1461d5497563d8a577282092d1738dc6515be93""]","[""optimization_0057"", ""optimization_0198"", ""optimization_0199"", ""optimization_0208"", ""optimization_0155"", ""optimization_0086"", ""optimization_0207"", ""optimization_0048"", ""optimization_0037"", ""optimization_0142"", ""optimization_0131"", ""optimization_0218"", ""optimization_0075"", ""optimization_0114"", ""optimization_0151"", ""optimization_0022"", ""optimization_0101"", ""optimization_0116"", ""optimization_0195"", ""optimization_0096"", ""optimization_0109"", ""optimization_0112"", ""optimization_0005"", ""optimization_0194""]"
campaign,main,granite4.2:30b/off,3,5,7,1,165dd8e055fcb2d9a7442f6119fb4edd074adbcff3f6c4cda94a5873f9a2e440,0.35658914728682173,"[""f68e93e2da51cf41264f87d5a1461d5497563d8a577282092d1738dc6515be93"", ""165dd8e055fcb2d9a7442f6119fb4edd074adbcff3f6c4cda94a5873f9a2e440""]","[""optimization_0063"", ""optimization_0204"", ""optimization_0193"", ""optimization_0148"", ""optimization_0239"", ""optimization_0098"", ""optimization_0177"", ""optimization_0132"", ""optimization_0001"", ""optimization_0196"", ""optimization_0233"", ""optimization_0122"", ""optimization_0189"", ""optimization_0000"", ""optimization_0019"", ""optimization_0076"", ""optimization_0125"", ""optimization_0230"", ""optimization_0213"", ""optimization_0006"", ""optimization_0049"", ""optimization_0004"", ""optimization_0137"", ""optimization_0014""]"
campaign,main,granite4.2:30b/off,3,4,0,-1,0080638c0f58d5b18e6db10f0327e0c85125dd7c1ea1ae311fd5ad96c05b3078,0.3142857142857143,"[""0080638c0f58d5b18e6db10f0327e0c85125dd7c1ea1ae311fd5ad96c05b3078"", ""6c7db95b10df116162297b5cdf7dadc67dec5d53aa2a7b359c1b41a466ccc80f"", ""a875207d711ecb9f63434c530b7a14413cdb28b2def63a581d282b1825a40f64""]","[""optimization_0165"", ""optimization_0120"", ""optimization_0091"", ""optimization_0178"", ""optimization_0191"", ""optimization_0206"", ""optimization_0045"", ""optimization_0156"", ""optimization_0145"", ""optimization_0016"", ""optimization_0107"", ""optimization_0152"", ""optimization_0057"", ""optimization_0216"", ""optimization_0115"", ""optimization_0046"", ""optimization_0239"", ""optimization_0188"", ""optimization_0159"", ""optimization_0114"", ""optimization_0103"", ""optimization_0184"", ""optimization_0149"", ""optimization_0086""]"
campaign,main,granite4.2:30b/off,3,4,1,-1,0080638c0f58d5b18e6db10f0327e0c85125dd7c1ea1ae311fd5ad96c05b3078,0.32558139534883723,"[""0080638c0f58d5b18e6db10f0327e0c85125dd7c1ea1ae311fd5ad96c05b3078"", ""051e8a69823083b034fe7be5394229bc73dbb5b884d867adc94ec8239a85f880"", ""8b0dd6b84ad4df4005aba4f06a3f8c00367549e90d044d0f0f36b8ff45e6300b""]","[""optimization_0123"", ""optimization_0204"", ""optimization_0181"", ""optimization_0034"", ""optimization_0095"", ""optimization_0104"", ""optimization_0093"", ""optimization_0234"", ""optimization_0097"", ""optimization_0112"", ""optimization_0137"", ""optimization_0026"", ""optimization_0177"", ""optimization_0012"", ""optimization_0019"", ""optimization_0058"", ""optimization_0005"", ""optimization_0236"", ""optimization_0039"", ""optimization_0096"", ""optimization_0061"", ""optimization_0124"", ""optimization_0173"", ""optimization_0050""]"
campaign,main,granite4.2:30b/off,3,4,2,-1,0080638c0f58d5b18e6db10f0327e0c85125dd7c1ea1ae311fd5ad96c05b3078,0.3022222222222222,"[""0080638c0f58d5b18e6db10f0327e0c85125dd7c1ea1ae311fd5ad96c05b3078"", ""04d28c39ab0ec98dbf6e9ced0c6d26fdb17a64fc4f9726f2aca5f285e85b20de"", ""921ffeb21e18fac76d361cd9e0530ac884b458e4bf7327620ce720dc566f62ed""]","[""optimization_0015"", ""optimization_0198"", ""optimization_0199"", ""optimization_0172"", ""optimization_0215"", ""optimization_0020"", ""optimization_0087"", ""optimization_0054"", ""optimization_0187"", ""optimization_0028"", ""optimization_0185"", ""optimization_0230"", ""optimization_0207"", ""optimization_0126"", ""optimization_0121"", ""optimization_0010"", ""optimization_0101"", ""optimization_0146"", ""optimization_0033"", ""optimization_0000"", ""optimization_0235"", ""optimization_0208"", ""optimization_0017"", ""optimization_0140""]"
campaign,main,granite4.2:30b/off,3,4,3,-1,0080638c0f58d5b18e6db10f0327e0c85125dd7c1ea1ae311fd5ad96c05b3078,0.30357142857142855,"[""0080638c0f58d5b18e6db10f0327e0c85125dd7c1ea1ae311fd5ad96c05b3078"", ""93b56238508b5bad3277ea175e1892aa7d8ec8be3e9549bbaa1549ed0c8c4d6c"", ""6497fef5803bc8aead0b446907893680a51274ac0bab0d6c24989172ab12f537""]","[""optimization_0219"", ""optimization_0084"", ""optimization_0229"", ""optimization_0142"", ""optimization_0047"", ""optimization_0014"", ""optimization_0189"", ""optimization_0162"", ""optimization_0205"", ""optimization_0214"", ""optimization_0197"", ""optimization_0068"", ""optimization_0141"", ""optimization_0060"", ""optimization_0037"", ""optimization_0004"", ""optimization_0035"", ""optimization_0122"", ""optimization_0027"", ""optimization_0132"", ""optimization_0169"", ""optimization_0136"", ""optimization_0227"", ""optimization_0134""]"
campaign,main,granite4.2:30b/off,3,4,4,0,d108eacac810bf23d46df2f9f793339f34d789e88e9ade18efa9d6b1418620f9,0.3826086956521739,"[""0080638c0f58d5b18e6db10f0327e0c85125dd7c1ea1ae311fd5ad96c05b3078"", ""d108eacac810bf23d46df2f9f793339f34d789e88e9ade18efa9d6b1418620f9"", ""50485107523d32754e8f0756cb36e1c6d28e4b160b001ed7778248e1f3d75fd7""]","[""optimization_0201"", ""optimization_0078"", ""optimization_0007"", ""optimization_0226"", ""optimization_0131"", ""optimization_0212"", ""optimization_0213"", ""optimization_0222"", ""optimization_0127"", ""optimization_0052"", ""optimization_0125"", ""optimization_0062"", ""optimization_0135"", ""optimization_0090"", ""optimization_0055"", ""optimization_0094"", ""optimization_0179"", ""optimization_0116"", ""optimization_0021"", ""optimization_0210"", ""optimization_0043"", ""optimization_0022"", ""optimization_0113"", ""optimization_0056""]"
campaign,main,granite4.2:30b/off,3,4,5,0,693609f0b3211e63c1bf7077d9a8ed6b959bc9a17700d42d3c9bd0e13f85539e,0.391304347826087,"[""d108eacac810bf23d46df2f9f793339f34d789e88e9ade18efa9d6b1418620f9"", ""693609f0b3211e63c1bf7077d9a8ed6b959bc9a17700d42d3c9bd0e13f85539e"", ""a471458c524e6e4dda55fde30ff4bf4a4b00be88adaca87aab3f8e7dc5a2e9f9""]","[""optimization_0081"", ""optimization_0192"", ""optimization_0025"", ""optimization_0160"", ""optimization_0161"", ""optimization_0074"", ""optimization_0075"", ""optimization_0180"", ""optimization_0067"", ""optimization_0118"", ""optimization_0119"", ""optimization_0170"", ""optimization_0147"", ""optimization_0072"", ""optimization_0073"", ""optimization_0154"", ""optimization_0167"", ""optimization_0038"", ""optimization_0063"", ""optimization_0186"", ""optimization_0085"", ""optimization_0040"", ""optimization_0011"", ""optimization_0002""]"
campaign,main,granite4.2:30b/off,3,4,6,-1,693609f0b3211e63c1bf7077d9a8ed6b959bc9a17700d42d3c9bd0e13f85539e,0.1686746987951807,"[""693609f0b3211e63c1bf7077d9a8ed6b959bc9a17700d42d3c9bd0e13f85539e"", ""2cebaddaac51ad08878b2a2d4044ecef781383c6024b10e2558ec085e1ea349c"", ""7885fea783d1596718a24443366186b36242234e6f0353269bb7afd1ba0a6510""]","[""optimization_0069"", ""optimization_0138"", ""optimization_0013"", ""optimization_0064"", ""optimization_0041"", ""optimization_0200"", ""optimization_0183"", ""optimization_0168"", ""optimization_0031"", ""optimization_0190"", ""optimization_0143"", ""optimization_0080"", ""optimization_0099"", ""optimization_0102"", ""optimization_0157"", ""optimization_0166"", ""optimization_0059"", ""optimization_0218"", ""optimization_0051"", ""optimization_0108"", ""optimization_0175"", ""optimization_0130"", ""optimization_0023"", ""optimization_0128""]"
campaign,main,granite4.2:30b/off,3,4,7,0,52bbbd302ab19937854115faf24d1661904a8a70af3a9100544155abd1e235b0,0.288135593220339,"[""693609f0b3211e63c1bf7077d9a8ed6b959bc9a17700d42d3c9bd0e13f85539e"", ""52bbbd302ab19937854115faf24d1661904a8a70af3a9100544155abd1e235b0"", ""d022f487e05c8b3393d8133cfe0048a60dcfbdf73c6bac9a798eef9ba0f956f5""]","[""optimization_0237"", ""optimization_0036"", ""optimization_0133"", ""optimization_0082"", ""optimization_0053"", ""optimization_0158"", ""optimization_0195"", ""optimization_0006"", ""optimization_0193"", ""optimization_0076"", ""optimization_0233"", ""optimization_0224"", ""optimization_0105"", ""optimization_0042"", ""optimization_0139"", ""optimization_0196"", ""optimization_0029"", ""optimization_0176"", ""optimization_0129"", ""optimization_0030"", ""optimization_0211"", ""optimization_0148"", ""optimization_0071"", ""optimization_0110""]"
campaign,main,granite4.2:30b/off,3,3,0,-1,0080638c0f58d5b18e6db10f0327e0c85125dd7c1ea1ae311fd5ad96c05b3078,0.2358974358974359,"[""0080638c0f58d5b18e6db10f0327e0c85125dd7c1ea1ae311fd5ad96c05b3078"", ""21920ea6ad5dbd14a5bc3c90cb8a88b65cc5137ae325c43e388adb6e3061b1fa"", ""3c5de4766e736b2138f5f2bc6800c208ae6b97838e1f8532a320168d9ddf0614""]","[""optimization_0069"", ""optimization_0054"", ""optimization_0067"", ""optimization_0124"", ""optimization_0107"", ""optimization_0062"", ""optimization_0135"", ""optimization_0204"", ""optimization_0223"", ""optimization_0112"", ""optimization_0215"", ""optimization_0086"", ""optimization_0231"", ""optimization_0036"", ""optimization_0175"", ""optimization_0064"", ""optimization_0131"", ""optimization_0146"", ""optimization_0057"", ""optimization_0102"", ""optimization_0025"", ""optimization_0040"", ""optimization_0179"", ""optimization_0134""]"
campaign,main,granite4.2:30b/off,3,3,1,-1,0080638c0f58d5b18e6db10f0327e0c85125dd7c1ea1ae311fd5ad96c05b3078,0.18181818181818182,"[""0080638c0f58d5b18e6db10f0327e0c85125dd7c1ea1ae311fd5ad96c05b3078"", ""b7c5a58ccb56b737c6d03f80847e4060ea39c8fc085710670ae1e6a90bfd36b1"", ""7b8e3b73842b6a79c31fb41d2c906a118ca2872fc70b05d91db1a002556374c7""]","[""optimization_0165"", ""optimization_0090"", ""optimization_0073"", ""optimization_0004"", ""optimization_0053"", ""optimization_0128"", ""optimization_0021"", ""optimization_0048"", ""optimization_0127"", ""optimization_0010"", ""optimization_0095"", ""optimization_0122"", ""optimization_0093"", ""optimization_0186"", ""optimization_0085"", ""optimization_0238"", ""optimization_0023"", ""optimization_0050"", ""optimization_0141"", ""optimization_0108"", ""optimization_0139"", ""optimization_0100"", ""optimization_0221"", ""optimization_0194""]"
campaign,main,granite4.2:30b/off,3,3,2,-1,0080638c0f58d5b18e6db10f0327e0c85125dd7c1ea1ae311fd5ad96c05b3078,0.25,"[""0080638c0f58d5b18e6db10f0327e0c85125dd7c1ea1ae311fd5ad96c05b3078"", ""10adcd4390b94f0301b63135972e07787eef196a1d3d89253c45e640b60664b3"", ""153a3264a06e48ce3728c99bef95c4a100a717317b539a8dba691d158e39ae9f""]","[""optimization_0237"", ""optimization_0012"", ""optimization_0043"", ""optimization_0178"", ""optimization_0077"", ""optimization_0140"", ""optimization_0129"", ""optimization_0180"", ""optimization_0133"", ""optimization_0022"", ""optimization_0203"", ""optimization_0098"", ""optimization_0027"", ""optimization_0006"", ""optimization_0001"", ""optimization_0160"", ""optimization_0005"", ""optimization_0080"", ""optimization_0189"", ""optimization_0132"", ""optimization_0097"", ""optimization_0220"", ""optimization_0065"", ""optimization_0152""]"
campaign,main,granite4.2:30b/off,3,3,3,-1,0080638c0f58d5b18e6db10f0327e0c85125dd7c1ea1ae311fd5ad96c05b3078,0.32075471698113206,"[""0080638c0f58d5b18e6db10f0327e0c85125dd7c1ea1ae311fd5ad96c05b3078"", ""4bf95b11573c0a0dc0d543a27cb6c030389fa75fd0049b733f06d0fba74edbd0"", ""dd2a3fa1f5514b805e750e6ca7bbfcffa639899f7ab2c7dcdab4252abc0c691d""]","[""optimization_0207"", ""optimization_0222"", ""optimization_0013"", ""optimization_0028"", ""optimization_0089"", ""optimization_0218"", ""optimization_0063"", ""optimization_0066"", ""optimization_0103"", ""optimization_0166"", ""optimization_0233"", ""optimization_0074"", ""optimization_0009"", ""optimization_0072"", ""optimization_0193"", ""optimization_0052"", ""optimization_0059"", ""optimization_0164"", ""optimization_0219"", ""optimization_0000"", ""optimization_0235"", ""optimization_0136"", ""optimization_0173"", ""optimization_0182""]"
campaign,main,granite4.2:30b/off,3,3,4,1,5f0c0b448bdda20ff7658b6747243cac01a47a68bdc4bf24c7ffd805ce8750f5,0.43902439024390244,"[""0080638c0f58d5b18e6db10f0327e0c85125dd7c1ea1ae311fd5ad96c05b3078"", ""c3be0828b40d4388cc471003e61284aaef410e030a116fccefcb903d5c990a6b"", ""5f0c0b448bdda20ff7658b6747243cac01a47a68bdc4bf24c7ffd805ce8750f5""]","[""optimization_0147"", ""optimization_0156"", ""optimization_0163"", ""optimization_0202"", ""optimization_0149"", ""optimization_0056"", ""optimization_0075"", ""optimization_0030"", ""optimization_0205"", ""optimization_0232"", ""optimization_0155"", ""optimization_0104"", ""optimization_0111"", ""optimization_0114"", ""optimization_0055"", ""optimization_0094"", ""optimization_0029"", ""optimization_0230"", ""optimization_0039"", ""optimization_0162"", ""optimization_0211"", ""optimization_0142"", ""optimization_0185"", ""optimization_0200""]"
campaign,main,granite4.2:30b/off,3,3,5,0,44e9c9105421af80af62852daad8d6ce511fd41999fc4ad4b079098324c555c9,0.3709677419354839,"[""5f0c0b448bdda20ff7658b6747243cac01a47a68bdc4bf24c7ffd805ce8750f5"", ""44e9c9105421af80af62852daad8d6ce511fd41999fc4ad4b079098324c555c9"", ""680fb18ec15dc02ca92967cb48b5c7728b69f0ce42138bde5df6b599720a3898""]","[""optimization_0003"", ""optimization_0138"", ""optimization_0181"", ""optimization_0088"", ""optimization_0011"", ""optimization_0026"", ""optimization_0033"", ""optimization_0060"", ""optimization_0157"", ""optimization_0016"", ""optimization_0125"", ""optimization_0212"", ""optimization_0015"", ""optimization_0210"", ""optimization_0121"", ""optimization_0148"", ""optimization_0239"", ""optimization_0014"", ""optimization_0159"", ""optimization_0126"", ""optimization_0217"", ""optimization_0058"", ""optimization_0191"", ""optimization_0158""]"
campaign,main,granite4.2:30b/off,3,3,6,0,dfe8e52a6ef9e4330afd28bbf11aba558d550ec151c24f95dd3ecda190ce82f9,0.40707964601769914,"[""44e9c9105421af80af62852daad8d6ce511fd41999fc4ad4b079098324c555c9"", ""dfe8e52a6ef9e4330afd28bbf11aba558d550ec151c24f95dd3ecda190ce82f9"", ""5cf4d889848422ccd0f4f3899c6f47ca5a89c1b014b46ceb77643181309fd164""]","[""optimization_0225"", ""optimization_0078"", ""optimization_0031"", ""optimization_0082"", ""optimization_0035"", ""optimization_0002"", ""optimization_0105"", ""optimization_0120"", ""optimization_0229"", ""optimization_0070"", ""optimization_0197"", ""optimization_0116"", ""optimization_0171"", ""optimization_0168"", ""optimization_0061"", ""optimization_0154"", ""optimization_0047"", ""optimization_0020"", ""optimization_0153"", ""optimization_0234"", ""optimization_0151"", ""optimization_0076"", ""optimization_0209"", ""optimization_0188""]"
campaign,main,granite4.2:30b/off,3,3,7,-1,dfe8e52a6ef9e4330afd28bbf11aba558d550ec151c24f95dd3ecda190ce82f9,0.3401360544217687,"[""dfe8e52a6ef9e4330afd28bbf11aba558d550ec151c24f95dd3ecda190ce82f9"", ""60be10dab3bc56d710068f02ed5423d5cd1b00680c2a21d41e9b807d0c519272"", ""a995ffe1606eac62694597a050bc1ef0ed6fde28764abdd2ab056229823fe950""]","[""optimization_0201"", ""optimization_0096"", ""optimization_0169"", ""optimization_0034"", ""optimization_0143"", ""optimization_0038"", ""optimization_0087"", ""optimization_0192"", ""optimization_0109"", ""optimization_0214"", ""optimization_0071"", ""optimization_0068"", ""optimization_0117"", ""optimization_0024"", ""optimization_0007"", ""optimization_0106"", ""optimization_0083"", ""optimization_0224"", ""optimization_0045"", ""optimization_0018"", ""optimization_0049"", ""optimization_0208"", ""optimization_0113"", ""optimization_0110""]"
campaign,reference,qwen3.8:27b/off,2,3,0,-1,0080638c0f58d5b18e6db10f0327e0c85125dd7c1ea1ae311fd5ad96c05b3078,0.7361111111111112,"[""0080638c0f58d5b18e6db10f0327e0c85125dd7c1ea1ae311fd5ad96c05b3078"", ""d298c4d98a3a859913dc50444b4ad24dedf34d9c64f5ed42e10c2f49a6682bdb"", ""196b3099bd593487bd93bfc8a973ab245a290821eb7144c4cf4704025d5d23b5""]","[""optimization_0069"", ""optimization_0054"", ""optimization_0067"", ""optimization_0124"", ""optimization_0107"", ""optimization_0062"", ""optimization_0135"", ""optimization_0204"", ""optimization_0223"", ""optimization_0112"", ""optimization_0215"", ""optimization_0086"", ""optimization_0231"", ""optimization_0036"", ""optimization_0175"", ""optimization_0064"", ""optimization_0131"", ""optimization_0146"", ""optimization_0057"", ""optimization_0102"", ""optimization_0025"", ""optimization_0040"", ""optimization_0179"", ""optimization_0134""]"
campaign,reference,qwen3.8:27b/off,2,3,1,-1,0080638c0f58d5b18e6db10f0327e0c85125dd7c1ea1ae311fd5ad96c05b3078,0.5576923076923077,"[""0080638c0f58d5b18e6db10f0327e0c85125dd7c1ea1ae311fd5ad96c05b3078"", ""75831e34d82e303a947cdc6c51e580683471f3aed73ceacfe1a61f1860965a47"", ""0e4432eb8b5fb8befbf970f1e1864317c7c9ad896763d1657c0cff83272206b0""]","[""optimization_0165"", ""optimization_0090"", ""optimization_0073"", ""optimization_0004"", ""optimization_0053"", ""optimization_0128"", ""optimization_0021"", ""optimization_0048"", ""optimization_0127"", ""optimization_0010"", ""optimization_0095"", ""optimization_0122"", ""optimization_0093"", ""optimization_0186"", ""optimization_0085"", ""optimization_0238"", ""optimization_0023"", ""optimization_0050"", ""optimization_0141"", ""optimization_0108"", ""optimization_0139"", ""optimization_0100"", ""optimization_0221"", ""optimization_0194""]"
campaign,reference,qwen3.8:27b/off,2,3,2,-1,0080638c0f58d5b18e6db10f0327e0c85125dd7c1ea1ae311fd5ad96c05b3078,0.734375,"[""0080638c0f58d5b18e6db10f0327e0c85125dd7c1ea1ae311fd5ad96c05b3078"", ""770592f6b932f0994176239394dd0efdfb08fad2ed635bafab4718a42ae45014"", ""d6032c3be83c087c9c70ba4f01db846118aecbf373b9779eb24be047d93bc39e""]","[""optimization_0237"", ""optimization_0012"", ""optimization_0043"", ""optimization_0178"", ""optimization_0077"", ""optimization_0140"", ""optimization_0129"", ""optimization_0180"", ""optimization_0133"", ""optimization_0022"", ""optimization_0203"", ""optimization_0098"", ""optimization_0027"", ""optimization_0006"", ""optimization_0001"", ""optimization_0160"", ""optimization_0005"", ""optimization_0080"", ""optimization_0189"", ""optimization_0132"", ""optimization_0097"", ""optimization_0220"", ""optimization_0065"", ""optimization_0152""]"
campaign,reference,qwen3.8:27b/off,2,3,3,-1,0080638c0f58d5b18e6db10f0327e0c85125dd7c1ea1ae311fd5ad96c05b3078,0.7870967741935484,"[""0080638c0f58d5b18e6db10f0327e0c85125dd7c1ea1ae311fd5ad96c05b3078"", ""4652a527db32711dfde9b1c61748caf599509ab36b229165b2f012fed3ca47d2"", ""0e42faf73c7c55f6562fb33c75d5c8e2ab0af5a2f268305129aba627936a5459""]","[""optimization_0207"", ""optimization_0222"", ""optimization_0013"", ""optimization_0028"", ""optimization_0089"", ""optimization_0218"", ""optimization_0063"", ""optimization_0066"", ""optimization_0103"", ""optimization_0166"", ""optimization_0233"", ""optimization_0074"", ""optimization_0009"", ""optimization_0072"", ""optimization_0193"", ""optimization_0052"", ""optimization_0059"", ""optimization_0164"", ""optimization_0219"", ""optimization_0000"", ""optimization_0235"", ""optimization_0136"", ""optimization_0173"", ""optimization_0182""]"
campaign,reference,qwen3.8:27b/off,2,3,4,-1,0080638c0f58d5b18e6db10f0327e0c85125dd7c1ea1ae311fd5ad96c05b3078,0.6206896551724138,"[""0080638c0f58d5b18e6db10f0327e0c85125dd7c1ea1ae311fd5ad96c05b3078"", ""c525fdbf61d9ecda2f13228574a17149994216950311accff735491e8c79bfb5"", ""00fd667be090b73475eb8adeaab1834e69a6c66dc233b9ac373d0b4fddd78abf""]","[""optimization_0147"", ""optimization_0156"", ""optimization_0163"", ""optimization_0202"", ""optimization_0149"", ""optimization_0056"", ""optimization_0075"", ""optimization_0030"", ""optimization_0205"", ""optimization_0232"", ""optimization_0155"", ""optimization_0104"", ""optimization_0111"", ""optimization_0114"", ""optimization_0055"", ""optimization_0094"", ""optimization_0029"", ""optimization_0230"", ""optimization_0039"", ""optimization_0162"", ""optimization_0211"", ""optimization_0142"", ""optimization_0185"", ""optimization_0200""]"
campaign,reference,qwen3.8:27b/off,2,3,5,1,1f4da5e6a94f3766ff6e2e74e1ed9d32a37eb295e5f5b1baab20c302d31d9f6b,0.6796116504854369,"[""0080638c0f58d5b18e6db10f0327e0c85125dd7c1ea1ae311fd5ad96c05b3078"", ""464707f8b3ceee48d3cbcea053f63449bd3e7bec419fb5d3e7ac1a7c937cef98"", ""1f4da5e6a94f3766ff6e2e74e1ed9d32a37eb295e5f5b1baab20c302d31d9f6b""]","[""optimization_0003"", ""optimization_0138"", ""optimization_0181"", ""optimization_0088"", ""optimization_0011"", ""optimization_0026"", ""optimization_0033"", ""optimization_0060"", ""optimization_0157"", ""optimization_0016"", ""optimization_0125"", ""optimization_0212"", ""optimization_0015"", ""optimization_0210"", ""optimization_0121"", ""optimization_0148"", ""optimization_0239"", ""optimization_0014"", ""optimization_0159"", ""optimization_0126"", ""optimization_0217"", ""optimization_0058"", ""optimization_0191"", ""optimization_0158""]"
campaign,reference,qwen3.8:27b/off,2,3,6,0,8e4fc0727cfefbee493929ee51175393ca9b2969eaa9ee441f612fa8192c4dcf,0.72,"[""1f4da5e6a94f3766ff6e2e74e1ed9d32a37eb295e5f5b1baab20c302d31d9f6b"", ""8e4fc0727cfefbee493929ee51175393ca9b2969eaa9ee441f612fa8192c4dcf"", ""88d5c5abce4ecdb799b87684d67e00f8484e0b7dd32fd7abcb2d0fbae0e67c60""]","[""optimization_0225"", ""optimization_0078"", ""optimization_0031"", ""optimization_0082"", ""optimization_0035"", ""optimization_0002"", ""optimization_0105"", ""optimization_0120"", ""optimization_0229"", ""optimization_0070"", ""optimization_0197"", ""optimization_0116"", ""optimization_0171"", ""optimization_0168"", ""optimization_0061"", ""optimization_0154"", ""optimization_0047"", ""optimization_0020"", ""optimization_0153"", ""optimization_0234"", ""optimization_0151"", ""optimization_0076"", ""optimization_0209"", ""optimization_0188""]"
campaign,reference,qwen3.8:27b/off,2,3,7,1,931003b126824ea6ec17c5c3f1150f75e55819f3db37a0d75fb0097c94ece676,0.6528497409326425,"[""8e4fc0727cfefbee493929ee51175393ca9b2969eaa9ee441f612fa8192c4dcf"", ""533fd15d5f3f4a59a3690066e584c04de5ab48eaf5b8d31621cd66bd0c8262ac"", ""931003b126824ea6ec17c5c3f1150f75e55819f3db37a0d75fb0097c94ece676""]","[""optimization_0201"", ""optimization_0096"", ""optimization_0169"", ""optimization_0034"", ""optimization_0143"", ""optimization_0038"", ""optimization_0087"", ""optimization_0192"", ""optimization_0109"", ""optimization_0214"", ""optimization_0071"", ""optimization_0068"", ""optimization_0117"", ""optimization_0024"", ""optimization_0007"", ""optimization_0106"", ""optimization_0083"", ""optimization_0224"", ""optimization_0045"", ""optimization_0018"", ""optimization_0049"", ""optimization_0208"", ""optimization_0113"", ""optimization_0110""]"
campaign,main,granite4.2:30b/off,3,2,0,-1,0080638c0f58d5b18e6db10f0327e0c85125dd7c1ea1ae311fd5ad96c05b3078,0.38009049773755654,"[""0080638c0f58d5b18e6db10f0327e0c85125dd7c1ea1ae311fd5ad96c05b3078"", ""c57af852a6b6405e34700d69a3bdb21c0de160624fcd01bbd23d79bc54b52347"", ""2500045162e3bf35b06ec7530624e2ae0824b46ca02ce95455f7566bd38a5010""]","[""optimization_0003"", ""optimization_0078"", ""optimization_0163"", ""optimization_0232"", ""optimization_0053"", ""optimization_0122"", ""optimization_0183"", ""optimization_0066"", ""optimization_0217"", ""optimization_0100"", ""optimization_0017"", ""optimization_0026"", ""optimization_0051"", ""optimization_0072"", ""optimization_0175"", ""optimization_0058"", ""optimization_0119"", ""optimization_0110"", ""optimization_0219"", ""optimization_0012"", ""optimization_0199"", ""optimization_0190"", ""optimization_0023"", ""optimization_0236""]"
campaign,main,granite4.2:30b/off,3,2,1,0,a2cf246e365d41d9bd8eb00935c274fd27353ee2e188f894af71d4282e73aa62,0.16,"[""0080638c0f58d5b18e6db10f0327e0c85125dd7c1ea1ae311fd5ad96c05b3078"", ""a2cf246e365d41d9bd8eb00935c274fd27353ee2e188f894af71d4282e73aa62"", ""d2ffd16d06d9b03de8c92298fa696e7fe88a31654baf0d0fda370109fce04736""]","[""optimization_0045"", ""optimization_0084"", ""optimization_0127"", ""optimization_0070"", ""optimization_0029"", ""optimization_0188"", ""optimization_0081"", ""optimization_0192"", ""optimization_0049"", ""optimization_0142"", ""optimization_0221"", ""optimization_0104"", ""optimization_0171"", ""optimization_0096"", ""optimization_0205"", ""optimization_0202"", ""optimization_0131"", ""optimization_0134"", ""optimization_0225"", ""optimization_0054"", ""optimization_0133"", ""optimization_0028"", ""optimization_0179"", ""optimization_0194""]"
campaign,main,granite4.2:30b/off,3,2,2,1,da96253f070defbadb7bec4dfc96f044f413b43ddad40c5d623a8b4844f1e376,0.24074074074074073,"[""a2cf246e365d41d9bd8eb00935c274fd27353ee2e188f894af71d4282e73aa62"", ""0e78aa8be49251f3b240bb7bde3a07c2373894dfb0180d98beb65a61b06c245f"", ""da96253f070defbadb7bec4dfc96f044f413b43ddad40c5d623a8b4844f1e376""]","[""optimization_0129"", ""optimization_0060"", ""optimization_0025"", ""optimization_0118"", ""optimization_0107"", ""optimization_0128"", ""optimization_0123"", ""optimization_0024"", ""optimization_0097"", ""optimization_0220"", ""optimization_0077"", ""optimization_0116"", ""optimization_0231"", ""optimization_0102"", ""optimization_0115"", ""optimization_0076"", ""optimization_0005"", ""optimization_0152"", ""optimization_0063"", ""optimization_0138"", ""optimization_0229"", ""optimization_0172"", ""optimization_0137"", ""optimization_0050""]"
campaign,main,granite4.2:30b/off,3,2,3,-1,da96253f070defbadb7bec4dfc96f044f413b43ddad40c5d623a8b4844f1e376,0.2962962962962963,"[""da96253f070defbadb7bec4dfc96f044f413b43ddad40c5d623a8b4844f1e376"", ""14879ce7f292ff16d82d8d8402992b8013533d6fec2e65eea7f75ab13495048b"", ""9c1c416876aba4ead6d24df8372637d040bc15cf258eda70b0953b4c4f85f66c""]","[""optimization_0057"", ""optimization_0000"", ""optimization_0073"", ""optimization_0196"", ""optimization_0215"", ""optimization_0002"", ""optimization_0195"", ""optimization_0018"", ""optimization_0169"", ""optimization_0178"", ""optimization_0125"", ""optimization_0164"", ""optimization_0207"", ""optimization_0168"", ""optimization_0157"", ""optimization_0160"", ""optimization_0197"", ""optimization_0092"", ""optimization_0021"", ""optimization_0222"", ""optimization_0223"", ""optimization_0136"", ""optimization_0233"", ""optimization_0158""]"
campaign,main,granite4.2:30b/off,3,2,4,-1,da96253f070defbadb7bec4dfc96f044f413b43ddad40c5d623a8b4844f1e376,0.27941176470588236,"[""da96253f070defbadb7bec4dfc96f044f413b43ddad40c5d623a8b4844f1e376"", ""73c08304c11ec4e2faa90bf45b80f7c15b773cd0ec07b1ffb6d11252db0ee7a8"", ""4c775d904716b0e335a50897de87e7f7d91b09d8532c5710a9d62ec72ceb4923""]","[""optimization_0027"", ""optimization_0030"", ""optimization_0031"", ""optimization_0004"", ""optimization_0041"", ""optimization_0068"", ""optimization_0075"", ""optimization_0150"", ""optimization_0193"", ""optimization_0046"", ""optimization_0161"", ""optimization_0086"", ""optimization_0009"", ""optimization_0114"", ""optimization_0187"", ""optimization_0124"", ""optimization_0203"", ""optimization_0074"", ""optimization_0039"", ""optimization_0090"", ""optimization_0037"", ""optimization_0088"", ""optimization_0167"", ""optimization_0098""]"
campaign,main,granite4.2:30b/off,3,2,5,1,adc5cb9fc068c0d3f6e9ae4978e8d0d4dc5f02554827b8b856f6fcd9cd7f0710,0.4264705882352941,"[""da96253f070defbadb7bec4dfc96f044f413b43ddad40c5d623a8b4844f1e376"", ""7381e0a91c3075f59381128cfdc2d89d08660e7a9cae6e5028f16eef497b431b"", ""adc5cb9fc068c0d3f6e9ae4978e8d0d4dc5f02554827b8b856f6fcd9cd7f0710""]","[""optimization_0237"", ""optimization_0144"", ""optimization_0061"", ""optimization_0154"", ""optimization_0191"", ""optimization_0080"", ""optimization_0201"", ""optimization_0174"", ""optimization_0145"", ""optimization_0052"", ""optimization_0089"", ""optimization_0146"", ""optimization_0147"", ""optimization_0036"", ""optimization_0151"", ""optimization_0238"", ""optimization_0071"", ""optimization_0056"", ""optimization_0015"", ""optimization_0126"", ""optimization_0181"", ""optimization_0016"", ""optimization_0059"", ""optimization_0008""]"
campaign,main,granite4.2:30b/off,3,2,6,0,d4d166bc5add6af3e39f478c74f6d9b4062c0e28ccf47910c2adbd08d45b770e,0.36363636363636365,"[""adc5cb9fc068c0d3f6e9ae4978e8d0d4dc5f02554827b8b856f6fcd9cd7f0710"", ""d4d166bc5add6af3e39f478c74f6d9b4062c0e28ccf47910c2adbd08d45b770e"", ""0dcd88183f4fb76fa09cd47a520c937a36f8fdaaea687ed138272d6e4a62c67d""]","[""optimization_0153"", ""optimization_0006"", ""optimization_0121"", ""optimization_0214"", ""optimization_0173"", ""optimization_0224"", ""optimization_0165"", ""optimization_0156"", ""optimization_0109"", ""optimization_0106"", ""optimization_0185"", ""optimization_0044"", ""optimization_0033"", ""optimization_0198"", ""optimization_0019"", ""optimization_0034"", ""optimization_0047"", ""optimization_0206"", ""optimization_0099"", ""optimization_0048"", ""optimization_0211"", ""optimization_0166"", ""optimization_0101"", ""optimization_0014""]"
campaign,main,granite4.2:30b/off,3,2,7,1,e96f0be98c92272b49cf8a55e99252ef3657dd0f6559645e309412627c9b006c,0.20754716981132076,"[""d4d166bc5add6af3e39f478c74f6d9b4062c0e28ccf47910c2adbd08d45b770e"", ""c958da0e9960cf452d75698cb8784cd0ed4ef3b0085c4c4e638deb085655ff1e"", ""e96f0be98c92272b49cf8a55e99252ef3657dd0f6559645e309412627c9b006c""]","[""optimization_0069"", ""optimization_0234"", ""optimization_0013"", ""optimization_0010"", ""optimization_0227"", ""optimization_0176"", ""optimization_0177"", ""optimization_0210"", ""optimization_0067"", ""optimization_0040"", ""optimization_0011"", ""optimization_0038"", ""optimization_0111"", ""optimization_0132"", ""optimization_0043"", ""optimization_0112"", ""optimization_0209"", ""optimization_0062"", ""optimization_0093"", ""optimization_0120"", ""optimization_0007"", ""optimization_0226"", ""optimization_0083"", ""optimization_0230""]"
campaign-extension,main,granite4.2:30b/off,3,6,0,-1,0080638c0f58d5b18e6db10f0327e0c85125dd7c1ea1ae311fd5ad96c05b3078,0.41201716738197425,"[""0080638c0f58d5b18e6db10f0327e0c85125dd7c1ea1ae311fd5ad96c05b3078"", ""ae453de8c84cb0e710474ed9cf4ca08da7e00b483633572f566d549659eaff86"", ""c677dc12351a5aa95b36c4726112f5a4e6f1e5e2f7f2b198adb8e34164bb59a3""]","[""optimization_0183"", ""optimization_0210"", ""optimization_0025"", ""optimization_0112"", ""optimization_0179"", ""optimization_0068"", ""optimization_0081"", ""optimization_0162"", ""optimization_0199"", ""optimization_0118"", ""optimization_0227"", ""optimization_0062"", ""optimization_0009"", ""optimization_0066"", ""optimization_0085"", ""optimization_0034"", ""optimization_0131"", ""optimization_0212"", ""optimization_0015"", ""optimization_0030"", ""optimization_0127"", ""optimization_0154"", ""optimization_0029"", ""optimization_0236""]"
campaign-extension,main,granite4.2:30b/off,3,6,1,1,56235fdaade94e0bb2d8402cc39923a32eb67a01ff24ea404d20cdf597e2370d,0.4077669902912621,"[""0080638c0f58d5b18e6db10f0327e0c85125dd7c1ea1ae311fd5ad96c05b3078"", ""221c548e5b30d7d1563cfb58da7bb14cafc36e2e30aa0061d136c08bd5ccaafc"", ""56235fdaade94e0bb2d8402cc39923a32eb67a01ff24ea404d20cdf597e2370d""]","[""optimization_0045"", ""optimization_0174"", ""optimization_0109"", ""optimization_0190"", ""optimization_0095"", ""optimization_0128"", ""optimization_0069"", ""optimization_0222"", ""optimization_0175"", ""optimization_0178"", ""optimization_0017"", ""optimization_0170"", ""optimization_0039"", ""optimization_0072"", ""optimization_0145"", ""optimization_0220"", ""optimization_0221"", ""optimization_0122"", ""optimization_0003"", ""optimization_0084"", ""optimization_0013"", ""optimization_0166"", ""optimization_0041"", ""optimization_0104""]"
campaign-extension,main,granite4.2:30b/off,3,6,2,0,d86cd88b1c0dc9907accc94d3b90645498a098d03f32ae75b76a05e30991318c,0.3711340206185567,"[""56235fdaade94e0bb2d8402cc39923a32eb67a01ff24ea404d20cdf597e2370d"", ""d86cd88b1c0dc9907accc94d3b90645498a098d03f32ae75b76a05e30991318c""]","[""optimization_0063"", ""optimization_0078"", ""optimization_0073"", ""optimization_0022"", ""optimization_0191"", ""optimization_0050"", ""optimization_0201"", ""optimization_0132"", ""optimization_0043"", ""optimization_0058"", ""optimization_0005"", ""optimization_0002"", ""optimization_0165"", ""optimization_0114"", ""optimization_0169"", ""optimization_0010"", ""optimization_0023"", ""optimization_0014"", ""optimization_0123"", ""optimization_0120"", ""optimization_0103"", ""optimization_0124"", ""optimization_0203"", ""optimization_0008""]"
campaign-extension,main,granite4.2:30b/off,3,6,3,-1,d86cd88b1c0dc9907accc94d3b90645498a098d03f32ae75b76a05e30991318c,0.3230769230769231,"[""d86cd88b1c0dc9907accc94d3b90645498a098d03f32ae75b76a05e30991318c""]","[""optimization_0117"", ""optimization_0036"", ""optimization_0205"", ""optimization_0106"", ""optimization_0035"", ""optimization_0080"", ""optimization_0159"", ""optimization_0192"", ""optimization_0115"", ""optimization_0232"", ""optimization_0047"", ""optimization_0116"", ""optimization_0225"", ""optimization_0138"", ""optimization_0037"", ""optimization_0052"", ""optimization_0143"", ""optimization_0098"", ""optimization_0195"", ""optimization_0042"", ""optimization_0133"", ""optimization_0076"", ""optimization_0089"", ""optimization_0188""]"
campaign-extension,main,granite4.2:30b/off,3,6,4,0,62297abc8e82d6afea041b7139a46bed2ae12bbd96540376e23b46d2e94e455a,0.23703703703703705,"[""d86cd88b1c0dc9907accc94d3b90645498a098d03f32ae75b76a05e30991318c"", ""62297abc8e82d6afea041b7139a46bed2ae12bbd96540376e23b46d2e94e455a""]","[""optimization_0105"", ""optimization_0048"", ""optimization_0097"", ""optimization_0028"", ""optimization_0161"", ""optimization_0038"", ""optimization_0033"", ""optimization_0234"", ""optimization_0151"", ""optimization_0184"", ""optimization_0215"", ""optimization_0230"", ""optimization_0027"", ""optimization_0156"", ""optimization_0091"", ""optimization_0208"", ""optimization_0059"", ""optimization_0146"", ""optimization_0147"", ""optimization_0216"", ""optimization_0235"", ""optimization_0130"", ""optimization_0239"", ""optimization_0158""]"
campaign-extension,main,granite4.2:30b/off,3,6,5,-1,62297abc8e82d6afea041b7139a46bed2ae12bbd96540376e23b46d2e94e455a,0.3137254901960784,"[""62297abc8e82d6afea041b7139a46bed2ae12bbd96540376e23b46d2e94e455a"", ""1a9b1effde3adafa55341e5ba165ed71c7b6529a7651cf6a02af7904e688277e"", ""5c8237868235b8d70c5989a6a4c9843fadaba952f2581f38d29a3ed900c1f4d5""]","[""optimization_0219"", ""optimization_0012"", ""optimization_0211"", ""optimization_0148"", ""optimization_0065"", ""optimization_0182"", ""optimization_0153"", ""optimization_0096"", ""optimization_0163"", ""optimization_0196"", ""optimization_0149"", ""optimization_0044"", ""optimization_0141"", ""optimization_0090"", ""optimization_0079"", ""optimization_0094"", ""optimization_0119"", ""optimization_0206"", ""optimization_0237"", ""optimization_0168"", ""optimization_0061"", ""optimization_0088"", ""optimization_0185"", ""optimization_0032""]"
campaign-extension,main,granite4.2:30b/off,3,6,6,-1,62297abc8e82d6afea041b7139a46bed2ae12bbd96540376e23b46d2e94e455a,0.3047619047619048,"[""62297abc8e82d6afea041b7139a46bed2ae12bbd96540376e23b46d2e94e455a"", ""62297abc8e82d6afea041b7139a46bed2ae12bbd96540376e23b46d2e94e455a"", ""b3ecedd0bcdfb208983061c8d23b2c27f730141bc5e84ae85e47a6ccf1a72161""]","[""optimization_0231"", ""optimization_0186"", ""optimization_0157"", ""optimization_0100"", ""optimization_0083"", ""optimization_0200"", ""optimization_0213"", ""optimization_0126"", ""optimization_0121"", ""optimization_0082"", ""optimization_0137"", ""optimization_0218"", ""optimization_0189"", ""optimization_0060"", ""optimization_0031"", ""optimization_0202"", ""optimization_0053"", ""optimization_0056"", ""optimization_0057"", ""optimization_0108"", ""optimization_0049"", ""optimization_0004"", ""optimization_0233"", ""optimization_0074""]"
campaign-extension,main,granite4.2:30b/off,3,6,7,1,0780d3b93a3dadf770a8937d455a3038711c62147562fcf3ca4dbbc82200af58,0.25806451612903225,"[""62297abc8e82d6afea041b7139a46bed2ae12bbd96540376e23b46d2e94e455a"", ""62297abc8e82d6afea041b7139a46bed2ae12bbd96540376e23b46d2e94e455a"", ""0780d3b93a3dadf770a8937d455a3038711c62147562fcf3ca4dbbc82200af58""]","[""optimization_0171"", ""optimization_0102"", ""optimization_0187"", ""optimization_0040"", ""optimization_0101"", ""optimization_0152"", ""optimization_0051"", ""optimization_0006"", ""optimization_0001"", ""optimization_0016"", ""optimization_0197"", ""optimization_0140"", ""optimization_0129"", ""optimization_0198"", ""optimization_0193"", ""optimization_0214"", ""optimization_0155"", ""optimization_0224"", ""optimization_0111"", ""optimization_0204"", ""optimization_0019"", ""optimization_0046"", ""optimization_0107"", ""optimization_0110""]"
campaign-extension,main,granite4.2:30b/off,3,7,0,-1,0080638c0f58d5b18e6db10f0327e0c85125dd7c1ea1ae311fd5ad96c05b3078,0.3318777292576419,"[""0080638c0f58d5b18e6db10f0327e0c85125dd7c1ea1ae311fd5ad96c05b3078"", ""3b2f8a0470c4d2d26ba0c1cb68184922cb6bfaf25f41bd108b47fa25aeff2336"", ""91d9c4bd4e188583a89c8c7b3a69a7a8878e9600876e4490e186727ca961fbd1""]","[""optimization_0231"", ""optimization_0042"", ""optimization_0067"", ""optimization_0016"", ""optimization_0191"", ""optimization_0116"", ""optimization_0195"", ""optimization_0156"", ""optimization_0169"", ""optimization_0088"", ""optimization_0203"", ""optimization_0230"", ""optimization_0045"", ""optimization_0204"", ""optimization_0127"", ""optimization_0082"", ""optimization_0149"", ""optimization_0098"", ""optimization_0141"", ""optimization_0192"", ""optimization_0085"", ""optimization_0004"", ""optimization_0185"", ""optimization_0044""]"
campaign-extension,main,granite4.2:30b/off,3,7,1,0,ad2c70273e497d8967ac64744ae0d87a32daf397e9cd2d10bcc2480418dbb527,0.45652173913043476,"[""0080638c0f58d5b18e6db10f0327e0c85125dd7c1ea1ae311fd5ad96c05b3078"", ""ad2c70273e497d8967ac64744ae0d87a32daf397e9cd2d10bcc2480418dbb527"", ""c5de8e5c8da47c2edeb5f1d624421a2f1795d94d49e472f51cb11388038a16b8""]","[""optimization_0207"", ""optimization_0078"", ""optimization_0049"", ""optimization_0040"", ""optimization_0029"", ""optimization_0086"", ""optimization_0237"", ""optimization_0012"", ""optimization_0115"", ""optimization_0106"", ""optimization_0017"", ""optimization_0104"", ""optimization_0057"", ""optimization_0090"", ""optimization_0199"", ""optimization_0028"", ""optimization_0041"", ""optimization_0008"", ""optimization_0123"", ""optimization_0114"", ""optimization_0211"", ""optimization_0022"", ""optimization_0083"", ""optimization_0188""]"
campaign-extension,main,granite4.2:30b/off,3,7,2,-1,ad2c70273e497d8967ac64744ae0d87a32daf397e9cd2d10bcc2480418dbb527,0.16541353383458646,"[""ad2c70273e497d8967ac64744ae0d87a32daf397e9cd2d10bcc2480418dbb527"", ""7ce7d023bf38d26193e17759ce2ff204d73f73711c717cc7cba53263e0d70eb6""]","[""optimization_0003"", ""optimization_0144"", ""optimization_0163"", ""optimization_0130"", ""optimization_0059"", ""optimization_0212"", ""optimization_0099"", ""optimization_0210"", ""optimization_0187"", ""optimization_0196"", ""optimization_0047"", ""optimization_0236"", ""optimization_0225"", ""optimization_0096"", ""optimization_0235"", ""optimization_0160"", ""optimization_0173"", ""optimization_0164"", ""optimization_0009"", ""optimization_0000"", ""optimization_0037"", ""optimization_0190"", ""optimization_0239"", ""optimization_0140""]"
campaign-extension,main,granite4.2:30b/off,3,7,3,0,c664d0b83ff7b762a471b33ff764fb438eb98f92cf1733596ff346a36a64474c,0.15789473684210525,"[""ad2c70273e497d8967ac64744ae0d87a32daf397e9cd2d10bcc2480418dbb527"", ""c664d0b83ff7b762a471b33ff764fb438eb98f92cf1733596ff346a36a64474c"", ""5339b4c3c3608b2c07cc3d0f220b6e30750776957a45f5d91bac7bc34d069713""]","[""optimization_0177"", ""optimization_0060"", ""optimization_0061"", ""optimization_0070"", ""optimization_0095"", ""optimization_0194"", ""optimization_0135"", ""optimization_0066"", ""optimization_0205"", ""optimization_0208"", ""optimization_0077"", ""optimization_0110"", ""optimization_0111"", ""optimization_0120"", ""optimization_0019"", ""optimization_0010"", ""optimization_0161"", ""optimization_0158"", ""optimization_0093"", ""optimization_0138"", ""optimization_0097"", ""optimization_0220"", ""optimization_0167"", ""optimization_0062""]"
campaign-extension,main,granite4.2:30b/off,3,7,4,1,12d3f1bd39124e7fd8e3dfde82caadcbe088cc3950d27011adc7bd9a0905d85a,0.16666666666666666,"[""c664d0b83ff7b762a471b33ff764fb438eb98f92cf1733596ff346a36a64474c"", ""72bcfc728e3c8595c55145b5d45052e8135894750641f41ab79c72b86681119c"", ""12d3f1bd39124e7fd8e3dfde82caadcbe088cc3950d27011adc7bd9a0905d85a""]","[""optimization_0063"", ""optimization_0024"", ""optimization_0055"", ""optimization_0202"", ""optimization_0233"", ""optimization_0050"", ""optimization_0027"", ""optimization_0030"", ""optimization_0031"", ""optimization_0178"", ""optimization_0101"", ""optimization_0122"", ""optimization_0153"", ""optimization_0174"", ""optimization_0109"", ""optimization_0184"", ""optimization_0125"", ""optimization_0128"", ""optimization_0189"", ""optimization_0018"", ""optimization_0157"", ""optimization_0142"", ""optimization_0005"", ""optimization_0134""]"
campaign-extension,main,granite4.2:30b/off,3,7,5,-1,12d3f1bd39124e7fd8e3dfde82caadcbe088cc3950d27011adc7bd9a0905d85a,0.34234234234234234,"[""12d3f1bd39124e7fd8e3dfde82caadcbe088cc3950d27011adc7bd9a0905d85a"", ""de78358c6bac8b977a8d98e741028683d164cbc4d3cc9cc24f41599f891172fa"", ""e7597507cf0e17212a2c20b3cfff4cb195dac39ff127666373d7907919838ba8""]","[""optimization_0201"", ""optimization_0234"", ""optimization_0121"", ""optimization_0214"", ""optimization_0197"", ""optimization_0056"", ""optimization_0081"", ""optimization_0180"", ""optimization_0181"", ""optimization_0226"", ""optimization_0023"", ""optimization_0224"", ""optimization_0021"", ""optimization_0126"", ""optimization_0223"", ""optimization_0100"", ""optimization_0221"", ""optimization_0146"", ""optimization_0039"", ""optimization_0216"", ""optimization_0091"", ""optimization_0238"", ""optimization_0215"", ""optimization_0206""]"
campaign-extension,main,granite4.2:30b/off,3,7,6,0,62b167c7061718bd51cc5d29b679e3c1774b1420df1dbba25b0d5ce9eb3656b3,0.38247011952191234,"[""12d3f1bd39124e7fd8e3dfde82caadcbe088cc3950d27011adc7bd9a0905d85a"", ""62b167c7061718bd51cc5d29b679e3c1774b1420df1dbba25b0d5ce9eb3656b3"", ""a827e21df2823efcc64a00c3705dc8403e569ea5d8393914af67df2ea66f64bc""]","[""optimization_0129"", ""optimization_0228"", ""optimization_0193"", ""optimization_0232"", ""optimization_0137"", ""optimization_0152"", ""optimization_0075"", ""optimization_0036"", ""optimization_0151"", ""optimization_0124"", ""optimization_0209"", ""optimization_0074"", ""optimization_0117"", ""optimization_0198"", ""optimization_0145"", ""optimization_0034"", ""optimization_0131"", ""optimization_0014"", ""optimization_0087"", ""optimization_0084"", ""optimization_0229"", ""optimization_0112"", ""optimization_0113"", ""optimization_0032""]"
campaign-extension,main,granite4.2:30b/off,3,7,7,0,22de6454efc4a3bd9cf0ef87ac19fb366a43ff02dc0125ad16155fcb85a3cab2,0.4479166666666667,"[""62b167c7061718bd51cc5d29b679e3c1774b1420df1dbba25b0d5ce9eb3656b3"", ""22de6454efc4a3bd9cf0ef87ac19fb366a43ff02dc0125ad16155fcb85a3cab2"", ""62b167c7061718bd51cc5d29b679e3c1774b1420df1dbba25b0d5ce9eb3656b3""]","[""optimization_0051"", ""optimization_0054"", ""optimization_0217"", ""optimization_0148"", ""optimization_0143"", ""optimization_0218"", ""optimization_0171"", ""optimization_0222"", ""optimization_0007"", ""optimization_0076"", ""optimization_0065"", ""optimization_0176"", ""optimization_0069"", ""optimization_0006"", ""optimization_0133"", ""optimization_0094"", ""optimization_0053"", ""optimization_0170"", ""optimization_0183"", ""optimization_0162"", ""optimization_0103"", ""optimization_0064"", ""optimization_0155"", ""optimization_0002""]"
campaign-extension,main,granite4.2:30b/off,1,7,0,1,c5e15e491bc1cd7cd85f15e764b208b4a16031ae344d63da733c40af3835db2f,0.40298507462686567,"[""0080638c0f58d5b18e6db10f0327e0c85125dd7c1ea1ae311fd5ad96c05b3078"", ""d00964fdff0631634873978852543bbcbb1cf21de390190d406bd0ddeba97c7d"", ""c5e15e491bc1cd7cd85f15e764b208b4a16031ae344d63da733c40af3835db2f""]","[""optimization_0231"", ""optimization_0042"", ""optimization_0067"", ""optimization_0016"", ""optimization_0191"", ""optimization_0116"", ""optimization_0195"", ""optimization_0156"", ""optimization_0169"", ""optimization_0088"", ""optimization_0203"", ""optimization_0230"", ""optimization_0045"", ""optimization_0204"", ""optimization_0127"", ""optimization_0082"", ""optimization_0149"", ""optimization_0098"", ""optimization_0141"", ""optimization_0192"", ""optimization_0085"", ""optimization_0004"", ""optimization_0185"", ""optimization_0044""]"
campaign-extension,main,granite4.2:30b/off,1,7,1,-1,c5e15e491bc1cd7cd85f15e764b208b4a16031ae344d63da733c40af3835db2f,0.3865546218487395,"[""c5e15e491bc1cd7cd85f15e764b208b4a16031ae344d63da733c40af3835db2f"", ""b7526651627c1b7d08cd49fc860a74a377f4f2a4f542dc63bf9e6d7b13544a15"", ""69a7039a4e6ba93936a73fb3706f30c0587b523f3de207b1d736d1ccc4b05928""]","[""optimization_0207"", ""optimization_0078"", ""optimization_0049"", ""optimization_0040"", ""optimization_0029"", ""optimization_0086"", ""optimization_0237"", ""optimization_0012"", ""optimization_0115"", ""optimization_0106"", ""optimization_0017"", ""optimization_0104"", ""optimization_0057"", ""optimization_0090"", ""optimization_0199"", ""optimization_0028"", ""optimization_0041"", ""optimization_0008"", ""optimization_0123"", ""optimization_0114"", ""optimization_0211"", ""optimization_0022"", ""optimization_0083"", ""optimization_0188""]"
campaign-extension,main,granite4.2:30b/off,1,7,2,1,7cb9f2b814ccad7a2b5bf7e44168de0a1e708f9b17bf99e1059c86321771327a,0.46511627906976744,"[""c5e15e491bc1cd7cd85f15e764b208b4a16031ae344d63da733c40af3835db2f"", ""e759482e5a668ea378e0b3ca280e0b7db4e1ef22ef70c87721e0b0b8750133a5"", ""7cb9f2b814ccad7a2b5bf7e44168de0a1e708f9b17bf99e1059c86321771327a""]","[""optimization_0003"", ""optimization_0144"", ""optimization_0163"", ""optimization_0130"", ""optimization_0059"", ""optimization_0212"", ""optimization_0099"", ""optimization_0210"", ""optimization_0187"", ""optimization_0196"", ""optimization_0047"", ""optimization_0236"", ""optimization_0225"", ""optimization_0096"", ""optimization_0235"", ""optimization_0160"", ""optimization_0173"", ""optimization_0164"", ""optimization_0009"", ""optimization_0000"", ""optimization_0037"", ""optimization_0190"", ""optimization_0239"", ""optimization_0140""]"
campaign-extension,main,granite4.2:30b/off,1,7,3,0,13880d4404466f43e25a34407b8eb3489a8cdddff6d33960cdf1fff4cf85d02f,0.2436548223350254,"[""7cb9f2b814ccad7a2b5bf7e44168de0a1e708f9b17bf99e1059c86321771327a"", ""13880d4404466f43e25a34407b8eb3489a8cdddff6d33960cdf1fff4cf85d02f"", ""febdca463257e706223f08b6e07e748b05d3beb7a60b67bbb9d30f99eb50feaf""]","[""optimization_0177"", ""optimization_0060"", ""optimization_0061"", ""optimization_0070"", ""optimization_0095"", ""optimization_0194"", ""optimization_0135"", ""optimization_0066"", ""optimization_0205"", ""optimization_0208"", ""optimization_0077"", ""optimization_0110"", ""optimization_0111"", ""optimization_0120"", ""optimization_0019"", ""optimization_0010"", ""optimization_0161"", ""optimization_0158"", ""optimization_0093"", ""optimization_0138"", ""optimization_0097"", ""optimization_0220"", ""optimization_0167"", ""optimization_0062""]"
campaign-extension,main,granite4.2:30b/off,1,7,4,0,5ae0622a2c2c799405a677e9f47fab9db9c4d186edd8efb48d9ccfffb72157d1,0.2097902097902098,"[""13880d4404466f43e25a34407b8eb3489a8cdddff6d33960cdf1fff4cf85d02f"", ""5ae0622a2c2c799405a677e9f47fab9db9c4d186edd8efb48d9ccfffb72157d1"", ""5f8a6b1985b5ad53ca399d305c983fd1c7d03858fbc0b558c50839e6d408f973""]","[""optimization_0063"", ""optimization_0024"", ""optimization_0055"", ""optimization_0202"", ""optimization_0233"", ""optimization_0050"", ""optimization_0027"", ""optimization_0030"", ""optimization_0031"", ""optimization_0178"", ""optimization_0101"", ""optimization_0122"", ""optimization_0153"", ""optimization_0174"", ""optimization_0109"", ""optimization_0184"", ""optimization_0125"", ""optimization_0128"", ""optimization_0189"", ""optimization_0018"", ""optimization_0157"", ""optimization_0142"", ""optimization_0005"", ""optimization_0134""]"
campaign-extension,main,granite4.2:30b/off,1,7,5,0,6c7a6fe5ece0938011ede7a8eabe6b711ad82ad840cfcd6a917c7acd38844b22,0.31932773109243695,"[""5ae0622a2c2c799405a677e9f47fab9db9c4d186edd8efb48d9ccfffb72157d1"", ""6c7a6fe5ece0938011ede7a8eabe6b711ad82ad840cfcd6a917c7acd38844b22""]","[""optimization_0201"", ""optimization_0234"", ""optimization_0121"", ""optimization_0214"", ""optimization_0197"", ""optimization_0056"", ""optimization_0081"", ""optimization_0180"", ""optimization_0181"", ""optimization_0226"", ""optimization_0023"", ""optimization_0224"", ""optimization_0021"", ""optimization_0126"", ""optimization_0223"", ""optimization_0100"", ""optimization_0221"", ""optimization_0146"", ""optimization_0039"", ""optimization_0216"", ""optimization_0091"", ""optimization_0238"", ""optimization_0215"", ""optimization_0206""]"
campaign-extension,main,granite4.2:30b/off,1,7,6,0,f7d5688d4d24ad589799c67b056f275998f26aa2fa89246c1f788665fb57e836,0.3939393939393939,"[""6c7a6fe5ece0938011ede7a8eabe6b711ad82ad840cfcd6a917c7acd38844b22"", ""f7d5688d4d24ad589799c67b056f275998f26aa2fa89246c1f788665fb57e836""]","[""optimization_0129"", ""optimization_0228"", ""optimization_0193"", ""optimization_0232"", ""optimization_0137"", ""optimization_0152"", ""optimization_0075"", ""optimization_0036"", ""optimization_0151"", ""optimization_0124"", ""optimization_0209"", ""optimization_0074"", ""optimization_0117"", ""optimization_0198"", ""optimization_0145"", ""optimization_0034"", ""optimization_0131"", ""optimization_0014"", ""optimization_0087"", ""optimization_0084"", ""optimization_0229"", ""optimization_0112"", ""optimization_0113"", ""optimization_0032""]"
campaign-extension,main,granite4.2:30b/off,1,7,7,-1,f7d5688d4d24ad589799c67b056f275998f26aa2fa89246c1f788665fb57e836,0.4100418410041841,"[""f7d5688d4d24ad589799c67b056f275998f26aa2fa89246c1f788665fb57e836"", ""4843abdfb612af8c1fc60a3a01d00f12860b0f8a95d78ffcd5fdd5da44e4ffec"", ""871b65459dad2395e13f94debe0e04599605c4a8e5b87db741b4d699410209ce""]","[""optimization_0051"", ""optimization_0054"", ""optimization_0217"", ""optimization_0148"", ""optimization_0143"", ""optimization_0218"", ""optimization_0171"", ""optimization_0222"", ""optimization_0007"", ""optimization_0076"", ""optimization_0065"", ""optimization_0176"", ""optimization_0069"", ""optimization_0006"", ""optimization_0133"", ""optimization_0094"", ""optimization_0053"", ""optimization_0170"", ""optimization_0183"", ""optimization_0162"", ""optimization_0103"", ""optimization_0064"", ""optimization_0155"", ""optimization_0002""]"
campaign-extension,main,granite4.2:30b/off,3,8,0,-1,0080638c0f58d5b18e6db10f0327e0c85125dd7c1ea1ae311fd5ad96c05b3078,0.41064638783269963,"[""0080638c0f58d5b18e6db10f0327e0c85125dd7c1ea1ae311fd5ad96c05b3078"", ""471300f28684198745acaebfeac39b57abf6fc21097ea009f1346e4c286ee420"", ""f72b7572b09406b5b7af8bc1deb1a91417bf3ec5f894b23649067953f8683364""]","[""optimization_0111"", ""optimization_0210"", ""optimization_0193"", ""optimization_0178"", ""optimization_0017"", ""optimization_0176"", ""optimization_0165"", ""optimization_0024"", ""optimization_0103"", ""optimization_0070"", ""optimization_0065"", ""optimization_0236"", ""optimization_0045"", ""optimization_0030"", ""optimization_0121"", ""optimization_0190"", ""optimization_0215"", ""optimization_0014"", ""optimization_0231"", ""optimization_0204"", ""optimization_0175"", ""optimization_0010"", ""optimization_0149"", ""optimization_0230""]"
campaign-extension,main,granite4.2:30b/off,3,8,1,-1,0080638c0f58d5b18e6db10f0327e0c85125dd7c1ea1ae311fd5ad96c05b3078,0.3014705882352941,"[""0080638c0f58d5b18e6db10f0327e0c85125dd7c1ea1ae311fd5ad96c05b3078"", ""73dcddd2a5061a6c688cc3056c639f1422833728a5d6e46b6370ad56f7b1662a"", ""ab479c3d269c2136d7c1d4b55b1fd6648e8fcc22e70775435fd1bc4e19c577b8""]","[""optimization_0021"", ""optimization_0060"", ""optimization_0133"", ""optimization_0232"", ""optimization_0119"", ""optimization_0158"", ""optimization_0027"", ""optimization_0120"", ""optimization_0037"", ""optimization_0112"", ""optimization_0101"", ""optimization_0146"", ""optimization_0225"", ""optimization_0162"", ""optimization_0181"", ""optimization_0016"", ""optimization_0221"", ""optimization_0032"", ""optimization_0219"", ""optimization_0072"", ""optimization_0145"", ""optimization_0064"", ""optimization_0077"", ""optimization_0110""]"
campaign-extension,main,granite4.2:30b/off,3,8,2,-1,0080638c0f58d5b18e6db10f0327e0c85125dd7c1ea1ae311fd5ad96c05b3078,0.41568627450980394,"[""0080638c0f58d5b18e6db10f0327e0c85125dd7c1ea1ae311fd5ad96c05b3078"", ""382de7d1bdd7937924a79d87889ffd426682a5d03c32550251ce76d159bdb534"", ""862b36d109526f5148cf99895d9c565824f2ac2b05b2839be866cd368dc03237""]","[""optimization_0087"", ""optimization_0096"", ""optimization_0025"", ""optimization_0058"", ""optimization_0083"", ""optimization_0008"", ""optimization_0057"", ""optimization_0228"", ""optimization_0169"", ""optimization_0124"", ""optimization_0089"", ""optimization_0092"", ""optimization_0159"", ""optimization_0114"", ""optimization_0187"", ""optimization_0136"", ""optimization_0155"", ""optimization_0020"", ""optimization_0189"", ""optimization_0054"", ""optimization_0031"", ""optimization_0046"", ""optimization_0137"", ""optimization_0080""]"
campaign-extension,main,granite4.2:30b/off,3,8,3,1,27595f70a9af6346ecda78614600a59cd4e2622404a40272d8406281ee47549e,0.3037974683544304,"[""0080638c0f58d5b18e6db10f0327e0c85125dd7c1ea1ae311fd5ad96c05b3078"", ""4c8917e3d4bafb976f2763f1d37d698ae816a039fe6297b4bd1edfa0b0539249"", ""27595f70a9af6346ecda78614600a59cd4e2622404a40272d8406281ee47549e""]","[""optimization_0207"", ""optimization_0108"", ""optimization_0001"", ""optimization_0184"", ""optimization_0107"", ""optimization_0098"", ""optimization_0099"", ""optimization_0006"", ""optimization_0013"", ""optimization_0166"", ""optimization_0239"", ""optimization_0086"", ""optimization_0093"", ""optimization_0036"", ""optimization_0079"", ""optimization_0088"", ""optimization_0227"", ""optimization_0074"", ""optimization_0075"", ""optimization_0018"", ""optimization_0085"", ""optimization_0082"", ""optimization_0131"", ""optimization_0188""]"
campaign-extension,main,granite4.2:30b/off,3,8,4,0,94ad7aa7ce98fd3fad8669b867688b767dadacbfe16d2c969155a4ba9f0174c3,0.3333333333333333,"[""27595f70a9af6346ecda78614600a59cd4e2622404a40272d8406281ee47549e"", ""94ad7aa7ce98fd3fad8669b867688b767dadacbfe16d2c969155a4ba9f0174c3"", ""9acf811151d061997e04a5576521059f5fad006e198c8ea68af4e920de1e66cb""]","[""optimization_0063"", ""optimization_0168"", ""optimization_0007"", ""optimization_0208"", ""optimization_0209"", ""optimization_0140"", ""optimization_0171"", ""optimization_0102"", ""optimization_0151"", ""optimization_0214"", ""optimization_0023"", ""optimization_0044"", ""optimization_0105"", ""optimization_0126"", ""optimization_0127"", ""optimization_0052"", ""optimization_0197"", ""optimization_0224"", ""optimization_0195"", ""optimization_0180"", ""optimization_0091"", ""optimization_0154"", ""optimization_0233"", ""optimization_0026""]"
campaign-extension,main,granite4.2:30b/off,3,8,5,1,15b30ebe4a6759f762716b8781e324e425259503717fb19fed5a56f05168df99,0.3316062176165803,"[""94ad7aa7ce98fd3fad8669b867688b767dadacbfe16d2c969155a4ba9f0174c3"", ""082f31a6afed31f0edf9c6094f95662ed7a5601dd1bd088471485ee51263bd2d"", ""15b30ebe4a6759f762716b8781e324e425259503717fb19fed5a56f05168df99""]","[""optimization_0201"", ""optimization_0042"", ""optimization_0043"", ""optimization_0022"", ""optimization_0113"", ""optimization_0062"", ""optimization_0051"", ""optimization_0066"", ""optimization_0109"", ""optimization_0160"", ""optimization_0005"", ""optimization_0116"", ""optimization_0183"", ""optimization_0144"", ""optimization_0157"", ""optimization_0130"", ""optimization_0203"", ""optimization_0164"", ""optimization_0123"", ""optimization_0084"", ""optimization_0223"", ""optimization_0118"", ""optimization_0143"", ""optimization_0122""]"
campaign-extension,main,granite4.2:30b/off,3,8,6,-1,15b30ebe4a6759f762716b8781e324e425259503717fb19fed5a56f05168df99,0.5,"[""15b30ebe4a6759f762716b8781e324e425259503717fb19fed5a56f05168df99"", ""42bb5b16aeaac7bd754effb7a94a006ac45fa378ce7dc8d612fa736cdf9e26cd"", ""f3d2a1456c8f5b7d6007d962a165352677736fd7e5e9355471989eb3d29d3aee""]","[""optimization_0033"", ""optimization_0222"", ""optimization_0211"", ""optimization_0148"", ""optimization_0167"", ""optimization_0170"", ""optimization_0213"", ""optimization_0138"", ""optimization_0199"", ""optimization_0142"", ""optimization_0041"", ""optimization_0056"", ""optimization_0141"", ""optimization_0192"", ""optimization_0205"", ""optimization_0196"", ""optimization_0035"", ""optimization_0068"", ""optimization_0069"", ""optimization_0174"", ""optimization_0049"", ""optimization_0076"", ""optimization_0071"", ""optimization_0182""]"
campaign-extension,main,granite4.2:30b/off,3,8,7,1,cb10cd7fdb822fbcece2f6740729b82945a9348f9d9596cee32273478d0d367b,0.19672131147540983,"[""15b30ebe4a6759f762716b8781e324e425259503717fb19fed5a56f05168df99"", ""27345056edd61e7507a6a12fd46eda379a6a88c379a00e80efda167db321d8f2"", ""cb10cd7fdb822fbcece2f6740729b82945a9348f9d9596cee32273478d0d367b""]","[""optimization_0147"", ""optimization_0186"", ""optimization_0067"", ""optimization_0226"", ""optimization_0053"", ""optimization_0152"", ""optimization_0003"", ""optimization_0000"", ""optimization_0061"", ""optimization_0100"", ""optimization_0095"", ""optimization_0050"", ""optimization_0015"", ""optimization_0090"", ""optimization_0115"", ""optimization_0094"", ""optimization_0185"", ""optimization_0038"", ""optimization_0039"", ""optimization_0234"", ""optimization_0229"", ""optimization_0040"", ""optimization_0125"", ""optimization_0128""]"
campaign-extension,main,granite4.2:30b/off,1,8,0,1,5800b9b60046e8fff143057b73d847e958c3145db20d09aae36530b3ba54ef4d,0.448,"[""0080638c0f58d5b18e6db10f0327e0c85125dd7c1ea1ae311fd5ad96c05b3078"", ""01e6e7ec36e521a1e93957b88bec423de170105aee89f7800ea450623e633ada"", ""5800b9b60046e8fff143057b73d847e958c3145db20d09aae36530b3ba54ef4d""]","[""optimization_0111"", ""optimization_0210"", ""optimization_0193"", ""optimization_0178"", ""optimization_0017"", ""optimization_0176"", ""optimization_0165"", ""optimization_0024"", ""optimization_0103"", ""optimization_0070"", ""optimization_0065"", ""optimization_0236"", ""optimization_0045"", ""optimization_0030"", ""optimization_0121"", ""optimization_0190"", ""optimization_0215"", ""optimization_0014"", ""optimization_0231"", ""optimization_0204"", ""optimization_0175"", ""optimization_0010"", ""optimization_0149"", ""optimization_0230""]"
campaign-extension,main,granite4.2:30b/off,1,8,1,0,72ab4c3385a6905bbfceddb10543b58b88202a61b6cc380d89adb166eade7a69,0.32786885245901637,"[""5800b9b60046e8fff143057b73d847e958c3145db20d09aae36530b3ba54ef4d"", ""72ab4c3385a6905bbfceddb10543b58b88202a61b6cc380d89adb166eade7a69"", ""fd9325e77319c2d5de7b871defd6d084c53684e3c01abb73a0f35f86b1bb47a8""]","[""optimization_0021"", ""optimization_0060"", ""optimization_0133"", ""optimization_0232"", ""optimization_0119"", ""optimization_0158"", ""optimization_0027"", ""optimization_0120"", ""optimization_0037"", ""optimization_0112"", ""optimization_0101"", ""optimization_0146"", ""optimization_0225"", ""optimization_0162"", ""optimization_0181"", ""optimization_0016"", ""optimization_0221"", ""optimization_0032"", ""optimization_0219"", ""optimization_0072"", ""optimization_0145"", ""optimization_0064"", ""optimization_0077"", ""optimization_0110""]"
campaign-extension,main,granite4.2:30b/off,1,8,2,-1,72ab4c3385a6905bbfceddb10543b58b88202a61b6cc380d89adb166eade7a69,0.5263157894736842,"[""72ab4c3385a6905bbfceddb10543b58b88202a61b6cc380d89adb166eade7a69"", ""b7ec08dac77f35d1a4ce26970931f1ff32f50d4f047c8f6703239e96b141b148"", ""fd997e0ce706365f104b399eb5ab57c1b06bef326cd8536796c0f5ae6f307622""]","[""optimization_0087"", ""optimization_0096"", ""optimization_0025"", ""optimization_0058"", ""optimization_0083"", ""optimization_0008"", ""optimization_0057"", ""optimization_0228"", ""optimization_0169"", ""optimization_0124"", ""optimization_0089"", ""optimization_0092"", ""optimization_0159"", ""optimization_0114"", ""optimization_0187"", ""optimization_0136"", ""optimization_0155"", ""optimization_0020"", ""optimization_0189"", ""optimization_0054"", ""optimization_0031"", ""optimization_0046"", ""optimization_0137"", ""optimization_0080""]"
campaign-extension,main,granite4.2:30b/off,1,8,3,0,069c1a41a005153f4bd680590af1bda1cf1930a69e16fdfc6cf48deaef423e8b,0.32989690721649484,"[""72ab4c3385a6905bbfceddb10543b58b88202a61b6cc380d89adb166eade7a69"", ""069c1a41a005153f4bd680590af1bda1cf1930a69e16fdfc6cf48deaef423e8b"", ""0d97dbc5ccec7089a62b393863cca5b259d02b9fe356f5023c4b280c11a6e61b""]","[""optimization_0207"", ""optimization_0108"", ""optimization_0001"", ""optimization_0184"", ""optimization_0107"", ""optimization_0098"", ""optimization_0099"", ""optimization_0006"", ""optimization_0013"", ""optimization_0166"", ""optimization_0239"", ""optimization_0086"", ""optimization_0093"", ""optimization_0036"", ""optimization_0079"", ""optimization_0088"", ""optimization_0227"", ""optimization_0074"", ""optimization_0075"", ""optimization_0018"", ""optimization_0085"", ""optimization_0082"", ""optimization_0131"", ""optimization_0188""]"
campaign-extension,main,granite4.2:30b/off,1,8,4,1,4e4edbe85aa7b829e3cd8580a6e9d0ff12679c9d5d0d824b76b6f4c603429a02,0.3258426966292135,"[""069c1a41a005153f4bd680590af1bda1cf1930a69e16fdfc6cf48deaef423e8b"", ""2ceb0601498303fbb6fceb9f1f85e84b4a2d7eebb54fe60ff37f37a7ad8719cd"", ""4e4edbe85aa7b829e3cd8580a6e9d0ff12679c9d5d0d824b76b6f4c603429a02""]","[""optimization_0063"", ""optimization_0168"", ""optimization_0007"", ""optimization_0208"", ""optimization_0209"", ""optimization_0140"", ""optimization_0171"", ""optimization_0102"", ""optimization_0151"", ""optimization_0214"", ""optimization_0023"", ""optimization_0044"", ""optimization_0105"", ""optimization_0126"", ""optimization_0127"", ""optimization_0052"", ""optimization_0197"", ""optimization_0224"", ""optimization_0195"", ""optimization_0180"", ""optimization_0091"", ""optimization_0154"", ""optimization_0233"", ""optimization_0026""]"
campaign-extension,main,granite4.2:30b/off,1,8,5,-1,4e4edbe85aa7b829e3cd8580a6e9d0ff12679c9d5d0d824b76b6f4c603429a02,0.26666666666666666,"[""4e4edbe85aa7b829e3cd8580a6e9d0ff12679c9d5d0d824b76b6f4c603429a02"", ""7f735b1f2e29e39753d7c18bbfae15d2a3cd986b901c6d740d67d8de2e0db946"", ""4e4edbe85aa7b829e3cd8580a6e9d0ff12679c9d5d0d824b76b6f4c603429a02""]","[""optimization_0201"", ""optimization_0042"", ""optimization_0043"", ""optimization_0022"", ""optimization_0113"", ""optimization_0062"", ""optimization_0051"", ""optimization_0066"", ""optimization_0109"", ""optimization_0160"", ""optimization_0005"", ""optimization_0116"", ""optimization_0183"", ""optimization_0144"", ""optimization_0157"", ""optimization_0130"", ""optimization_0203"", ""optimization_0164"", ""optimization_0123"", ""optimization_0084"", ""optimization_0223"", ""optimization_0118"", ""optimization_0143"", ""optimization_0122""]"
campaign-extension,main,granite4.2:30b/off,1,8,6,-1,4e4edbe85aa7b829e3cd8580a6e9d0ff12679c9d5d0d824b76b6f4c603429a02,0.4574468085106383,"[""4e4edbe85aa7b829e3cd8580a6e9d0ff12679c9d5d0d824b76b6f4c603429a02"", ""71d5f7ba3bbf5d00532a8c140405b6bdfd359deeda091bdb51cb2cf1071f2a71"", ""4734922e6ea39023248a86eb2933b3f0630e1c81fdff2ac5c3ce1fdbcd60af62""]","[""optimization_0033"", ""optimization_0222"", ""optimization_0211"", ""optimization_0148"", ""optimization_0167"", ""optimization_0170"", ""optimization_0213"", ""optimization_0138"", ""optimization_0199"", ""optimization_0142"", ""optimization_0041"", ""optimization_0056"", ""optimization_0141"", ""optimization_0192"", ""optimization_0205"", ""optimization_0196"", ""optimization_0035"", ""optimization_0068"", ""optimization_0069"", ""optimization_0174"", ""optimization_0049"", ""optimization_0076"", ""optimization_0071"", ""optimization_0182""]"
campaign-extension,main,granite4.2:30b/off,1,8,7,0,329eee0d4e9a2a14ea313d3cc2a5fe7e79b941ce3c26354daaea3847e714d3d1,0.22556390977443608,"[""4e4edbe85aa7b829e3cd8580a6e9d0ff12679c9d5d0d824b76b6f4c603429a02"", ""329eee0d4e9a2a14ea313d3cc2a5fe7e79b941ce3c26354daaea3847e714d3d1"", ""c8eab335839b90f582c44f9534fc827a035ecf9cbc58e9da24e4ee427192fdac""]","[""optimization_0147"", ""optimization_0186"", ""optimization_0067"", ""optimization_0226"", ""optimization_0053"", ""optimization_0152"", ""optimization_0003"", ""optimization_0000"", ""optimization_0061"", ""optimization_0100"", ""optimization_0095"", ""optimization_0050"", ""optimization_0015"", ""optimization_0090"", ""optimization_0115"", ""optimization_0094"", ""optimization_0185"", ""optimization_0038"", ""optimization_0039"", ""optimization_0234"", ""optimization_0229"", ""optimization_0040"", ""optimization_0125"", ""optimization_0128""]"
campaign-extension,main,granite4.2:30b/off,1,6,0,1,0451897f516bb54e1ec05ae395f63c8a7d4527ecdd461e3c96ab556e43db7020,0.45569620253164556,"[""0080638c0f58d5b18e6db10f0327e0c85125dd7c1ea1ae311fd5ad96c05b3078"", ""5f7f667f52f97158461d5cb92481858313a0fcd51adea6523aa51a5a247fabbe"", ""0451897f516bb54e1ec05ae395f63c8a7d4527ecdd461e3c96ab556e43db7020""]","[""optimization_0183"", ""optimization_0210"", ""optimization_0025"", ""optimization_0112"", ""optimization_0179"", ""optimization_0068"", ""optimization_0081"", ""optimization_0162"", ""optimization_0199"", ""optimization_0118"", ""optimization_0227"", ""optimization_0062"", ""optimization_0009"", ""optimization_0066"", ""optimization_0085"", ""optimization_0034"", ""optimization_0131"", ""optimization_0212"", ""optimization_0015"", ""optimization_0030"", ""optimization_0127"", ""optimization_0154"", ""optimization_0029"", ""optimization_0236""]"
campaign-extension,main,granite4.2:30b/off,1,6,1,1,199a9cb183602e793ffe926b4a2cb9a5a11b9acc080c83cd145e0b957538d96d,0.5040650406504065,"[""0451897f516bb54e1ec05ae395f63c8a7d4527ecdd461e3c96ab556e43db7020"", ""1f0c1d05919189fa65f72fc0659709f0e12e2778850ebe940cef33077edab843"", ""199a9cb183602e793ffe926b4a2cb9a5a11b9acc080c83cd145e0b957538d96d""]","[""optimization_0045"", ""optimization_0174"", ""optimization_0109"", ""optimization_0190"", ""optimization_0095"", ""optimization_0128"", ""optimization_0069"", ""optimization_0222"", ""optimization_0175"", ""optimization_0178"", ""optimization_0017"", ""optimization_0170"", ""optimization_0039"", ""optimization_0072"", ""optimization_0145"", ""optimization_0220"", ""optimization_0221"", ""optimization_0122"", ""optimization_0003"", ""optimization_0084"", ""optimization_0013"", ""optimization_0166"", ""optimization_0041"", ""optimization_0104""]"
campaign-extension,main,granite4.2:30b/off,1,6,2,-1,199a9cb183602e793ffe926b4a2cb9a5a11b9acc080c83cd145e0b957538d96d,0.3316582914572864,"[""199a9cb183602e793ffe926b4a2cb9a5a11b9acc080c83cd145e0b957538d96d"", ""eab4e7e14a6ae033783e124314ae05e876d780f878ed18d703a3f820dfb84fca"", ""6e21a3fae43c961c53dd7403955556028ff5ebaf0bcad60d99c9e46cbd97e7f4""]","[""optimization_0063"", ""optimization_0078"", ""optimization_0073"", ""optimization_0022"", ""optimization_0191"", ""optimization_0050"", ""optimization_0201"", ""optimization_0132"", ""optimization_0043"", ""optimization_0058"", ""optimization_0005"", ""optimization_0002"", ""optimization_0165"", ""optimization_0114"", ""optimization_0169"", ""optimization_0010"", ""optimization_0023"", ""optimization_0014"", ""optimization_0123"", ""optimization_0120"", ""optimization_0103"", ""optimization_0124"", ""optimization_0203"", ""optimization_0008""]"
campaign-extension,main,granite4.2:30b/off,1,6,3,-1,199a9cb183602e793ffe926b4a2cb9a5a11b9acc080c83cd145e0b957538d96d,0.38095238095238093,"[""199a9cb183602e793ffe926b4a2cb9a5a11b9acc080c83cd145e0b957538d96d"", ""44ffb01444fd02562f9d64fa03e2ae2688b055d8dcf93b2c2624f6e07705f200"", ""3b22b9cf6392c71d581c50d5358f5ffdee4d7bd0eb0d2475b7a278104fa91baa""]","[""optimization_0117"", ""optimization_0036"", ""optimization_0205"", ""optimization_0106"", ""optimization_0035"", ""optimization_0080"", ""optimization_0159"", ""optimization_0192"", ""optimization_0115"", ""optimization_0232"", ""optimization_0047"", ""optimization_0116"", ""optimization_0225"", ""optimization_0138"", ""optimization_0037"", ""optimization_0052"", ""optimization_0143"", ""optimization_0098"", ""optimization_0195"", ""optimization_0042"", ""optimization_0133"", ""optimization_0076"", ""optimization_0089"", ""optimization_0188""]"
campaign-extension,main,granite4.2:30b/off,1,6,4,1,951ca2f3e9874a6a25e588d84a0283aac0892b6fbcc27ded7f1f6b883eb4e10c,0.3137254901960784,"[""199a9cb183602e793ffe926b4a2cb9a5a11b9acc080c83cd145e0b957538d96d"", ""51cb311c63a38219d09e01aa919dca3962612e1ecd0938a34febfe50f80c49a7"", ""951ca2f3e9874a6a25e588d84a0283aac0892b6fbcc27ded7f1f6b883eb4e10c""]","[""optimization_0105"", ""optimization_0048"", ""optimization_0097"", ""optimization_0028"", ""optimization_0161"", ""optimization_0038"", ""optimization_0033"", ""optimization_0234"", ""optimization_0151"", ""optimization_0184"", ""optimization_0215"", ""optimization_0230"", ""optimization_0027"", ""optimization_0156"", ""optimization_0091"", ""optimization_0208"", ""optimization_0059"", ""optimization_0146"", ""optimization_0147"", ""optimization_0216"", ""optimization_0235"", ""optimization_0130"", ""optimization_0239"", ""optimization_0158""]"
campaign-extension,main,granite4.2:30b/off,1,6,5,-1,951ca2f3e9874a6a25e588d84a0283aac0892b6fbcc27ded7f1f6b883eb4e10c,0.3006535947712418,"[""951ca2f3e9874a6a25e588d84a0283aac0892b6fbcc27ded7f1f6b883eb4e10c"", ""673e69b6befc4490a8810444b023b4ba83c92f93cbc7ecf259ee190b36a1afa3"", ""633cefbb5553f72dd0ac89bbb4d6ae73e47b67f2e426794d5dcc6ee1e432875c""]","[""optimization_0219"", ""optimization_0012"", ""optimization_0211"", ""optimization_0148"", ""optimization_0065"", ""optimization_0182"", ""optimization_0153"", ""optimization_0096"", ""optimization_0163"", ""optimization_0196"", ""optimization_0149"", ""optimization_0044"", ""optimization_0141"", ""optimization_0090"", ""optimization_0079"", ""optimization_0094"", ""optimization_0119"", ""optimization_0206"", ""optimization_0237"", ""optimization_0168"", ""optimization_0061"", ""optimization_0088"", ""optimization_0185"", ""optimization_0032""]"
campaign-extension,main,granite4.2:30b/off,1,6,6,-1,951ca2f3e9874a6a25e588d84a0283aac0892b6fbcc27ded7f1f6b883eb4e10c,0.3373493975903614,"[""951ca2f3e9874a6a25e588d84a0283aac0892b6fbcc27ded7f1f6b883eb4e10c""]","[""optimization_0231"", ""optimization_0186"", ""optimization_0157"", ""optimization_0100"", ""optimization_0083"", ""optimization_0200"", ""optimization_0213"", ""optimization_0126"", ""optimization_0121"", ""optimization_0082"", ""optimization_0137"", ""optimization_0218"", ""optimization_0189"", ""optimization_0060"", ""optimization_0031"", ""optimization_0202"", ""optimization_0053"", ""optimization_0056"", ""optimization_0057"", ""optimization_0108"", ""optimization_0049"", ""optimization_0004"", ""optimization_0233"", ""optimization_0074""]"
campaign-extension,main,granite4.2:30b/off,1,6,7,-1,951ca2f3e9874a6a25e588d84a0283aac0892b6fbcc27ded7f1f6b883eb4e10c,0.2857142857142857,"[""951ca2f3e9874a6a25e588d84a0283aac0892b6fbcc27ded7f1f6b883eb4e10c""]","[""optimization_0171"", ""optimization_0102"", ""optimization_0187"", ""optimization_0040"", ""optimization_0101"", ""optimization_0152"", ""optimization_0051"", ""optimization_0006"", ""optimization_0001"", ""optimization_0016"", ""optimization_0197"", ""optimization_0140"", ""optimization_0129"", ""optimization_0198"", ""optimization_0193"", ""optimization_0214"", ""optimization_0155"", ""optimization_0224"", ""optimization_0111"", ""optimization_0204"", ""optimization_0019"", ""optimization_0046"", ""optimization_0107"", ""optimization_0110""]"
campaign-extension,main,granite4.2:30b/off,2,6,0,1,6fd0eea02c69891b9e545c38b74f9178261fcc883166e9f0f8e477b0db3e166a,0.4262295081967213,"[""0080638c0f58d5b18e6db10f0327e0c85125dd7c1ea1ae311fd5ad96c05b3078"", ""1718964cd251b0ef033e0a74985c09709bea0226f4cbc58f10a63f419a4a5c92"", ""6fd0eea02c69891b9e545c38b74f9178261fcc883166e9f0f8e477b0db3e166a""]","[""optimization_0183"", ""optimization_0210"", ""optimization_0025"", ""optimization_0112"", ""optimization_0179"", ""optimization_0068"", ""optimization_0081"", ""optimization_0162"", ""optimization_0199"", ""optimization_0118"", ""optimization_0227"", ""optimization_0062"", ""optimization_0009"", ""optimization_0066"", ""optimization_0085"", ""optimization_0034"", ""optimization_0131"", ""optimization_0212"", ""optimization_0015"", ""optimization_0030"", ""optimization_0127"", ""optimization_0154"", ""optimization_0029"", ""optimization_0236""]"
campaign-extension,main,granite4.2:30b/off,2,6,1,0,326706ecd6957a3536dc11b74cc75ac97415994d5952de59ae578e84465a7823,0.5192307692307693,"[""6fd0eea02c69891b9e545c38b74f9178261fcc883166e9f0f8e477b0db3e166a"", ""326706ecd6957a3536dc11b74cc75ac97415994d5952de59ae578e84465a7823"", ""a8951a7513993b778155c99e7333c72ad4aa911af91361645096efbf69231857""]","[""optimization_0045"", ""optimization_0174"", ""optimization_0109"", ""optimization_0190"", ""optimization_0095"", ""optimization_0128"", ""optimization_0069"", ""optimization_0222"", ""optimization_0175"", ""optimization_0178"", ""optimization_0017"", ""optimization_0170"", ""optimization_0039"", ""optimization_0072"", ""optimization_0145"", ""optimization_0220"", ""optimization_0221"", ""optimization_0122"", ""optimization_0003"", ""optimization_0084"", ""optimization_0013"", ""optimization_0166"", ""optimization_0041"", ""optimization_0104""]"
campaign-extension,main,granite4.2:30b/off,2,6,2,-1,326706ecd6957a3536dc11b74cc75ac97415994d5952de59ae578e84465a7823,0.41025641025641024,"[""326706ecd6957a3536dc11b74cc75ac97415994d5952de59ae578e84465a7823"", ""3a0bbd5b40bbb6e4238f96db2ccdeded9b270c8e167ef3f3a04c92af0cf28ddd"", ""83252be89b4b7e0742f64214099bd5e3796ce8738894ef33772ad9dd5dc4f1a1""]","[""optimization_0063"", ""optimization_0078"", ""optimization_0073"", ""optimization_0022"", ""optimization_0191"", ""optimization_0050"", ""optimization_0201"", ""optimization_0132"", ""optimization_0043"", ""optimization_0058"", ""optimization_0005"", ""optimization_0002"", ""optimization_0165"", ""optimization_0114"", ""optimization_0169"", ""optimization_0010"", ""optimization_0023"", ""optimization_0014"", ""optimization_0123"", ""optimization_0120"", ""optimization_0103"", ""optimization_0124"", ""optimization_0203"", ""optimization_0008""]"
campaign-extension,main,granite4.2:30b/off,2,6,3,-1,326706ecd6957a3536dc11b74cc75ac97415994d5952de59ae578e84465a7823,0.1927710843373494,"[""326706ecd6957a3536dc11b74cc75ac97415994d5952de59ae578e84465a7823"", ""497d4b08d970cabbf2c2da1c6151078a4f483a1bb0b7eff5a71a847899a51a6b"", ""a67660584a69358ac33189006362da4148b7918cdbc3ff1ce9b77c2ba6e2d4c2""]","[""optimization_0117"", ""optimization_0036"", ""optimization_0205"", ""optimization_0106"", ""optimization_0035"", ""optimization_0080"", ""optimization_0159"", ""optimization_0192"", ""optimization_0115"", ""optimization_0232"", ""optimization_0047"", ""optimization_0116"", ""optimization_0225"", ""optimization_0138"", ""optimization_0037"", ""optimization_0052"", ""optimization_0143"", ""optimization_0098"", ""optimization_0195"", ""optimization_0042"", ""optimization_0133"", ""optimization_0076"", ""optimization_0089"", ""optimization_0188""]"
campaign-extension,main,granite4.2:30b/off,2,6,4,-1,326706ecd6957a3536dc11b74cc75ac97415994d5952de59ae578e84465a7823,0.17142857142857143,"[""326706ecd6957a3536dc11b74cc75ac97415994d5952de59ae578e84465a7823"", ""5c4ed2acf99b5c7f01bf50ed284928df9d549a5f8235cd436e2c39dce6156f72"", ""4a1554474d7b07ae6bf2a58b7904e07c38af19ac5ddaafe626b46cf1109b7a7f""]","[""optimization_0105"", ""optimization_0048"", ""optimization_0097"", ""optimization_0028"", ""optimization_0161"", ""optimization_0038"", ""optimization_0033"", ""optimization_0234"", ""optimization_0151"", ""optimization_0184"", ""optimization_0215"", ""optimization_0230"", ""optimization_0027"", ""optimization_0156"", ""optimization_0091"", ""optimization_0208"", ""optimization_0059"", ""optimization_0146"", ""optimization_0147"", ""optimization_0216"", ""optimization_0235"", ""optimization_0130"", ""optimization_0239"", ""optimization_0158""]"
campaign-extension,main,granite4.2:30b/off,2,6,5,-1,326706ecd6957a3536dc11b74cc75ac97415994d5952de59ae578e84465a7823,0.16666666666666666,"[""326706ecd6957a3536dc11b74cc75ac97415994d5952de59ae578e84465a7823"", ""ef3cfea9465959771081694994edb8f33b0e5a7688c8692f01fd8392b1a876ff""]","[""optimization_0219"", ""optimization_0012"", ""optimization_0211"", ""optimization_0148"", ""optimization_0065"", ""optimization_0182"", ""optimization_0153"", ""optimization_0096"", ""optimization_0163"", ""optimization_0196"", ""optimization_0149"", ""optimization_0044"", ""optimization_0141"", ""optimization_0090"", ""optimization_0079"", ""optimization_0094"", ""optimization_0119"", ""optimization_0206"", ""optimization_0237"", ""optimization_0168"", ""optimization_0061"", ""optimization_0088"", ""optimization_0185"", ""optimization_0032""]"
campaign-extension,main,granite4.2:30b/off,2,6,6,-1,326706ecd6957a3536dc11b74cc75ac97415994d5952de59ae578e84465a7823,0.21621621621621623,"[""326706ecd6957a3536dc11b74cc75ac97415994d5952de59ae578e84465a7823""]","[""optimization_0231"", ""optimization_0186"", ""optimization_0157"", ""optimization_0100"", ""optimization_0083"", ""optimization_0200"", ""optimization_0213"", ""optimization_0126"", ""optimization_0121"", ""optimization_0082"", ""optimization_0137"", ""optimization_0218"", ""optimization_0189"", ""optimization_0060"", ""optimization_0031"", ""optimization_0202"", ""optimization_0053"", ""optimization_0056"", ""optimization_0057"", ""optimization_0108"", ""optimization_0049"", ""optimization_0004"", ""optimization_0233"", ""optimization_0074""]"
campaign-extension,main,granite4.2:30b/off,2,6,7,-1,326706ecd6957a3536dc11b74cc75ac97415994d5952de59ae578e84465a7823,0.3302752293577982,"[""326706ecd6957a3536dc11b74cc75ac97415994d5952de59ae578e84465a7823"", ""dfda89a8084da80540d59b0bdd3a9fcb5bda49ed8be85a32e471984dde56f0cc""]","[""optimization_0171"", ""optimization_0102"", ""optimization_0187"", ""optimization_0040"", ""optimization_0101"", ""optimization_0152"", ""optimization_0051"", ""optimization_0006"", ""optimization_0001"", ""optimization_0016"", ""optimization_0197"", ""optimization_0140"", ""optimization_0129"", ""optimization_0198"", ""optimization_0193"", ""optimization_0214"", ""optimization_0155"", ""optimization_0224"", ""optimization_0111"", ""optimization_0204"", ""optimization_0019"", ""optimization_0046"", ""optimization_0107"", ""optimization_0110""]"
campaign-extension,main,granite4.2:30b/off,2,7,0,-1,0080638c0f58d5b18e6db10f0327e0c85125dd7c1ea1ae311fd5ad96c05b3078,0.25,"[""0080638c0f58d5b18e6db10f0327e0c85125dd7c1ea1ae311fd5ad96c05b3078"", ""b46fa7050c10b80588d851eedf1aed309ac59a52f2e29338a5976c8789192d35"", ""99b62deec31370cb78317432df3f111f90be6af1203198762e6e5fa262e1508b""]","[""optimization_0231"", ""optimization_0042"", ""optimization_0067"", ""optimization_0016"", ""optimization_0191"", ""optimization_0116"", ""optimization_0195"", ""optimization_0156"", ""optimization_0169"", ""optimization_0088"", ""optimization_0203"", ""optimization_0230"", ""optimization_0045"", ""optimization_0204"", ""optimization_0127"", ""optimization_0082"", ""optimization_0149"", ""optimization_0098"", ""optimization_0141"", ""optimization_0192"", ""optimization_0085"", ""optimization_0004"", ""optimization_0185"", ""optimization_0044""]"
campaign-extension,main,granite4.2:30b/off,2,7,1,0,ccf3bccc3df959845c4f3546061dc2bc0de393413c2064edabba214d4ce64667,0.3971631205673759,"[""0080638c0f58d5b18e6db10f0327e0c85125dd7c1ea1ae311fd5ad96c05b3078"", ""ccf3bccc3df959845c4f3546061dc2bc0de393413c2064edabba214d4ce64667"", ""1e236c85d1b232156a9ab63f83f0f91c305fad321405536bd820dba49b7dfb49""]","[""optimization_0207"", ""optimization_0078"", ""optimization_0049"", ""optimization_0040"", ""optimization_0029"", ""optimization_0086"", ""optimization_0237"", ""optimization_0012"", ""optimization_0115"", ""optimization_0106"", ""optimization_0017"", ""optimization_0104"", ""optimization_0057"", ""optimization_0090"", ""optimization_0199"", ""optimization_0028"", ""optimization_0041"", ""optimization_0008"", ""optimization_0123"", ""optimization_0114"", ""optimization_0211"", ""optimization_0022"", ""optimization_0083"", ""optimization_0188""]"
campaign-extension,main,granite4.2:30b/off,2,7,2,1,90abc4461140086e4eae9f8cfc1f406a2ef424459be9535cd8a6ee02ef9ad7de,0.375,"[""ccf3bccc3df959845c4f3546061dc2bc0de393413c2064edabba214d4ce64667"", ""326b69a08b507861d78c0370967d704f91080d8d664d1c737b8b394f01ff1a81"", ""90abc4461140086e4eae9f8cfc1f406a2ef424459be9535cd8a6ee02ef9ad7de""]","[""optimization_0003"", ""optimization_0144"", ""optimization_0163"", ""optimization_0130"", ""optimization_0059"", ""optimization_0212"", ""optimization_0099"", ""optimization_0210"", ""optimization_0187"", ""optimization_0196"", ""optimization_0047"", ""optimization_0236"", ""optimization_0225"", ""optimization_0096"", ""optimization_0235"", ""optimization_0160"", ""optimization_0173"", ""optimization_0164"", ""optimization_0009"", ""optimization_0000"", ""optimization_0037"", ""optimization_0190"", ""optimization_0239"", ""optimization_0140""]"
campaign-extension,main,granite4.2:30b/off,2,7,3,-1,90abc4461140086e4eae9f8cfc1f406a2ef424459be9535cd8a6ee02ef9ad7de,0.22598870056497175,"[""90abc4461140086e4eae9f8cfc1f406a2ef424459be9535cd8a6ee02ef9ad7de"", ""b3b430331a28371af19d0259e49c0392320c70de01b8d91f253a5f7fb9257407"", ""3217f1ba8b4c4c649338cec5631e155c6c96bb6af6cc7c6415c34bc98dacecfb""]","[""optimization_0177"", ""optimization_0060"", ""optimization_0061"", ""optimization_0070"", ""optimization_0095"", ""optimization_0194"", ""optimization_0135"", ""optimization_0066"", ""optimization_0205"", ""optimization_0208"", ""optimization_0077"", ""optimization_0110"", ""optimization_0111"", ""optimization_0120"", ""optimization_0019"", ""optimization_0010"", ""optimization_0161"", ""optimization_0158"", ""optimization_0093"", ""optimization_0138"", ""optimization_0097"", ""optimization_0220"", ""optimization_0167"", ""optimization_0062""]"
campaign-extension,main,granite4.2:30b/off,2,7,4,1,04b40e967b34cbd71b30d021cff9e0150e84ad911bf7d871d74659bba0095ec0,0.288,"[""90abc4461140086e4eae9f8cfc1f406a2ef424459be9535cd8a6ee02ef9ad7de"", ""7b2dde273213cf1adae2c4154f72d50b2293e494b54d50f89269f248e6e8152a"", ""04b40e967b34cbd71b30d021cff9e0150e84ad911bf7d871d74659bba0095ec0""]","[""optimization_0063"", ""optimization_0024"", ""optimization_0055"", ""optimization_0202"", ""optimization_0233"", ""optimization_0050"", ""optimization_0027"", ""optimization_0030"", ""optimization_0031"", ""optimization_0178"", ""optimization_0101"", ""optimization_0122"", ""optimization_0153"", ""optimization_0174"", ""optimization_0109"", ""optimization_0184"", ""optimization_0125"", ""optimization_0128"", ""optimization_0189"", ""optimization_0018"", ""optimization_0157"", ""optimization_0142"", ""optimization_0005"", ""optimization_0134""]"
campaign-extension,main,granite4.2:30b/off,2,7,5,-1,04b40e967b34cbd71b30d021cff9e0150e84ad911bf7d871d74659bba0095ec0,0.40707964601769914,"[""04b40e967b34cbd71b30d021cff9e0150e84ad911bf7d871d74659bba0095ec0"", ""703cb6529c111f7d662fdd09ed85cda5fe68582a229d64ff2d08160248353a3e"", ""0a32be43eff9382138a6e521533dad8cabb790747a99f28e88c0bcf188fec3fa""]","[""optimization_0201"", ""optimization_0234"", ""optimization_0121"", ""optimization_0214"", ""optimization_0197"", ""optimization_0056"", ""optimization_0081"", ""optimization_0180"", ""optimization_0181"", ""optimization_0226"", ""optimization_0023"", ""optimization_0224"", ""optimization_0021"", ""optimization_0126"", ""optimization_0223"", ""optimization_0100"", ""optimization_0221"", ""optimization_0146"", ""optimization_0039"", ""optimization_0216"", ""optimization_0091"", ""optimization_0238"", ""optimization_0215"", ""optimization_0206""]"
campaign-extension,main,granite4.2:30b/off,2,7,6,-1,04b40e967b34cbd71b30d021cff9e0150e84ad911bf7d871d74659bba0095ec0,0.5222929936305732,"[""04b40e967b34cbd71b30d021cff9e0150e84ad911bf7d871d74659bba0095ec0"", ""be483f571ae16002009df93061e3a2968972062fce6f8babc7c6a6912e5c36c7"", ""ca671c932529b4e435989d7dee2c79ccd33f74ed015dafeef3d1f37bda0daa11""]","[""optimization_0129"", ""optimization_0228"", ""optimization_0193"", ""optimization_0232"", ""optimization_0137"", ""optimization_0152"", ""optimization_0075"", ""optimization_0036"", ""optimization_0151"", ""optimization_0124"", ""optimization_0209"", ""optimization_0074"", ""optimization_0117"", ""optimization_0198"", ""optimization_0145"", ""optimization_0034"", ""optimization_0131"", ""optimization_0014"", ""optimization_0087"", ""optimization_0084"", ""optimization_0229"", ""optimization_0112"", ""optimization_0113"", ""optimization_0032""]"
campaign-extension,main,granite4.2:30b/off,2,7,7,0,b4510ff8402be7f13b57799b62f3582af9677c21f4b0f5318030ad858a75aecc,0.5,"[""04b40e967b34cbd71b30d021cff9e0150e84ad911bf7d871d74659bba0095ec0"", ""b4510ff8402be7f13b57799b62f3582af9677c21f4b0f5318030ad858a75aecc"", ""a1ff72c3504ea9fad68b63ab75ab24972ab5f3240b0be3d58c7ff8aa983b869a""]","[""optimization_0051"", ""optimization_0054"", ""optimization_0217"", ""optimization_0148"", ""optimization_0143"", ""optimization_0218"", ""optimization_0171"", ""optimization_0222"", ""optimization_0007"", ""optimization_0076"", ""optimization_0065"", ""optimization_0176"", ""optimization_0069"", ""optimization_0006"", ""optimization_0133"", ""optimization_0094"", ""optimization_0053"", ""optimization_0170"", ""optimization_0183"", ""optimization_0162"", ""optimization_0103"", ""optimization_0064"", ""optimization_0155"", ""optimization_0002""]"
campaign-extension,main,granite4.2:30b/off,2,8,0,-1,0080638c0f58d5b18e6db10f0327e0c85125dd7c1ea1ae311fd5ad96c05b3078,0.41064638783269963,"[""0080638c0f58d5b18e6db10f0327e0c85125dd7c1ea1ae311fd5ad96c05b3078"", ""d6d14139a8e55d4b118ffb956b5d1688367330b7d87fa02c8e67af18f7873a7a"", ""d5fd7c7b76216fd34c0ab649316b736ced47ce8cb9d6c52a394b04cef471b42f""]","[""optimization_0111"", ""optimization_0210"", ""optimization_0193"", ""optimization_0178"", ""optimization_0017"", ""optimization_0176"", ""optimization_0165"", ""optimization_0024"", ""optimization_0103"", ""optimization_0070"", ""optimization_0065"", ""optimization_0236"", ""optimization_0045"", ""optimization_0030"", ""optimization_0121"", ""optimization_0190"", ""optimization_0215"", ""optimization_0014"", ""optimization_0231"", ""optimization_0204"", ""optimization_0175"", ""optimization_0010"", ""optimization_0149"", ""optimization_0230""]"
campaign-extension,main,granite4.2:30b/off,2,8,1,0,2303434504ca60297bd07a105b2abc63bf0a5c429fa96f8525a711c5ea730c71,0.32558139534883723,"[""0080638c0f58d5b18e6db10f0327e0c85125dd7c1ea1ae311fd5ad96c05b3078"", ""2303434504ca60297bd07a105b2abc63bf0a5c429fa96f8525a711c5ea730c71"", ""365d8a947be25f76e6146240f0efd693323d037b434dc436d6cdc4ff508781e7""]","[""optimization_0021"", ""optimization_0060"", ""optimization_0133"", ""optimization_0232"", ""optimization_0119"", ""optimization_0158"", ""optimization_0027"", ""optimization_0120"", ""optimization_0037"", ""optimization_0112"", ""optimization_0101"", ""optimization_0146"", ""optimization_0225"", ""optimization_0162"", ""optimization_0181"", ""optimization_0016"", ""optimization_0221"", ""optimization_0032"", ""optimization_0219"", ""optimization_0072"", ""optimization_0145"", ""optimization_0064"", ""optimization_0077"", ""optimization_0110""]"
campaign-extension,main,granite4.2:30b/off,2,8,2,0,890491b04a33dcfe420c19395476f609736820c2edcb7842666e72998de78ef3,0.4697986577181208,"[""2303434504ca60297bd07a105b2abc63bf0a5c429fa96f8525a711c5ea730c71"", ""890491b04a33dcfe420c19395476f609736820c2edcb7842666e72998de78ef3"", ""4fdae2d12d35e0b6d613c83782cbaf2e1bc31f0fb98c1f9342e53ae376785957""]","[""optimization_0087"", ""optimization_0096"", ""optimization_0025"", ""optimization_0058"", ""optimization_0083"", ""optimization_0008"", ""optimization_0057"", ""optimization_0228"", ""optimization_0169"", ""optimization_0124"", ""optimization_0089"", ""optimization_0092"", ""optimization_0159"", ""optimization_0114"", ""optimization_0187"", ""optimization_0136"", ""optimization_0155"", ""optimization_0020"", ""optimization_0189"", ""optimization_0054"", ""optimization_0031"", ""optimization_0046"", ""optimization_0137"", ""optimization_0080""]"
campaign-extension,main,granite4.2:30b/off,2,8,3,1,61a0aa716aff89bc7e4e22a5ca1a9dd81a84d73c82c2ee96fc8c9297985a5cdf,0.23076923076923078,"[""890491b04a33dcfe420c19395476f609736820c2edcb7842666e72998de78ef3"", ""744dab06c3b94e2e661afd6e1fe75c93df27df843c4c474ea6b58dceda67b85c"", ""61a0aa716aff89bc7e4e22a5ca1a9dd81a84d73c82c2ee96fc8c9297985a5cdf""]","[""optimization_0207"", ""optimization_0108"", ""optimization_0001"", ""optimization_0184"", ""optimization_0107"", ""optimization_0098"", ""optimization_0099"", ""optimization_0006"", ""optimization_0013"", ""optimization_0166"", ""optimization_0239"", ""optimization_0086"", ""optimization_0093"", ""optimization_0036"", ""optimization_0079"", ""optimization_0088"", ""optimization_0227"", ""optimization_0074"", ""optimization_0075"", ""optimization_0018"", ""optimization_0085"", ""optimization_0082"", ""optimization_0131"", ""optimization_0188""]"
campaign-extension,main,granite4.2:30b/off,2,8,4,0,9e287f232319cfc5a5209ef17fa9244c43f7c124f3ce262c217ac58734f327c7,0.30120481927710846,"[""61a0aa716aff89bc7e4e22a5ca1a9dd81a84d73c82c2ee96fc8c9297985a5cdf"", ""9e287f232319cfc5a5209ef17fa9244c43f7c124f3ce262c217ac58734f327c7"", ""ed2892d6e1506c908c210db1da09567875da48294d4b13ad246a4de2c2a165fb""]","[""optimization_0063"", ""optimization_0168"", ""optimization_0007"", ""optimization_0208"", ""optimization_0209"", ""optimization_0140"", ""optimization_0171"", ""optimization_0102"", ""optimization_0151"", ""optimization_0214"", ""optimization_0023"", ""optimization_0044"", ""optimization_0105"", ""optimization_0126"", ""optimization_0127"", ""optimization_0052"", ""optimization_0197"", ""optimization_0224"", ""optimization_0195"", ""optimization_0180"", ""optimization_0091"", ""optimization_0154"", ""optimization_0233"", ""optimization_0026""]"
campaign-extension,main,granite4.2:30b/off,2,8,5,1,c14d8132d1332354beb947204625853f2a0ee20ce332841942b57641933678f6,0.34108527131782945,"[""9e287f232319cfc5a5209ef17fa9244c43f7c124f3ce262c217ac58734f327c7"", ""6215800fc63626a30ae0db2dc08fe2b99313853d5b63acca3b26455896af857d"", ""c14d8132d1332354beb947204625853f2a0ee20ce332841942b57641933678f6""]","[""optimization_0201"", ""optimization_0042"", ""optimization_0043"", ""optimization_0022"", ""optimization_0113"", ""optimization_0062"", ""optimization_0051"", ""optimization_0066"", ""optimization_0109"", ""optimization_0160"", ""optimization_0005"", ""optimization_0116"", ""optimization_0183"", ""optimization_0144"", ""optimization_0157"", ""optimization_0130"", ""optimization_0203"", ""optimization_0164"", ""optimization_0123"", ""optimization_0084"", ""optimization_0223"", ""optimization_0118"", ""optimization_0143"", ""optimization_0122""]"
campaign-extension,main,granite4.2:30b/off,2,8,6,1,0c5ccb02c7d26beaffe4558c4a06efc9be15d5b14fab7dbb68cc7c686542404f,0.6285714285714286,"[""c14d8132d1332354beb947204625853f2a0ee20ce332841942b57641933678f6"", ""32bb04d6bd2db92442ef94a0c37d378e1dc98f6e525868f204532bee942ed5d3"", ""0c5ccb02c7d26beaffe4558c4a06efc9be15d5b14fab7dbb68cc7c686542404f""]","[""optimization_0033"", ""optimization_0222"", ""optimization_0211"", ""optimization_0148"", ""optimization_0167"", ""optimization_0170"", ""optimization_0213"", ""optimization_0138"", ""optimization_0199"", ""optimization_0142"", ""optimization_0041"", ""optimization_0056"", ""optimization_0141"", ""optimization_0192"", ""optimization_0205"", ""optimization_0196"", ""optimization_0035"", ""optimization_0068"", ""optimization_0069"", ""optimization_0174"", ""optimization_0049"", ""optimization_0076"", ""optimization_0071"", ""optimization_0182""]"
campaign-extension,main,granite4.2:30b/off,2,8,7,-1,0c5ccb02c7d26beaffe4558c4a06efc9be15d5b14fab7dbb68cc7c686542404f,0.10256410256410256,"[""0c5ccb02c7d26beaffe4558c4a06efc9be15d5b14fab7dbb68cc7c686542404f"", ""6cf3897b0e53dc1d7ab7d9ead716c8e8c63404b1fa25a22799fe5f479a7c311f""]","[""optimization_0147"", ""optimization_0186"", ""optimization_0067"", ""optimization_0226"", ""optimization_0053"", ""optimization_0152"", ""optimization_0003"", ""optimization_0000"", ""optimization_0061"", ""optimization_0100"", ""optimization_0095"", ""optimization_0050"", ""optimization_0015"", ""optimization_0090"", ""optimization_0115"", ""optimization_0094"", ""optimization_0185"", ""optimization_0038"", ""optimization_0039"", ""optimization_0234"", ""optimization_0229"", ""optimization_0040"", ""optimization_0125"", ""optimization_0128""]"
followups/opus-optimizer,main,granite4.2:30b/off,2,1,0,1,cbe5790ab8547bf9d66aa2df997b6ff3b7e90fde3f76b31137422d94e8a07f78,0.2631578947368421,"[""0080638c0f58d5b18e6db10f0327e0c85125dd7c1ea1ae311fd5ad96c05b3078"", ""9167593de349e9408d3d057be9bb6ea75775061d7fc19e924af5d84b4790ede2"", ""cbe5790ab8547bf9d66aa2df997b6ff3b7e90fde3f76b31137422d94e8a07f78""]","[""optimization_0219"", ""optimization_0000"", ""optimization_0121"", ""optimization_0034"", ""optimization_0221"", ""optimization_0200"", ""optimization_0099"", ""optimization_0024"", ""optimization_0169"", ""optimization_0094"", ""optimization_0155"", ""optimization_0176"", ""optimization_0063"", ""optimization_0048"", ""optimization_0031"", ""optimization_0118"", ""optimization_0215"", ""optimization_0122"", ""optimization_0105"", ""optimization_0096"", ""optimization_0085"", ""optimization_0220"", ""optimization_0119"", ""optimization_0218""]"
followups/opus-optimizer,main,granite4.2:30b/off,2,1,1,-1,cbe5790ab8547bf9d66aa2df997b6ff3b7e90fde3f76b31137422d94e8a07f78,0.3333333333333333,"[""cbe5790ab8547bf9d66aa2df997b6ff3b7e90fde3f76b31137422d94e8a07f78"", ""cecc8e6d26e7e17214bb945b6549539a4e3e2d61d887d3dd71301fffd2a28c83"", ""76f6c2a4256fcc3208a6f24b195a870000a914df8694901b12f256c2a087249c""]","[""optimization_0093"", ""optimization_0174"", ""optimization_0115"", ""optimization_0214"", ""optimization_0209"", ""optimization_0080"", ""optimization_0237"", ""optimization_0210"", ""optimization_0229"", ""optimization_0160"", ""optimization_0191"", ""optimization_0032"", ""optimization_0111"", ""optimization_0180"", ""optimization_0157"", ""optimization_0076"", ""optimization_0143"", ""optimization_0116"", ""optimization_0069"", ""optimization_0150"", ""optimization_0067"", ""optimization_0022"", ""optimization_0125"", ""optimization_0002""]"
followups/opus-optimizer,main,granite4.2:30b/off,2,1,2,-1,cbe5790ab8547bf9d66aa2df997b6ff3b7e90fde3f76b31137422d94e8a07f78,0.45161290322580644,"[""cbe5790ab8547bf9d66aa2df997b6ff3b7e90fde3f76b31137422d94e8a07f78"", ""d10e5490cec0af4710cf6b7ec94a5cf063698902234d7835f11e63a392231f25"", ""5c6665770da22156f5be8f821c93ecbe806093d7bf98d80048639afe88991d51""]","[""optimization_0207"", ""optimization_0084"", ""optimization_0013"", ""optimization_0070"", ""optimization_0071"", ""optimization_0056"", ""optimization_0183"", ""optimization_0108"", ""optimization_0175"", ""optimization_0100"", ""optimization_0203"", ""optimization_0134"", ""optimization_0009"", ""optimization_0198"", ""optimization_0109"", ""optimization_0190"", ""optimization_0137"", ""optimization_0146"", ""optimization_0201"", ""optimization_0162"", ""optimization_0091"", ""optimization_0148"", ""optimization_0053"", ""optimization_0062""]"
followups/opus-optimizer,main,granite4.2:30b/off,2,1,3,1,b07ca9469d04673552537c2b4f8900c30a77fd3e465041e00df95cbb000c382f,0.3790322580645161,"[""cbe5790ab8547bf9d66aa2df997b6ff3b7e90fde3f76b31137422d94e8a07f78"", ""b493d0e9589737bf269345e79f2eea21d4b3279b706b2b63e5d67948772f5ce9"", ""b07ca9469d04673552537c2b4f8900c30a77fd3e465041e00df95cbb000c382f""]","[""optimization_0135"", ""optimization_0144"", ""optimization_0133"", ""optimization_0058"", ""optimization_0077"", ""optimization_0140"", ""optimization_0231"", ""optimization_0030"", ""optimization_0073"", ""optimization_0232"", ""optimization_0065"", ""optimization_0236"", ""optimization_0177"", ""optimization_0042"", ""optimization_0079"", ""optimization_0052"", ""optimization_0011"", ""optimization_0188"", ""optimization_0051"", ""optimization_0192"", ""optimization_0139"", ""optimization_0184"", ""optimization_0167"", ""optimization_0110""]"
followups/opus-optimizer,main,granite4.2:30b/off,2,1,4,-1,b07ca9469d04673552537c2b4f8900c30a77fd3e465041e00df95cbb000c382f,0.35514018691588783,"[""b07ca9469d04673552537c2b4f8900c30a77fd3e465041e00df95cbb000c382f"", ""10f2fb31488375dea3f38c458db19fe4e22ff093124f0482d984f48f35909fa7"", ""2e6969148f5e64677495a9f8f08cd4886750d2d7a3457f2649da6f6f1815e29e""]","[""optimization_0195"", ""optimization_0006"", ""optimization_0211"", ""optimization_0208"", ""optimization_0023"", ""optimization_0050"", ""optimization_0075"", ""optimization_0036"", ""optimization_0097"", ""optimization_0124"", ""optimization_0173"", ""optimization_0170"", ""optimization_0045"", ""optimization_0066"", ""optimization_0001"", ""optimization_0226"", ""optimization_0059"", ""optimization_0152"", ""optimization_0039"", ""optimization_0126"", ""optimization_0187"", ""optimization_0088"", ""optimization_0035"", ""optimization_0098""]"
followups/opus-optimizer,main,granite4.2:30b/off,2,1,5,-1,b07ca9469d04673552537c2b4f8900c30a77fd3e465041e00df95cbb000c382f,0.2625,"[""b07ca9469d04673552537c2b4f8900c30a77fd3e465041e00df95cbb000c382f"", ""eca69884fcf5bc17dd27f6cfb4ea6298a09354790330b6428d873688499daa13"", ""3062aeee365da59f5c3a7f3582b801ec5b3bb7ef6656baa4e2e28d68d5bcef77""]","[""optimization_0225"", ""optimization_0054"", ""optimization_0049"", ""optimization_0112"", ""optimization_0233"", ""optimization_0194"", ""optimization_0081"", ""optimization_0012"", ""optimization_0235"", ""optimization_0172"", ""optimization_0179"", ""optimization_0224"", ""optimization_0057"", ""optimization_0216"", ""optimization_0145"", ""optimization_0004"", ""optimization_0131"", ""optimization_0038"", ""optimization_0027"", ""optimization_0222"", ""optimization_0019"", ""optimization_0028"", ""optimization_0017"", ""optimization_0044""]"
followups/opus-optimizer,main,granite4.2:30b/off,2,1,6,1,535c267ac2a7e923fcfa765aa94c07702d9a2350c072a4e0f4e0895caf92bb71,0.423841059602649,"[""b07ca9469d04673552537c2b4f8900c30a77fd3e465041e00df95cbb000c382f"", ""823c7c15b25191e393c08550056e153ff4236b5c4a8090b1cbe8500209970fc9"", ""535c267ac2a7e923fcfa765aa94c07702d9a2350c072a4e0f4e0895caf92bb71""]","[""optimization_0159"", ""optimization_0234"", ""optimization_0103"", ""optimization_0064"", ""optimization_0101"", ""optimization_0230"", ""optimization_0015"", ""optimization_0168"", ""optimization_0007"", ""optimization_0166"", ""optimization_0047"", ""optimization_0086"", ""optimization_0129"", ""optimization_0072"", ""optimization_0205"", ""optimization_0130"", ""optimization_0161"", ""optimization_0014"", ""optimization_0153"", ""optimization_0078"", ""optimization_0199"", ""optimization_0136"", ""optimization_0227"", ""optimization_0026""]"
followups/opus-optimizer,main,granite4.2:30b/off,2,1,7,1,6fe840f9705d92113ad4c7812fcde70cad057b9e86b2de809c5cbdabc6975d00,0.4669603524229075,"[""535c267ac2a7e923fcfa765aa94c07702d9a2350c072a4e0f4e0895caf92bb71"", ""bcf7ad1c17df9df25ec3ac785e2b94c5112530eb07d24f345a395c047860a8f4"", ""6fe840f9705d92113ad4c7812fcde70cad057b9e86b2de809c5cbdabc6975d00""]","[""optimization_0141"", ""optimization_0120"", ""optimization_0055"", ""optimization_0178"", ""optimization_0083"", ""optimization_0008"", ""optimization_0033"", ""optimization_0138"", ""optimization_0163"", ""optimization_0202"", ""optimization_0089"", ""optimization_0104"", ""optimization_0087"", ""optimization_0186"", ""optimization_0025"", ""optimization_0082"", ""optimization_0107"", ""optimization_0020"", ""optimization_0117"", ""optimization_0204"", ""optimization_0181"", ""optimization_0040"", ""optimization_0113"", ""optimization_0092""]"
followups/opus-optimizer,main,qwen3.8:27b/off,2,3,0,-1,0080638c0f58d5b18e6db10f0327e0c85125dd7c1ea1ae311fd5ad96c05b3078,0.7361111111111112,"[""0080638c0f58d5b18e6db10f0327e0c85125dd7c1ea1ae311fd5ad96c05b3078"", ""91f5f01b416c51e7512795d6b2c0dc39c7d6480e375b257df7c2f78826660118"", ""36ab635417c0223da12ef4e5a8e454a4dab5e11dd3953fe5d016b526f1fe6d41""]","[""optimization_0069"", ""optimization_0054"", ""optimization_0067"", ""optimization_0124"", ""optimization_0107"", ""optimization_0062"", ""optimization_0135"", ""optimization_0204"", ""optimization_0223"", ""optimization_0112"", ""optimization_0215"", ""optimization_0086"", ""optimization_0231"", ""optimization_0036"", ""optimization_0175"", ""optimization_0064"", ""optimization_0131"", ""optimization_0146"", ""optimization_0057"", ""optimization_0102"", ""optimization_0025"", ""optimization_0040"", ""optimization_0179"", ""optimization_0134""]"
followups/opus-optimizer,main,qwen3.8:27b/off,2,3,1,-1,0080638c0f58d5b18e6db10f0327e0c85125dd7c1ea1ae311fd5ad96c05b3078,0.5576923076923077,"[""0080638c0f58d5b18e6db10f0327e0c85125dd7c1ea1ae311fd5ad96c05b3078"", ""4471f58bdabce9f715331267ae7cb185b96a38c002ce8788386965340f1c0ce0"", ""fd4533e7837287ecded86b9f9fb675ac56e41d7df569fd272a81242ce3c0dc7e""]","[""optimization_0165"", ""optimization_0090"", ""optimization_0073"", ""optimization_0004"", ""optimization_0053"", ""optimization_0128"", ""optimization_0021"", ""optimization_0048"", ""optimization_0127"", ""optimization_0010"", ""optimization_0095"", ""optimization_0122"", ""optimization_0093"", ""optimization_0186"", ""optimization_0085"", ""optimization_0238"", ""optimization_0023"", ""optimization_0050"", ""optimization_0141"", ""optimization_0108"", ""optimization_0139"", ""optimization_0100"", ""optimization_0221"", ""optimization_0194""]"
followups/opus-optimizer,main,qwen3.8:27b/off,2,3,2,-1,0080638c0f58d5b18e6db10f0327e0c85125dd7c1ea1ae311fd5ad96c05b3078,0.734375,"[""0080638c0f58d5b18e6db10f0327e0c85125dd7c1ea1ae311fd5ad96c05b3078"", ""8b51ba1878f569d6cd1f5de94bc421f29dec4c963f69323f64fc7e091fc70f4f"", ""c2102f891d1487c4b98f99315e20eec988817b0f77771960306c62e332dda7d2""]","[""optimization_0237"", ""optimization_0012"", ""optimization_0043"", ""optimization_0178"", ""optimization_0077"", ""optimization_0140"", ""optimization_0129"", ""optimization_0180"", ""optimization_0133"", ""optimization_0022"", ""optimization_0203"", ""optimization_0098"", ""optimization_0027"", ""optimization_0006"", ""optimization_0001"", ""optimization_0160"", ""optimization_0005"", ""optimization_0080"", ""optimization_0189"", ""optimization_0132"", ""optimization_0097"", ""optimization_0220"", ""optimization_0065"", ""optimization_0152""]"
followups/opus-optimizer,main,qwen3.8:27b/off,2,3,3,-1,0080638c0f58d5b18e6db10f0327e0c85125dd7c1ea1ae311fd5ad96c05b3078,0.7870967741935484,"[""0080638c0f58d5b18e6db10f0327e0c85125dd7c1ea1ae311fd5ad96c05b3078"", ""49e5ff5f1c45a19f3caaa0d5df3d57483ad48be6c26303c21dac6858940e9649"", ""966404cb9fc8700a131a69e34d83c8b2bed39a64e93c00899aa5c1eb315dc766""]","[""optimization_0207"", ""optimization_0222"", ""optimization_0013"", ""optimization_0028"", ""optimization_0089"", ""optimization_0218"", ""optimization_0063"", ""optimization_0066"", ""optimization_0103"", ""optimization_0166"", ""optimization_0233"", ""optimization_0074"", ""optimization_0009"", ""optimization_0072"", ""optimization_0193"", ""optimization_0052"", ""optimization_0059"", ""optimization_0164"", ""optimization_0219"", ""optimization_0000"", ""optimization_0235"", ""optimization_0136"", ""optimization_0173"", ""optimization_0182""]"
followups/opus-optimizer,main,qwen3.8:27b/off,2,3,4,-1,0080638c0f58d5b18e6db10f0327e0c85125dd7c1ea1ae311fd5ad96c05b3078,0.6206896551724138,"[""0080638c0f58d5b18e6db10f0327e0c85125dd7c1ea1ae311fd5ad96c05b3078"", ""957dfc3f2311ac5c2b8b7cfcb7f29473a4d85c4bfbd4d2c2d950947df25b8678"", ""5230e9e83f3b73ca66f8f63b99c03774cf5e59bd0b3506f04cf28f83cc9a8c3e""]","[""optimization_0147"", ""optimization_0156"", ""optimization_0163"", ""optimization_0202"", ""optimization_0149"", ""optimization_0056"", ""optimization_0075"", ""optimization_0030"", ""optimization_0205"", ""optimization_0232"", ""optimization_0155"", ""optimization_0104"", ""optimization_0111"", ""optimization_0114"", ""optimization_0055"", ""optimization_0094"", ""optimization_0029"", ""optimization_0230"", ""optimization_0039"", ""optimization_0162"", ""optimization_0211"", ""optimization_0142"", ""optimization_0185"", ""optimization_0200""]"
followups/opus-optimizer,main,qwen3.8:27b/off,2,3,5,-1,0080638c0f58d5b18e6db10f0327e0c85125dd7c1ea1ae311fd5ad96c05b3078,0.6627218934911243,"[""0080638c0f58d5b18e6db10f0327e0c85125dd7c1ea1ae311fd5ad96c05b3078"", ""710ddfe4d95585fb3925aebae142cec0a7b10982bdf3f27cfbce6c2edde235b3"", ""f99496ad8cd9a139eed891d0849dc3620e47b987f5bb0c836824c6ad3aa7f6c5""]","[""optimization_0003"", ""optimization_0138"", ""optimization_0181"", ""optimization_0088"", ""optimization_0011"", ""optimization_0026"", ""optimization_0033"", ""optimization_0060"", ""optimization_0157"", ""optimization_0016"", ""optimization_0125"", ""optimization_0212"", ""optimization_0015"", ""optimization_0210"", ""optimization_0121"", ""optimization_0148"", ""optimization_0239"", ""optimization_0014"", ""optimization_0159"", ""optimization_0126"", ""optimization_0217"", ""optimization_0058"", ""optimization_0191"", ""optimization_0158""]"
followups/opus-optimizer,main,qwen3.8:27b/off,2,3,6,0,840bdc79148590248d3b196b4b4068468f7913bcc85d0d16c410e9dc9dd58c29,0.7241379310344828,"[""0080638c0f58d5b18e6db10f0327e0c85125dd7c1ea1ae311fd5ad96c05b3078"", ""840bdc79148590248d3b196b4b4068468f7913bcc85d0d16c410e9dc9dd58c29"", ""5e9b36ad916138b2ac3724307dae476e6e7ee5d3a7bf34fabe7ebdd5e5435015""]","[""optimization_0225"", ""optimization_0078"", ""optimization_0031"", ""optimization_0082"", ""optimization_0035"", ""optimization_0002"", ""optimization_0105"", ""optimization_0120"", ""optimization_0229"", ""optimization_0070"", ""optimization_0197"", ""optimization_0116"", ""optimization_0171"", ""optimization_0168"", ""optimization_0061"", ""optimization_0154"", ""optimization_0047"", ""optimization_0020"", ""optimization_0153"", ""optimization_0234"", ""optimization_0151"", ""optimization_0076"", ""optimization_0209"", ""optimization_0188""]"
followups/opus-optimizer,main,qwen3.8:27b/off,2,3,7,-1,840bdc79148590248d3b196b4b4068468f7913bcc85d0d16c410e9dc9dd58c29,0.7402597402597403,"[""840bdc79148590248d3b196b4b4068468f7913bcc85d0d16c410e9dc9dd58c29"", ""8ce510047b2a7a34e88d414b9157174e57a47805f0a9f0f9d75d8656cc439ac1"", ""da23cb0d4b79ed4097ca402dc61b92a1137f6d2490b8ac7f542dc1840d75f073""]","[""optimization_0201"", ""optimization_0096"", ""optimization_0169"", ""optimization_0034"", ""optimization_0143"", ""optimization_0038"", ""optimization_0087"", ""optimization_0192"", ""optimization_0109"", ""optimization_0214"", ""optimization_0071"", ""optimization_0068"", ""optimization_0117"", ""optimization_0024"", ""optimization_0007"", ""optimization_0106"", ""optimization_0083"", ""optimization_0224"", ""optimization_0045"", ""optimization_0018"", ""optimization_0049"", ""optimization_0208"", ""optimization_0113"", ""optimization_0110""]"
followups/opus-optimizer,main,qwen3.8:27b/off,2,1,0,-1,0080638c0f58d5b18e6db10f0327e0c85125dd7c1ea1ae311fd5ad96c05b3078,0.6705202312138728,"[""0080638c0f58d5b18e6db10f0327e0c85125dd7c1ea1ae311fd5ad96c05b3078"", ""f232c979112f5e5bdfc3b3a8c214706265aaf05b3762ce637ab24d2dabe64db8"", ""f0b325da567cf250180f0e4cfb107b4fefced46db9142f0dbe383a4be45f0ace""]","[""optimization_0219"", ""optimization_0000"", ""optimization_0121"", ""optimization_0034"", ""optimization_0221"", ""optimization_0200"", ""optimization_0099"", ""optimization_0024"", ""optimization_0169"", ""optimization_0094"", ""optimization_0155"", ""optimization_0176"", ""optimization_0063"", ""optimization_0048"", ""optimization_0031"", ""optimization_0118"", ""optimization_0215"", ""optimization_0122"", ""optimization_0105"", ""optimization_0096"", ""optimization_0085"", ""optimization_0220"", ""optimization_0119"", ""optimization_0218""]"
followups/opus-optimizer,main,qwen3.8:27b/off,2,1,1,-1,0080638c0f58d5b18e6db10f0327e0c85125dd7c1ea1ae311fd5ad96c05b3078,0.7305389221556886,"[""0080638c0f58d5b18e6db10f0327e0c85125dd7c1ea1ae311fd5ad96c05b3078"", ""89a165fd6b2ecc52b3a77d9446c501ec9c5669361a12aa1b7bd3c3ef1bfd0769"", ""bc026774f248a4861dbab1c7dcb67a82bdb5def4bbea8675c9161ba766bb2f41""]","[""optimization_0093"", ""optimization_0174"", ""optimization_0115"", ""optimization_0214"", ""optimization_0209"", ""optimization_0080"", ""optimization_0237"", ""optimization_0210"", ""optimization_0229"", ""optimization_0160"", ""optimization_0191"", ""optimization_0032"", ""optimization_0111"", ""optimization_0180"", ""optimization_0157"", ""optimization_0076"", ""optimization_0143"", ""optimization_0116"", ""optimization_0069"", ""optimization_0150"", ""optimization_0067"", ""optimization_0022"", ""optimization_0125"", ""optimization_0002""]"
followups/opus-optimizer,main,qwen3.8:27b/off,2,1,2,-1,0080638c0f58d5b18e6db10f0327e0c85125dd7c1ea1ae311fd5ad96c05b3078,0.726027397260274,"[""0080638c0f58d5b18e6db10f0327e0c85125dd7c1ea1ae311fd5ad96c05b3078"", ""82920f15c784465f20597e75e0935df7954fc6758fcdde5942b57c3cba447f9c"", ""a4282312902c09cdaecbcc36c0eba8e59aea8482957aa332d73947e6c4d51fcb""]","[""optimization_0207"", ""optimization_0084"", ""optimization_0013"", ""optimization_0070"", ""optimization_0071"", ""optimization_0056"", ""optimization_0183"", ""optimization_0108"", ""optimization_0175"", ""optimization_0100"", ""optimization_0203"", ""optimization_0134"", ""optimization_0009"", ""optimization_0198"", ""optimization_0109"", ""optimization_0190"", ""optimization_0137"", ""optimization_0146"", ""optimization_0201"", ""optimization_0162"", ""optimization_0091"", ""optimization_0148"", ""optimization_0053"", ""optimization_0062""]"
followups/opus-optimizer,main,qwen3.8:27b/off,2,1,3,0,67b94558437d94bb0bd594e0bc91e07d35f458b89eb142429935d7374f3daeba,0.7613636363636364,"[""0080638c0f58d5b18e6db10f0327e0c85125dd7c1ea1ae311fd5ad96c05b3078"", ""67b94558437d94bb0bd594e0bc91e07d35f458b89eb142429935d7374f3daeba"", ""625c3163c2e9bfcb4c18cc3308c3256a8ebe8407aba32e839f9e41dc09942d50""]","[""optimization_0135"", ""optimization_0144"", ""optimization_0133"", ""optimization_0058"", ""optimization_0077"", ""optimization_0140"", ""optimization_0231"", ""optimization_0030"", ""optimization_0073"", ""optimization_0232"", ""optimization_0065"", ""optimization_0236"", ""optimization_0177"", ""optimization_0042"", ""optimization_0079"", ""optimization_0052"", ""optimization_0011"", ""optimization_0188"", ""optimization_0051"", ""optimization_0192"", ""optimization_0139"", ""optimization_0184"", ""optimization_0167"", ""optimization_0110""]"
followups/opus-optimizer,main,qwen3.8:27b/off,2,1,4,-1,67b94558437d94bb0bd594e0bc91e07d35f458b89eb142429935d7374f3daeba,0.7771428571428571,"[""67b94558437d94bb0bd594e0bc91e07d35f458b89eb142429935d7374f3daeba"", ""49e64f84d85bbc6ab8d79882a1093a588279d7bfbeb49e4e5b5a9b56cec5c11b"", ""fda559d8fb581ac915b897cdf7ca2d4bbb2df1006b4f9c6bc2ef6149ebfbd0a0""]","[""optimization_0195"", ""optimization_0006"", ""optimization_0211"", ""optimization_0208"", ""optimization_0023"", ""optimization_0050"", ""optimization_0075"", ""optimization_0036"", ""optimization_0097"", ""optimization_0124"", ""optimization_0173"", ""optimization_0170"", ""optimization_0045"", ""optimization_0066"", ""optimization_0001"", ""optimization_0226"", ""optimization_0059"", ""optimization_0152"", ""optimization_0039"", ""optimization_0126"", ""optimization_0187"", ""optimization_0088"", ""optimization_0035"", ""optimization_0098""]"
followups/opus-optimizer,main,qwen3.8:27b/off,2,1,5,1,bc9a04fa7c21b9d04e4338bc30634d69ba82d3bbf0b3cc673fa78b2aeb46f5c6,0.578125,"[""67b94558437d94bb0bd594e0bc91e07d35f458b89eb142429935d7374f3daeba"", ""f8b548f1b49e4d907fc7b37014280186c5f6ce47a8a8955ae33ea0d9536f28c1"", ""bc9a04fa7c21b9d04e4338bc30634d69ba82d3bbf0b3cc673fa78b2aeb46f5c6""]","[""optimization_0225"", ""optimization_0054"", ""optimization_0049"", ""optimization_0112"", ""optimization_0233"", ""optimization_0194"", ""optimization_0081"", ""optimization_0012"", ""optimization_0235"", ""optimization_0172"", ""optimization_0179"", ""optimization_0224"", ""optimization_0057"", ""optimization_0216"", ""optimization_0145"", ""optimization_0004"", ""optimization_0131"", ""optimization_0038"", ""optimization_0027"", ""optimization_0222"", ""optimization_0019"", ""optimization_0028"", ""optimization_0017"", ""optimization_0044""]"
followups/opus-optimizer,main,qwen3.8:27b/off,2,1,6,1,95aaacbea94fa5fa0772383fff0221840c5e22f66b6c88d26535b677742fb4a2,0.680161943319838,"[""bc9a04fa7c21b9d04e4338bc30634d69ba82d3bbf0b3cc673fa78b2aeb46f5c6"", ""09e66fb5f75de8be188f468187a110ad568fab597c9322a0fdc2f1647c3a4481"", ""95aaacbea94fa5fa0772383fff0221840c5e22f66b6c88d26535b677742fb4a2""]","[""optimization_0159"", ""optimization_0234"", ""optimization_0103"", ""optimization_0064"", ""optimization_0101"", ""optimization_0230"", ""optimization_0015"", ""optimization_0168"", ""optimization_0007"", ""optimization_0166"", ""optimization_0047"", ""optimization_0086"", ""optimization_0129"", ""optimization_0072"", ""optimization_0205"", ""optimization_0130"", ""optimization_0161"", ""optimization_0014"", ""optimization_0153"", ""optimization_0078"", ""optimization_0199"", ""optimization_0136"", ""optimization_0227"", ""optimization_0026""]"
followups/opus-optimizer,main,qwen3.8:27b/off,2,1,7,0,0b4ff2753bcee1b2eb4940278ff57816c9720aa4118421d7e4095b1a7f5424d4,0.8181818181818182,"[""95aaacbea94fa5fa0772383fff0221840c5e22f66b6c88d26535b677742fb4a2"", ""0b4ff2753bcee1b2eb4940278ff57816c9720aa4118421d7e4095b1a7f5424d4"", ""30586ba22e311fb06aa2f1cf3b78b7a12056e355d282417f7e9783c38c8cfcea""]","[""optimization_0141"", ""optimization_0120"", ""optimization_0055"", ""optimization_0178"", ""optimization_0083"", ""optimization_0008"", ""optimization_0033"", ""optimization_0138"", ""optimization_0163"", ""optimization_0202"", ""optimization_0089"", ""optimization_0104"", ""optimization_0087"", ""optimization_0186"", ""optimization_0025"", ""optimization_0082"", ""optimization_0107"", ""optimization_0020"", ""optimization_0117"", ""optimization_0204"", ""optimization_0181"", ""optimization_0040"", ""optimization_0113"", ""optimization_0092""]"
followups/opus-optimizer,main,granite4.2:30b/off,2,3,0,1,7feb8e0c1a3981f4d6d75c3b2735b3224324a332292d304056d16a8e6c81cf2f,0.2723735408560311,"[""0080638c0f58d5b18e6db10f0327e0c85125dd7c1ea1ae311fd5ad96c05b3078"", ""ad6038f021e3b3c725f066a912f343e01798a5d3b2a4572e834fdbb113e60d80"", ""7feb8e0c1a3981f4d6d75c3b2735b3224324a332292d304056d16a8e6c81cf2f""]","[""optimization_0069"", ""optimization_0054"", ""optimization_0067"", ""optimization_0124"", ""optimization_0107"", ""optimization_0062"", ""optimization_0135"", ""optimization_0204"", ""optimization_0223"", ""optimization_0112"", ""optimization_0215"", ""optimization_0086"", ""optimization_0231"", ""optimization_0036"", ""optimization_0175"", ""optimization_0064"", ""optimization_0131"", ""optimization_0146"", ""optimization_0057"", ""optimization_0102"", ""optimization_0025"", ""optimization_0040"", ""optimization_0179"", ""optimization_0134""]"
followups/opus-optimizer,main,granite4.2:30b/off,2,3,1,1,45b33d5b65fbceeaf094ac777fda82badce4c5853693de47526eca9a66e28623,0.28688524590163933,"[""7feb8e0c1a3981f4d6d75c3b2735b3224324a332292d304056d16a8e6c81cf2f"", ""a7672cee21be003ac3a87a8611322fdbb5088f8a01baf92f1e18579916400f0c"", ""45b33d5b65fbceeaf094ac777fda82badce4c5853693de47526eca9a66e28623""]","[""optimization_0165"", ""optimization_0090"", ""optimization_0073"", ""optimization_0004"", ""optimization_0053"", ""optimization_0128"", ""optimization_0021"", ""optimization_0048"", ""optimization_0127"", ""optimization_0010"", ""optimization_0095"", ""optimization_0122"", ""optimization_0093"", ""optimization_0186"", ""optimization_0085"", ""optimization_0238"", ""optimization_0023"", ""optimization_0050"", ""optimization_0141"", ""optimization_0108"", ""optimization_0139"", ""optimization_0100"", ""optimization_0221"", ""optimization_0194""]"
followups/opus-optimizer,main,granite4.2:30b/off,2,3,2,0,558f751d6be434f4db2acff14e434f9ec6ace612e5458085bec43ee13b862d40,0.3416666666666667,"[""45b33d5b65fbceeaf094ac777fda82badce4c5853693de47526eca9a66e28623"", ""558f751d6be434f4db2acff14e434f9ec6ace612e5458085bec43ee13b862d40"", ""e5374996a28f7439ed631ca0a6d6afa7880358f698a30d2a5e2fbcbdaa10fc8a""]","[""optimization_0237"", ""optimization_0012"", ""optimization_0043"", ""optimization_0178"", ""optimization_0077"", ""optimization_0140"", ""optimization_0129"", ""optimization_0180"", ""optimization_0133"", ""optimization_0022"", ""optimization_0203"", ""optimization_0098"", ""optimization_0027"", ""optimization_0006"", ""optimization_0001"", ""optimization_0160"", ""optimization_0005"", ""optimization_0080"", ""optimization_0189"", ""optimization_0132"", ""optimization_0097"", ""optimization_0220"", ""optimization_0065"", ""optimization_0152""]"
followups/opus-optimizer,main,granite4.2:30b/off,2,3,3,1,abcd2ca566b5f95324cffefdc5ffcc59066b558748969a866a6fdb74080bc562,0.3776824034334764,"[""558f751d6be434f4db2acff14e434f9ec6ace612e5458085bec43ee13b862d40"", ""4be30e86d90826aadcd59061b7f857fb1908435fc5f8b25bc3c113a23116eb81"", ""abcd2ca566b5f95324cffefdc5ffcc59066b558748969a866a6fdb74080bc562""]","[""optimization_0207"", ""optimization_0222"", ""optimization_0013"", ""optimization_0028"", ""optimization_0089"", ""optimization_0218"", ""optimization_0063"", ""optimization_0066"", ""optimization_0103"", ""optimization_0166"", ""optimization_0233"", ""optimization_0074"", ""optimization_0009"", ""optimization_0072"", ""optimization_0193"", ""optimization_0052"", ""optimization_0059"", ""optimization_0164"", ""optimization_0219"", ""optimization_0000"", ""optimization_0235"", ""optimization_0136"", ""optimization_0173"", ""optimization_0182""]"
followups/opus-optimizer,main,granite4.2:30b/off,2,3,4,-1,abcd2ca566b5f95324cffefdc5ffcc59066b558748969a866a6fdb74080bc562,0.35856573705179284,"[""abcd2ca566b5f95324cffefdc5ffcc59066b558748969a866a6fdb74080bc562"", ""22ab310cef9a39a2ebc2d1b6c559771b3d8d8ba8f951434e595bc2fdf045fdc0"", ""da458fd87d208b4fa96981953b04bd75730c76283859f5f7d93b47523aff64b5""]","[""optimization_0147"", ""optimization_0156"", ""optimization_0163"", ""optimization_0202"", ""optimization_0149"", ""optimization_0056"", ""optimization_0075"", ""optimization_0030"", ""optimization_0205"", ""optimization_0232"", ""optimization_0155"", ""optimization_0104"", ""optimization_0111"", ""optimization_0114"", ""optimization_0055"", ""optimization_0094"", ""optimization_0029"", ""optimization_0230"", ""optimization_0039"", ""optimization_0162"", ""optimization_0211"", ""optimization_0142"", ""optimization_0185"", ""optimization_0200""]"
followups/opus-optimizer,main,granite4.2:30b/off,2,3,5,-1,abcd2ca566b5f95324cffefdc5ffcc59066b558748969a866a6fdb74080bc562,0.25806451612903225,"[""abcd2ca566b5f95324cffefdc5ffcc59066b558748969a866a6fdb74080bc562"", ""afb8bf997dff5538caed2c0eaf7c71063d8e585551f70a3925137d357b65b7fa"", ""c71bd5a427987ef2232fc29e89ffdf15eab73fddc026c5d9881603513c7932a0""]","[""optimization_0003"", ""optimization_0138"", ""optimization_0181"", ""optimization_0088"", ""optimization_0011"", ""optimization_0026"", ""optimization_0033"", ""optimization_0060"", ""optimization_0157"", ""optimization_0016"", ""optimization_0125"", ""optimization_0212"", ""optimization_0015"", ""optimization_0210"", ""optimization_0121"", ""optimization_0148"", ""optimization_0239"", ""optimization_0014"", ""optimization_0159"", ""optimization_0126"", ""optimization_0217"", ""optimization_0058"", ""optimization_0191"", ""optimization_0158""]"
followups/opus-optimizer,main,granite4.2:30b/off,2,3,6,1,724ba2e74bd6c33e070c9a70946f66da41345963cde32f7f3f160d6511d89aba,0.4274193548387097,"[""abcd2ca566b5f95324cffefdc5ffcc59066b558748969a866a6fdb74080bc562"", ""d9de3871a05290ba05ea4a543eda93108e25b1f150572e6cd666a7993f85fb92"", ""724ba2e74bd6c33e070c9a70946f66da41345963cde32f7f3f160d6511d89aba""]","[""optimization_0225"", ""optimization_0078"", ""optimization_0031"", ""optimization_0082"", ""optimization_0035"", ""optimization_0002"", ""optimization_0105"", ""optimization_0120"", ""optimization_0229"", ""optimization_0070"", ""optimization_0197"", ""optimization_0116"", ""optimization_0171"", ""optimization_0168"", ""optimization_0061"", ""optimization_0154"", ""optimization_0047"", ""optimization_0020"", ""optimization_0153"", ""optimization_0234"", ""optimization_0151"", ""optimization_0076"", ""optimization_0209"", ""optimization_0188""]"
followups/opus-optimizer,main,granite4.2:30b/off,2,3,7,0,cf734e49c97b307acfb3db30dff1a527c74f4384a17f53686b95ea52db20ae82,0.3891891891891892,"[""724ba2e74bd6c33e070c9a70946f66da41345963cde32f7f3f160d6511d89aba"", ""cf734e49c97b307acfb3db30dff1a527c74f4384a17f53686b95ea52db20ae82"", ""3acd78bdd76fe2eb5807bcbb93ec7168345db664f0b0e2ff33c7d680f970f5dc""]","[""optimization_0201"", ""optimization_0096"", ""optimization_0169"", ""optimization_0034"", ""optimization_0143"", ""optimization_0038"", ""optimization_0087"", ""optimization_0192"", ""optimization_0109"", ""optimization_0214"", ""optimization_0071"", ""optimization_0068"", ""optimization_0117"", ""optimization_0024"", ""optimization_0007"", ""optimization_0106"", ""optimization_0083"", ""optimization_0224"", ""optimization_0045"", ""optimization_0018"", ""optimization_0049"", ""optimization_0208"", ""optimization_0113"", ""optimization_0110""]"
followups/opus-optimizer,main,granite4.2:30b/off,2,2,0,-1,0080638c0f58d5b18e6db10f0327e0c85125dd7c1ea1ae311fd5ad96c05b3078,0.38009049773755654,"[""0080638c0f58d5b18e6db10f0327e0c85125dd7c1ea1ae311fd5ad96c05b3078"", ""675a629e6073655f4b56b6934f63b1f8c878c33b47cd4b157b69fa40de6d6c80"", ""dc0573bf701640d9209487115d1ad26c9efde25cf5c0a06c5471995886173ff9""]","[""optimization_0003"", ""optimization_0078"", ""optimization_0163"", ""optimization_0232"", ""optimization_0053"", ""optimization_0122"", ""optimization_0183"", ""optimization_0066"", ""optimization_0217"", ""optimization_0100"", ""optimization_0017"", ""optimization_0026"", ""optimization_0051"", ""optimization_0072"", ""optimization_0175"", ""optimization_0058"", ""optimization_0119"", ""optimization_0110"", ""optimization_0219"", ""optimization_0012"", ""optimization_0199"", ""optimization_0190"", ""optimization_0023"", ""optimization_0236""]"
followups/opus-optimizer,main,granite4.2:30b/off,2,2,1,1,b9dce761961b1cb5fc2ab73b4a687b42bf1b20051e10c63bd022b7eb10069f9e,0.1848184818481848,"[""0080638c0f58d5b18e6db10f0327e0c85125dd7c1ea1ae311fd5ad96c05b3078"", ""f0cb7ae723bffcbbc5544e6ad27fcd36996ddb3465befa6d5605ec06118b0187"", ""b9dce761961b1cb5fc2ab73b4a687b42bf1b20051e10c63bd022b7eb10069f9e""]","[""optimization_0045"", ""optimization_0084"", ""optimization_0127"", ""optimization_0070"", ""optimization_0029"", ""optimization_0188"", ""optimization_0081"", ""optimization_0192"", ""optimization_0049"", ""optimization_0142"", ""optimization_0221"", ""optimization_0104"", ""optimization_0171"", ""optimization_0096"", ""optimization_0205"", ""optimization_0202"", ""optimization_0131"", ""optimization_0134"", ""optimization_0225"", ""optimization_0054"", ""optimization_0133"", ""optimization_0028"", ""optimization_0179"", ""optimization_0194""]"
followups/opus-optimizer,main,granite4.2:30b/off,2,2,2,1,28747f81d5e9949e304c37b40b56c48a0c62c031254a6c4d82e3e38018f622a9,0.3842364532019704,"[""b9dce761961b1cb5fc2ab73b4a687b42bf1b20051e10c63bd022b7eb10069f9e"", ""48001167567c63b91ae7865ba52faf9694235b900b358bb8a36b7334455a9022"", ""28747f81d5e9949e304c37b40b56c48a0c62c031254a6c4d82e3e38018f622a9""]","[""optimization_0129"", ""optimization_0060"", ""optimization_0025"", ""optimization_0118"", ""optimization_0107"", ""optimization_0128"", ""optimization_0123"", ""optimization_0024"", ""optimization_0097"", ""optimization_0220"", ""optimization_0077"", ""optimization_0116"", ""optimization_0231"", ""optimization_0102"", ""optimization_0115"", ""optimization_0076"", ""optimization_0005"", ""optimization_0152"", ""optimization_0063"", ""optimization_0138"", ""optimization_0229"", ""optimization_0172"", ""optimization_0137"", ""optimization_0050""]"
followups/opus-optimizer,main,granite4.2:30b/off,2,2,3,-1,28747f81d5e9949e304c37b40b56c48a0c62c031254a6c4d82e3e38018f622a9,0.5185185185185185,"[""28747f81d5e9949e304c37b40b56c48a0c62c031254a6c4d82e3e38018f622a9"", ""a964aaa6827906f33b28e8d5f608bf22b0d180ff0c3e8fb02f076c5820f9044e"", ""617e847eb6c61916e9b43660df3e8a23dfc97483891ebc0b65e579bf5856a7e7""]","[""optimization_0057"", ""optimization_0000"", ""optimization_0073"", ""optimization_0196"", ""optimization_0215"", ""optimization_0002"", ""optimization_0195"", ""optimization_0018"", ""optimization_0169"", ""optimization_0178"", ""optimization_0125"", ""optimization_0164"", ""optimization_0207"", ""optimization_0168"", ""optimization_0157"", ""optimization_0160"", ""optimization_0197"", ""optimization_0092"", ""optimization_0021"", ""optimization_0222"", ""optimization_0223"", ""optimization_0136"", ""optimization_0233"", ""optimization_0158""]"
followups/opus-optimizer,main,granite4.2:30b/off,2,2,4,1,8b9bfabb51ce660862dfd0efec8656d2cda60325c84b7ee2bfa7a7e0820c0aa4,0.24742268041237114,"[""28747f81d5e9949e304c37b40b56c48a0c62c031254a6c4d82e3e38018f622a9"", ""b6fd8036a2827d3c7550a7b93985b5215c7da6c20db2cb579b7fc317afdefc6d"", ""8b9bfabb51ce660862dfd0efec8656d2cda60325c84b7ee2bfa7a7e0820c0aa4""]","[""optimization_0027"", ""optimization_0030"", ""optimization_0031"", ""optimization_0004"", ""optimization_0041"", ""optimization_0068"", ""optimization_0075"", ""optimization_0150"", ""optimization_0193"", ""optimization_0046"", ""optimization_0161"", ""optimization_0086"", ""optimization_0009"", ""optimization_0114"", ""optimization_0187"", ""optimization_0124"", ""optimization_0203"", ""optimization_0074"", ""optimization_0039"", ""optimization_0090"", ""optimization_0037"", ""optimization_0088"", ""optimization_0167"", ""optimization_0098""]"
followups/opus-optimizer,main,granite4.2:30b/off,2,2,5,0,860dbbf755c19e2c429dacd67e61cdd55a055ab9a12b2067ef1380af7b939538,0.3763440860215054,"[""8b9bfabb51ce660862dfd0efec8656d2cda60325c84b7ee2bfa7a7e0820c0aa4"", ""860dbbf755c19e2c429dacd67e61cdd55a055ab9a12b2067ef1380af7b939538"", ""1cb8b31418f0f9a5e4aac7208e36868825657d8b55b8afa5326a9e65485ee1fd""]","[""optimization_0237"", ""optimization_0144"", ""optimization_0061"", ""optimization_0154"", ""optimization_0191"", ""optimization_0080"", ""optimization_0201"", ""optimization_0174"", ""optimization_0145"", ""optimization_0052"", ""optimization_0089"", ""optimization_0146"", ""optimization_0147"", ""optimization_0036"", ""optimization_0151"", ""optimization_0238"", ""optimization_0071"", ""optimization_0056"", ""optimization_0015"", ""optimization_0126"", ""optimization_0181"", ""optimization_0016"", ""optimization_0059"", ""optimization_0008""]"
followups/opus-optimizer,main,granite4.2:30b/off,2,2,6,0,1ec1032e24f993f9991a37ef06546524cdf7811ef7e34a6854c37023d280bbad,0.4043321299638989,"[""860dbbf755c19e2c429dacd67e61cdd55a055ab9a12b2067ef1380af7b939538"", ""1ec1032e24f993f9991a37ef06546524cdf7811ef7e34a6854c37023d280bbad"", ""b39aefd222e4326744ed37df1922d2860aef7a8ac78803885963f7b1de831ac5""]","[""optimization_0153"", ""optimization_0006"", ""optimization_0121"", ""optimization_0214"", ""optimization_0173"", ""optimization_0224"", ""optimization_0165"", ""optimization_0156"", ""optimization_0109"", ""optimization_0106"", ""optimization_0185"", ""optimization_0044"", ""optimization_0033"", ""optimization_0198"", ""optimization_0019"", ""optimization_0034"", ""optimization_0047"", ""optimization_0206"", ""optimization_0099"", ""optimization_0048"", ""optimization_0211"", ""optimization_0166"", ""optimization_0101"", ""optimization_0014""]"
followups/opus-optimizer,main,granite4.2:30b/off,2,2,7,0,b8684a89ef5200dde9419315e2500e39866156b63f6fc95ed13f3e5f35261148,0.3316062176165803,"[""1ec1032e24f993f9991a37ef06546524cdf7811ef7e34a6854c37023d280bbad"", ""b8684a89ef5200dde9419315e2500e39866156b63f6fc95ed13f3e5f35261148"", ""b7e3f0b8af91d434c04b2c1690def04080660b620ef000549f8b7543fa177848""]","[""optimization_0069"", ""optimization_0234"", ""optimization_0013"", ""optimization_0010"", ""optimization_0227"", ""optimization_0176"", ""optimization_0177"", ""optimization_0210"", ""optimization_0067"", ""optimization_0040"", ""optimization_0011"", ""optimization_0038"", ""optimization_0111"", ""optimization_0132"", ""optimization_0043"", ""optimization_0112"", ""optimization_0209"", ""optimization_0062"", ""optimization_0093"", ""optimization_0120"", ""optimization_0007"", ""optimization_0226"", ""optimization_0083"", ""optimization_0230""]"
followups/opus-optimizer,main,qwen3.8:27b/off,2,2,0,-1,0080638c0f58d5b18e6db10f0327e0c85125dd7c1ea1ae311fd5ad96c05b3078,0.7073170731707317,"[""0080638c0f58d5b18e6db10f0327e0c85125dd7c1ea1ae311fd5ad96c05b3078"", ""1f6948f1d72c3694f0a207e07ab230470a28137ed27c3ef05c39a4aae115ab35"", ""e6821861074f6126e5c40a0b5b8f45f0aca098528cfaaffe3abc92dd328a3b4e""]","[""optimization_0003"", ""optimization_0078"", ""optimization_0163"", ""optimization_0232"", ""optimization_0053"", ""optimization_0122"", ""optimization_0183"", ""optimization_0066"", ""optimization_0217"", ""optimization_0100"", ""optimization_0017"", ""optimization_0026"", ""optimization_0051"", ""optimization_0072"", ""optimization_0175"", ""optimization_0058"", ""optimization_0119"", ""optimization_0110"", ""optimization_0219"", ""optimization_0012"", ""optimization_0199"", ""optimization_0190"", ""optimization_0023"", ""optimization_0236""]"
followups/opus-optimizer,main,qwen3.8:27b/off,2,2,1,-1,0080638c0f58d5b18e6db10f0327e0c85125dd7c1ea1ae311fd5ad96c05b3078,0.5918367346938775,"[""0080638c0f58d5b18e6db10f0327e0c85125dd7c1ea1ae311fd5ad96c05b3078"", ""ae17f16372ae4736652543a7b7334de827c3b8da35908d20165052b102a8c3cd"", ""80af99b71024304a6e3882df0f30b659d8bc5bbb121960688b811be8acaae3f4""]","[""optimization_0045"", ""optimization_0084"", ""optimization_0127"", ""optimization_0070"", ""optimization_0029"", ""optimization_0188"", ""optimization_0081"", ""optimization_0192"", ""optimization_0049"", ""optimization_0142"", ""optimization_0221"", ""optimization_0104"", ""optimization_0171"", ""optimization_0096"", ""optimization_0205"", ""optimization_0202"", ""optimization_0131"", ""optimization_0134"", ""optimization_0225"", ""optimization_0054"", ""optimization_0133"", ""optimization_0028"", ""optimization_0179"", ""optimization_0194""]"
followups/opus-optimizer,main,qwen3.8:27b/off,2,2,2,-1,0080638c0f58d5b18e6db10f0327e0c85125dd7c1ea1ae311fd5ad96c05b3078,0.7625,"[""0080638c0f58d5b18e6db10f0327e0c85125dd7c1ea1ae311fd5ad96c05b3078"", ""9df356ddc1680b3d43a7792f31a3fe0a83ab650be923723de4bf1395a47fa299"", ""087ea409f34b89df43056af146f7d9e2457ac33121cae5639dd424983c202f99""]","[""optimization_0129"", ""optimization_0060"", ""optimization_0025"", ""optimization_0118"", ""optimization_0107"", ""optimization_0128"", ""optimization_0123"", ""optimization_0024"", ""optimization_0097"", ""optimization_0220"", ""optimization_0077"", ""optimization_0116"", ""optimization_0231"", ""optimization_0102"", ""optimization_0115"", ""optimization_0076"", ""optimization_0005"", ""optimization_0152"", ""optimization_0063"", ""optimization_0138"", ""optimization_0229"", ""optimization_0172"", ""optimization_0137"", ""optimization_0050""]"
followups/opus-optimizer,main,qwen3.8:27b/off,2,2,3,-1,0080638c0f58d5b18e6db10f0327e0c85125dd7c1ea1ae311fd5ad96c05b3078,0.8,"[""0080638c0f58d5b18e6db10f0327e0c85125dd7c1ea1ae311fd5ad96c05b3078"", ""d6c359f0e2707a8c1bc7544cb99ae0e707073b3fdba11ec57ddc0cfd8a4f01fb"", ""ea643eaa24509c8de6a917acb8af1176f3dd623f5ef54c8f4e840b5e286b563a""]","[""optimization_0057"", ""optimization_0000"", ""optimization_0073"", ""optimization_0196"", ""optimization_0215"", ""optimization_0002"", ""optimization_0195"", ""optimization_0018"", ""optimization_0169"", ""optimization_0178"", ""optimization_0125"", ""optimization_0164"", ""optimization_0207"", ""optimization_0168"", ""optimization_0157"", ""optimization_0160"", ""optimization_0197"", ""optimization_0092"", ""optimization_0021"", ""optimization_0222"", ""optimization_0223"", ""optimization_0136"", ""optimization_0233"", ""optimization_0158""]"
followups/opus-optimizer,main,qwen3.8:27b/off,2,2,4,-1,0080638c0f58d5b18e6db10f0327e0c85125dd7c1ea1ae311fd5ad96c05b3078,0.6467065868263473,"[""0080638c0f58d5b18e6db10f0327e0c85125dd7c1ea1ae311fd5ad96c05b3078"", ""8175c687067d3e1f3f4f1a9e739af31b1bbbc0e303a5d9b466e34c97b7301af0"", ""734d34869b630315162d38ce7c7384da7b0ed33e55d13c9ba4ac05e4766d26ed""]","[""optimization_0027"", ""optimization_0030"", ""optimization_0031"", ""optimization_0004"", ""optimization_0041"", ""optimization_0068"", ""optimization_0075"", ""optimization_0150"", ""optimization_0193"", ""optimization_0046"", ""optimization_0161"", ""optimization_0086"", ""optimization_0009"", ""optimization_0114"", ""optimization_0187"", ""optimization_0124"", ""optimization_0203"", ""optimization_0074"", ""optimization_0039"", ""optimization_0090"", ""optimization_0037"", ""optimization_0088"", ""optimization_0167"", ""optimization_0098""]"
followups/opus-optimizer,main,qwen3.8:27b/off,2,2,5,-1,0080638c0f58d5b18e6db10f0327e0c85125dd7c1ea1ae311fd5ad96c05b3078,0.6944444444444444,"[""0080638c0f58d5b18e6db10f0327e0c85125dd7c1ea1ae311fd5ad96c05b3078"", ""68694f30b33346df8a2a682e51e4e45595751301dbafe96021192e115fd418fb"", ""77c2362b752a87253598c55dfffdec5c9c04c1bf148376875d095a2c552fbc21""]","[""optimization_0237"", ""optimization_0144"", ""optimization_0061"", ""optimization_0154"", ""optimization_0191"", ""optimization_0080"", ""optimization_0201"", ""optimization_0174"", ""optimization_0145"", ""optimization_0052"", ""optimization_0089"", ""optimization_0146"", ""optimization_0147"", ""optimization_0036"", ""optimization_0151"", ""optimization_0238"", ""optimization_0071"", ""optimization_0056"", ""optimization_0015"", ""optimization_0126"", ""optimization_0181"", ""optimization_0016"", ""optimization_0059"", ""optimization_0008""]"
followups/opus-optimizer,main,qwen3.8:27b/off,2,2,6,-1,0080638c0f58d5b18e6db10f0327e0c85125dd7c1ea1ae311fd5ad96c05b3078,0.7222222222222222,"[""0080638c0f58d5b18e6db10f0327e0c85125dd7c1ea1ae311fd5ad96c05b3078"", ""dae66d6528b0085c8c7acb4e13604039874380edb25d1a6a6315a8ebf3f54c26"", ""e17ae782896e3038d2a5e98ca4ef64cbf82f1430db9d95c34aab9e17d671afb8""]","[""optimization_0153"", ""optimization_0006"", ""optimization_0121"", ""optimization_0214"", ""optimization_0173"", ""optimization_0224"", ""optimization_0165"", ""optimization_0156"", ""optimization_0109"", ""optimization_0106"", ""optimization_0185"", ""optimization_0044"", ""optimization_0033"", ""optimization_0198"", ""optimization_0019"", ""optimization_0034"", ""optimization_0047"", ""optimization_0206"", ""optimization_0099"", ""optimization_0048"", ""optimization_0211"", ""optimization_0166"", ""optimization_0101"", ""optimization_0014""]"
followups/opus-optimizer,main,qwen3.8:27b/off,2,2,7,-1,0080638c0f58d5b18e6db10f0327e0c85125dd7c1ea1ae311fd5ad96c05b3078,0.6206896551724138,"[""0080638c0f58d5b18e6db10f0327e0c85125dd7c1ea1ae311fd5ad96c05b3078"", ""94b8ab530b0fcd65717f8775b7fd534335f5b5805e5f8002d2f68a7b927321a3"", ""7fdcab990046a896da2eb44b0b816a2e419dff68ca5c5f9a2ef2e725cf2c9b34""]","[""optimization_0069"", ""optimization_0234"", ""optimization_0013"", ""optimization_0010"", ""optimization_0227"", ""optimization_0176"", ""optimization_0177"", ""optimization_0210"", ""optimization_0067"", ""optimization_0040"", ""optimization_0011"", ""optimization_0038"", ""optimization_0111"", ""optimization_0132"", ""optimization_0043"", ""optimization_0112"", ""optimization_0209"", ""optimization_0062"", ""optimization_0093"", ""optimization_0120"", ""optimization_0007"", ""optimization_0226"", ""optimization_0083"", ""optimization_0230""]"
