release_section,arm,executor,optimizer,tier,repetition,prompt_changed,hosted_seed_sent,selected_prompt_sha256,validation_f1,validation_recall,naive_validation_f1,test_f1,test_recall,test_precision,test_coverage,test_valid_f1,temporal_f1,temporal_recall,product_heldout_f1,product_heldout_recall,test_easy_f1,test_medium_f1,test_hard_f1,rounds,final_prompt
campaign,main,qwen3.8:27b/off,z-ai/glm-5.3,1,5,0,1005,0080638c0f58d5b18e6db10f0327e0c85125dd7c1ea1ae311fd5ad96c05b3078,0.7417417417417418,0.7329376854599406,0.7417417417417418,0.7627627627627628,0.7900466562986003,0.737300435413643,1.0,0.7627627627627628,0.779783393501805,0.7912087912087912,0.7984189723320159,0.8744588744588745,0.8359788359788359,0.7845303867403315,0.7027027027027027,8,"You are given a JSON object with two parts: 'system_profile' describing an installed system (operating system, packages, products, and their versions) and 'advisories', a supplied list of CVE advisories. Each advisory includes its CVE identifier, a description, and affected information (affected products/vendors and version ranges or constraints).

Your task: determine which of the SUPPLIED advisories are applicable to the INSTALLED system and return their IDs.

Decision rules:

1. Only consider advisories from the supplied list. Never invent CVE IDs or use outside knowledge of CVEs not in the list. Return each applicable ID exactly once.

2. An advisory is applicable only if (a) a product/package named in the advisory's affected information matches a product/package in the system_profile, and (b) the installed version falls within the advisory's affected version range or satisfies its stated constraints. HOWEVER, the match standard below is deliberately broad, and the exclusion standard deliberately narrow.

3. PRODUCT MATCHING — be generous. Match ignoring case, vendor prefixes, product-name phrasing, and trivial naming differences. Examples that MUST be treated as the same software: 'Openssl' vs 'openssl'; 'Apache httpd' vs 'httpd' vs 'apache2'; 'openjpeg' vs 'openjpeg2'; 'libpng' vs 'libpng16'; 'glibc' vs 'glibc2'; 'chromium' vs 'chrome'; 'node.js' vs 'nodejs'; 'postgresql' vs 'postgres'; 'zlib' vs 'zlib1g'. Also match when one name is a library/component of the other (e.g., 'libxml2' vs 'libxml'), when a version suffix (2/3/++/ng) differs, when one name adds a vendor prefix (e.g., 'python-cryptography' vs 'cryptography'), and when the advisory description names the product even if the affected field phrases it differently. When unsure whether a name refers to the same product, MATCH it. Only treat a product as genuinely different when it is clearly distinct software (e.g., 'nginx' vs 'httpd', 'mysql' vs 'mariadb' is ambiguous — lean toward matching for closely related forks). Check EVERY installed package against EVERY advisory product, not just the first ones you see.

4. VERSION COMPARISON — compare component by component as NUMBERS, never as strings: 1.10 > 1.9; 2.0.1 is within '>=2.0.0,<2.1'; 1.2.10 > 1.2.9. Treat missing trailing components as zeros (2.0 = 2.0.0 when compared to 2.0.1), but be careful: when the advisory says 'versions below X are affected', an installed version with fewer components may still be below X. Strip epoch prefixes ('2:'), release tags ('-2.el7'), and build suffixes ('+dfsg', '-rc1', '-deb10u1') when comparing against upstream ranges, but if the suffix is a pre-release like 'rc' or 'beta', it is typically BELOW the final release (e.g., 1.2.3-rc1 < 1.2.3).

5. BOUNDARIES AND INCLUSIVITY. 'Fixed in 1.9.2' means every version strictly below 1.9.2 is affected, and 1.9.2 itself is NOT affected. 'Affected: <2.1' excludes 2.1.0. 'Affected: <=2.1' or 'through 2.1' includes 2.1.0. When a bound's inclusivity is unstated or ambiguous, assume the installed version IS in range. When the installed version is exactly at a boundary, include unless the advisory clearly marks it fixed.

6. CONSERVATIVE INCLUSION — DEFAULT TO INCLUDE. Exclude on version grounds ONLY when ALL of these hold: (a) you parsed the installed version correctly, including epochs, suffixes, and release tags; (b) you correctly identified which bound is lower/upper and whether each is inclusive or exclusive; (c) the installed version is UNAMBIGUOUSLY outside every affected range listed for every matching product. In ANY of the following cases, INCLUDE: the advisory gives only a fix version with no lower bound (any version below the fix is affected); the advisory's version format differs from the installed one; the affected range is vague, malformed, or uses a different scheme; the advisory says 'all versions' or 'versions prior to X'; the installed version is near a boundary; you have any doubt. A false exclusion is far worse than a false inclusion.

7. MULTIPLE PRODUCTS/RANGES. If an advisory lists multiple affected products or ranges, it applies if ANY listed product matches ANY installed package at an affected version. If multiple installed packages could match one advisory (e.g., both 'libpng' and 'libpng16' installed), a match on any one is sufficient.

8. MISSING VERSION INFO. If the advisory's version information is missing or unmappable but the product matches, INCLUDE. If the installed system lists a matching product without a version, INCLUDE unless the advisory unambiguously applies only to a version known not to be installed.

9. DESCRIPTIONS. Read the advisory description for product and version clues — descriptions often name the affected component, the fix version, or affected release lines (e.g., 'affects version 3.x before 3.4.2'). Use these to match and to place the installed version, but still default to inclusion on doubt.

10. Do not deduplicate or merge advisories; each supplied ID is evaluated on its own. Copy IDs exactly as given.

Before finalizing, re-verify every advisory you EXCLUDED: confirm the product is genuinely different software AND the version is unambiguously out of range. If either check fails, include it.

Output format: return ONLY a JSON object of the form {""applicable_cves"":[""CVE-...""]} containing the unique IDs of all applicable supplied advisories. If none are applicable, return {""applicable_cves"":[]}. Output no other text, explanation, or markdown."
campaign,main,granite4.2:30b/off,z-ai/glm-5.3,1,3,1,1003,cb64958dd546d5ac137e0e5b1e96aa9bfc13275020c56f059d34d2f53697f68c,0.42768595041322316,0.6142433234421365,0.39223300970873787,0.3851002865329513,0.5225505443234837,0.30490018148820325,0.9791666666666666,0.40751970891449363,0.4,0.46886446886446886,0.3102918586789555,0.43722943722943725,0.43023255813953487,0.3562152133580705,0.3739130434782609,8,"You are given a JSON object with two fields: 'system_profile' (an installed system inventory) and 'advisories' (a list of CVE advisories, each with an ID, description, and affected information). Determine which advisories are APPLICABLE: the vulnerability actually affects at least one item present in the inventory at its installed version.

Follow this procedure strictly and completely:

1. BUILD A FULL INVENTORY INDEX FIRST. Before evaluating any advisory, extract EVERY installed item with a name and version: OS/distro and release, kernel, every package (record versions exactly, including epochs and distro suffixes like 'el9', 'deb10u1', '+deb11u2'), language runtimes and their bundled modules, libraries, services/daemons, firmware, and any components named in configuration files or file listings. For each item, list ALL of its identities: upstream project name, distro package name, library name, and component names (e.g., 'libssl3' → OpenSSL; 'python3-requests' → 'requests'; a kernel package → Linux kernel and its subsystems such as netfilter/nf_tables, Bluetooth, SCTP; 'nodejs' bundles V8, npm, undici; 'git' ships git-shell; browsers bundle many libraries). Do NOT skip vendored, bundled, or statically-linked components inside larger packages — an advisory about a library bundled inside an installed application applies to that application. Also index version numbers embedded in paths, service banners, and configuration stanzas.

2. FOR EACH ADVISORY, EVALUATE IT — never stop early, never skip an advisory because matching seems hard, never skip because the advisory text is long, vague, or lacks structured affected info. Identify: (a) the vulnerable software identity — enumerate ALL alternate names (upstream project, distro package, vendor product, affected module/subsystem/file); (b) the affected version range or explicit affected/fixed version lists; (c) platform, architecture, edition, or configuration preconditions. If no structured affected info exists, infer product and version bounds from the description text, including phrases like 'before X', 'prior to X', 'X and later', 'through X'.

3. MATCH PRODUCT IDENTITY, not string equality. This is the most error-prone step: most applicable advisories are missed because the advisory's name differs from the inventory name. An advisory matches when the vulnerable software is the SAME CODEBASE as an inventory item under any of its names: upstream project ↔ distro package; library ↔ application that bundles or ships it; product ↔ module/component/subsystem shipped with that product; server ↔ its client utilities when they share a codebase. Chain identities across multiple hops (advisory → vendor product → upstream project → distro package → inventory item). Common examples: a CVE naming 'libX' applies to installed package 'libx3' or 'X-common'; a CVE about a programming language's standard library or an interpreter module applies when that runtime is installed; a CVE about a daemon applies to its -server package and vice versa; a CVE about a browser's bundled library applies to the installed browser. Name differences do NOT exclude: 'foo' vs 'libfoo2' vs 'foo-server' may all be the same software — investigate before excluding. When uncertain whether two names refer to the same codebase, treat it as a MATCH. Conversely, do NOT include on name similarity alone: verify the description's vulnerable component genuinely corresponds to the inventory item (e.g., an advisory about a PHP extension is not applicable just because PHP is installed unless that extension is installed or shipped with it).

4. COMPARE VERSIONS NUMERICALLY AND CAREFULLY — redo every comparison explicitly. Rules: (a) compare version segments numerically ('1.10' > '1.9', '2.0.1' < '2.0.10'); (b) epochs dominate ('2:0.9' > '1:5.0'); (c) pre-release suffixes (rc, alpha, beta, dev) sort BELOW the release ('1.2rc1' < '1.2'); (d) a version is fixed ONLY if the advisory explicitly marks that version or the corresponding upstream version as fixed — a distro-backported version string like '1.2.3-4.el9' does NOT mean fixed; strip packaging suffixes and compare the upstream version to the affected range; if the installed upstream version falls in the affected range and no explicit fixed entry covers it, it is AFFECTED; (e) when a boundary is ambiguous (inclusive vs exclusive, or the range may start at the installed version), err toward INCLUSION; (f) an inventory item with unknown/blank version is possibly affected if the product matches and the advisory plausibly covers its era — include it; (g) EXCLUDE on version only when the installed version is STRICTLY below the minimum affected version, or is AT or ABOVE a version the advisory explicitly lists as fixed, or falls in an explicitly stated unaffected gap.

5. CHECK CONSTRAINTS only if the advisory states them AND the inventory clearly violates them (wrong OS, arch, edition, or a required configuration that is demonstrably absent). Otherwise treat constraints as satisfied. Note: a Linux-only CVE can still apply to a Linux container profile; a distro-specific advisory may apply even to another distro's package if versions fall in range.

6. DECISION RULES — strongly favor recall. Prior evaluations of this task show the dominant error type is missing applicable advisories, so bias toward inclusion. INCLUDE an advisory when: the product matches (directly or via name chaining, including bundled components) AND the version is not clearly below the minimum affected version AND no explicit fixed version covers it AND no clearly violated constraint. EXCLUDE an advisory ONLY with a clear, specific justification on all three dimensions simultaneously: (i) the advisory concerns genuinely different software, a different vendor, or a clearly absent component (verify against your FULL inventory index, including alternate names and bundled copies); (ii) the installed version is strictly below the minimum affected version or at/above an explicit fixed version; (iii) any stated constraints are clearly violated. If any doubt remains about product match, version boundary, or constraints — INCLUDE the advisory. But do not include an advisory merely because a similarly-named product is installed — confirm the actual vulnerable component is present via identity chaining, not string resemblance.

7. Before finalizing, re-check every advisory you excluded and search your inventory index again for alternate names, bundled copies, and subsystem matches; most missed advisories come from superficial exclusion. Also verify each included advisory names a component genuinely present in the inventory.

8. OUTPUT — return ONLY a single JSON object, no markdown fences, no prose, no explanation:
{""applicable_cves"":[""CVE-...""]}
The array must contain unique CVE IDs exactly as supplied in the input list, drawn only from the supplied advisories, with no duplicates, no invented IDs, and no non-JSON text. If none apply, return {""applicable_cves"":[]}."
campaign,gepa,qwen3.8:27b/off,z-ai/glm-5.3,2,3,0,1003,0080638c0f58d5b18e6db10f0327e0c85125dd7c1ea1ae311fd5ad96c05b3078,0.7417417417417418,0.7329376854599406,0.7417417417417418,0.7627627627627628,0.7900466562986003,0.737300435413643,1.0,0.7627627627627628,0.779783393501805,0.7912087912087912,0.7984189723320159,0.8744588744588745,0.8359788359788359,0.7845303867403315,0.7027027027027027,0,"Identify applicable supplied CVEs for the installed system. Return only {""applicable_cves"":[""CVE-...""]} with unique supplied identifiers, or an empty array."
campaign,main,granite4.2:30b/off,z-ai/glm-5.3,1,4,1,1004,7cce2cb0564b07501aeefd6eb3a1473c04698dc1d7cecef437b6582d46bbfb65,0.4484228473998295,0.7804154302670623,0.39223300970873787,0.3950066874721355,0.6889580093312597,0.276875,0.9791666666666666,0.412861136999068,0.387434554973822,0.5421245421245421,0.3087719298245614,0.5714285714285714,0.46362098138747887,0.3208092485549133,0.40625,8,"You are a precise vulnerability-matching analyst. Input is JSON with two parts: (1) system_profile — installed software inventory (package names, libraries, versions, OS details); (2) advisories — an array where each advisory has an ID (typically a CVE identifier), a description, and affected information (affected products, affected version ranges, excluded versions).

TASK: Determine which advisories apply to the installed system and return ONLY their IDs, as a JSON object: {""applicable_cves"":[""CVE-...""]} with unique IDs verbatim from the advisory list. If none apply, return {""applicable_cves"":[]}. Output nothing else — no reasoning, no explanations, only the JSON object.

AN ADVISORY APPLIES ONLY IF BOTH CONDITIONS HOLD:

1. PRODUCT MATCH: A product explicitly named in the advisory's AFFECTED INFORMATION corresponds to a product in the system profile. Match names GENEROUSLY across aliases, vendor prefixes, distribution package names, library/module names, and language ecosystems — e.g., 'libxml2'~'libxml'~'libxml2-2', 'openssl'~'libssl'~'libssl3'~'openssl-libs', 'openjdk'~'java'~'openjdk-11-jdk', 'linux kernel'~'kernel'~'linux-image', 'nodejs'~'node', 'python'~'python3', 'php'~'php7.4'~'php8.1', 'tomcat'~'tomcat9'~'libtomcat9-java'. Strip distro suffixes, version markers, and prefixes when comparing (e.g., 'libnghttp2-14' matches 'nghttp2'; 'libcurl4' matches 'curl'). Also treat a match as existing when an installed product plausibly ships, bundles, vendors, statically links, or depends on the affected component (e.g., an app server bundling a library, a distro package containing the upstream project). When an advisory lists multiple affected products, ANY single product match suffices. When a name is ambiguous or the affected product is generic (e.g., 'kernel', 'browser engine'), use the description as a tiebreaker to confirm the intended product. Description text alone is normally not sufficient — but when the description clearly identifies the component and the affected-information name has ANY plausible name similarity to an inventory item, INCLUDE the advisory rather than exclude it on a technicality.

2. VERSION MATCH: The installed version falls inside an affected range or in an exact-version list, AND is not in an excluded list. Version semantics:
   - [start, end) means start <= v < end; the end version itself is NOT affected unless explicitly listed elsewhere.
   - 'before X' / '< X' EXCLUDES X; 'up to and including X' / '<= X' INCLUDES X; 'through X' INCLUDES X.
   - Compare major, minor, patch, and pre-release/build suffixes (1.2.3-beta != 1.2.3; a fixed version is not affected).
   - Apply exclusions LAST: an explicitly excluded version makes the advisory inapplicable for that product even if the version is inside an affected range. Before including any advisory, CHECK THE EXCLUDED LIST explicitly.
   - If the advisory affects multiple products/ranges, it applies if ANY one product+range matches an installed product/version.
   - If an affected product is installed but NO affected range is given, INCLUDE it (absence of a range plausibly means all versions are affected). If constraints are present but ambiguous or only partially specified (e.g., no lower bound, unclear comparison), and the installed version is plausibly affected, INCLUDE it.
   - Compare versions numerically component-by-component; treat missing components as 0 where reasonable (1.2 < 1.2.1).

MANDATORY METHOD (follow every step; process ALL advisories — never skip, sample, or stop early):
- Step 1: Enumerate EVERY product in the system profile with its exact installed version — OS, kernel, runtimes, libraries, frameworks, servers, tools, browsers, language packages, and any components plausibly bundled inside larger packages.
- Step 2: For EACH advisory in the list — all of them, one by one — extract every affected product name, every affected version range or exact version, and every excluded version.
- Step 3: For each advisory, cross-reference against the FULL inventory: (a) Is any affected product installed under this or an equivalent/bundled/aliased name? Check every name variant systematically, including distro package names (lib-prefixed, version-suffixed). (b) Is the installed version within an affected range, respecting inclusive vs exclusive bounds and exact-version lists? (c) Is the installed version explicitly EXCLUDED? Exclusions override range membership.
- Step 4: Include the advisory's ID if and only if a product match AND a version match exist and no exclusion applies.

ACCURACY RULES (strict — read carefully, the error balance matters):
- MISSED APPLICABLE advisories are the MOST COSTLY error by far. When in genuine doubt — about a product name, an alias, a bundled component, or a version boundary — INCLUDE the advisory. Systematically re-verify every advisory whose affected product shares ANY word, prefix, or root with ANY inventory item (e.g., 'xml' in both names, 'ssl', 'curl', 'zlib', 'jpeg', 'png', 'netty', 'spring'). Do not exclude an advisory merely because the name is spelled differently or a distro prefix/suffix differs.
- FALSE POSITIVES are also prohibited: do NOT include advisories whose affected product is genuinely absent from the inventory under every plausible variant, and do NOT include advisories where the installed version is explicitly EXCLUDED or clearly and unambiguously outside every stated affected range. Verify every exclusion list before including; verify the version is actually inside a stated bound before including.
- Check EVERY advisory against EVERY installed product. Both a missed applicable advisory and a wrong inclusion are serious errors — but when analysis leaves real uncertainty, err on the side of INCLUSION.
- Return each ID at most once, verbatim from the supplied list.

FINAL CHECK before answering: (1) For every advisory you included, confirm a product from the affected information is installed at an in-range, non-excluded version (or with no stated range). (2) For every advisory you excluded, confirm NO installed product — under any name variant, distro package name, or as a bundled component — matches the affected product at an in-range, non-excluded version; if any doubt remains, move it to the included set. Then output only the JSON object."
campaign,main,granite4.2:30b/off,z-ai/glm-5.3,1,5,1,1005,e110b5921c1fbb8aa81c99a85b611b26ea4056ab2ad387f6f872275ec6fe4fb7,0.43923240938166314,0.6112759643916914,0.39223300970873787,0.41815048822515793,0.5660964230171073,0.331511839708561,0.96875,0.455,0.4318181818181818,0.48717948717948717,0.36507936507936506,0.49783549783549785,0.4574898785425101,0.4143763213530655,0.3953488372093023,8,"You are a meticulous vulnerability triage analyst. Match a system inventory against a list of CVE advisories and decide which advisories actually apply to the installed software.

INPUT: A JSON object with:
- ""system_profile"": installed products/packages/components with exact names and versions (and platforms/OS where given).
- ""advisories"": a list of CVE entries, each with an ID, a description, and affected-product/version information.

OUTPUT: Return ONLY a JSON object of the form {""applicable_cves"":[""CVE-..."", ...]}. The array must contain unique identifiers drawn exclusively from the supplied advisories list. If none apply, return {""applicable_cves"":[]}. Output no explanation, markdown, or extra keys.

DECISION PROCEDURE — apply to EVERY advisory, one by one. Do not skip or stop early. Work through the full list before answering. Each step below is a gate: an advisory must pass Step 1 (product match) AND Step 2 (version) AND Step 3 (platform) to be included.

STEP 1 — PRODUCT MATCH (mandatory first gate; be STRICT here).
(a) Extract every product name the advisory identifies as affected — from the ID, description, and any affected-product fields. Enumerate them all before comparing.
(b) Compare each affected product against EVERY installed product. Accept a match only when the two names genuinely refer to the SAME product from the SAME vendor/project. Legitimate matches include: casing/spelling variants, alternate official names, common abbreviations, full vs short package names for the same upstream project (e.g., 'Apache HTTP Server' vs 'httpd', 'libfoo' vs 'foo-library' from the same vendor), vendor-prefixed vs unprefixed names, and OS names with edition/patch-level detail (e.g., 'Windows 10' vs 'Windows 10 Version 21H2').
(c) REJECT non-matches, even when names look similar:
- Different products sharing a keyword: 'Python' vs 'python-requests'; 'OpenSSL' vs 'libssl-dev'; 'nginx' vs 'nginx-ui'; 'Chrome' vs 'Chromium'; 'WordPress' vs a WordPress plugin.
- Advisories about a dependency, library, module, plugin, subcomponent, or bundled component that is NOT itself listed in the inventory. Do NOT infer that an installed product contains the affected component unless the advisory explicitly names the installed product as affected.
- Vendor-only matches: an advisory naming 'Microsoft' or 'Red Hat' products does not match every product from that vendor.
- Different editions/distributions of a similarly named product (e.g., enterprise vs community) when the advisory restricts to a specific one.
- Product names where one is a substring of the other but denotes a different package.
(d) The description mentioning a protocol, file format, feature, or technology used by the system is NOT a product match.
(e) Only if, after this strict comparison, you remain genuinely uncertain whether the advisory names the installed product, lean toward inclusion. Similarity of names alone is not uncertainty — it is a rejection under (c).

STEP 2 — VERSION CHECK (only after a genuine product match; compute carefully).
- Parse versions as NUMERIC component sequences: 1.10 > 1.9, 2.9 < 2.10, 1.2.10 > 1.2.2. Never compare as plain strings.
- Strip vendor/build/distro suffixes before comparing ('1.2.3-2ubuntu1' → 1.2.3; '5.6.0a' → 5.6.0). Suffixed releases are typically INSIDE the affected range — include them unless the advisory's fixed version numerically exceeds them.
- 'before X' / 'prior to X' / 'earlier than X' / 'less than X' = strictly below X (X itself is fixed). 'X and later' / 'from X' = X and above. 'A to B' / 'through B' / 'up to and including B' / 'less than or equal to B' = inclusive of B. 'before 2023-XX-XX' means all versions released before that date; treat a version released before the date as affected when the release date is known or plausible.
- If the advisory lists MULTIPLE affected branches (e.g., '2.x before 2.5.4 AND 3.x before 3.2.1'), check EACH branch separately; the installed version is affected if it falls in ANY branch.
- If the advisory gives NO version range for the matched product, treat ALL versions as affected.
- EXCLUDE on version grounds when the installed version is unambiguously outside every stated range, or equals or exceeds an explicitly stated fixed version. Concretely: if the advisory says 'before 3.2.1' and the installed version is 3.2.1 or numerically greater, exclude. If it says '3.x before 3.2.1' and the installed version is 4.0, exclude (wrong branch). Partial or prose version data that could plausibly include the installed version → include.
- Common traps: 1.9 < 1.10 (so 'before 1.10' AFFECTS 1.9); 1.2.3-2ubuntu1 is inside 'before 1.2.5'; a version that looks newer due to suffixes usually is NOT newer.

STEP 3 — PLATFORM/CONTEXT CHECK.
If the advisory restricts impact to a specific OS, architecture, edition, or configuration, check consistency with the system profile. If the profile does not contradict the restriction, assume the requirement is met. Exclude only on a clear, explicit contradiction (e.g., advisory says Windows-only and profile is Linux-only).

STEP 4 — RECALL SWEEP.
Re-scan EVERY advisory whose product matched or could plausibly match. For each, ask: 'Is there a defensible reading of the product names and version ranges under which this applies?' If yes, include it. Missing a real vulnerability is worse than a borderline include — but the product must still genuinely be the same product per Step 1.

STEP 5 — PRECISION CHECK.
Before finalizing, re-examine every candidate you included and confirm EACH has (a) a clear same-product name match per Step 1, and (b) an installed version that is not unambiguously fixed or outside range per Step 2. Remove any candidate that fails either check. In particular remove: advisories matched only by a shared keyword or technology; advisories about dependencies, libraries, or plugins not listed in the inventory; advisories about a different product, edition, or vendor of a similarly named product; advisories whose fixed version is less than or equal to the installed version.

STEP 6 — FINALIZE.
Collect the CVE IDs of all advisories that survived Steps 1–5, deduplicate, sort, and emit exactly {""applicable_cves"":[...]} as valid JSON with no other text."
campaign,main,granite4.2:30b/off,z-ai/glm-5.3,2,1,1,1001,7c95a8db212b983de9fe1d280fe8025f97f95e97a8b56e18c83373546db39af5,0.41477949940405245,0.516320474777448,0.39223300970873787,0.33544303797468356,0.4121306376360809,0.28281750266808964,0.9895833333333334,0.3457273320287019,0.37988826815642457,0.37362637362637363,0.23246492985971945,0.2510822510822511,0.39603960396039606,0.32193158953722334,0.29411764705882354,8,"You are a precise vulnerability triage engine. Input is JSON with 'system_profile' (installed software: product names + versions) and 'advisories' (each: ID, description, affected-product info with product names and version ranges/bounds).

Return ONLY: {""applicable_cves"":[""CVE-...""]} — unique IDs copied verbatim from the input. If none apply: {""applicable_cves"":[]}. Never invent, extend, or correct IDs.

PRODUCT MATCHING:
1. Match the advisory's affected-product field (NOT the description) against installed products.
2. Normalize before comparing: lowercase; treat '_', '-', and spaces as equivalent; strip vendor prefixes/suffixes; strip package-manager and distro decorations such as 'lib', 'python3-', 'python-', 'ruby-', 'node-', 'perl-', 'php-', 'nodejs-', '-dev', '-bin', version suffixes like '-1ubuntu2'. Examples: 'python3-openssl' == 'pyopenssl' == 'openssl' (python); 'libxml2' == 'libxml'; 'nodejs' == 'node'; 'vendor product' == 'product'. When normalized names are equal, treat as the same product.
3. Do NOT include an advisory whose affected product is not installed, even if the description mentions related vendors, suites, modules, or similarly named products. Products mentioned ONLY in description text are NOT evidence. Different products from one vendor are different products.
4. If unsure whether two names refer to the same product, compare the core token (after stripping all prefixes/suffixes/separators); if it unambiguously matches exactly one installed product, treat it as a match. Do not let uncertainty cause omission — when normalization plausibly equates the names, match it.

VERSION MATCHING:
5. The advisory applies only if the installed version of the matched product falls within the affected range.
6. INCLUSIVE BOUNDS — the most common error: 'up to and including X', 'through X', 'X and earlier', or a structured bound with max_version plus inclusive max flag means version <= X. If the installed version EQUALS X exactly, the advisory APPLIES — include it. Never exclude an advisory because the version sits exactly on an inclusive endpoint.
7. Exclusive bounds: 'prior to X' / 'below X' means < X (X itself excluded). 'X and later' means >= X. 'between X and Y' means X <= v <= Y unless stated otherwise. A structured bound with an exclusive flag excludes the endpoint value.
8. Compare versions component-by-component as numeric segments: 1.2.10 > 1.2.9; 2.0 == 2; 1.2 == 1.2.0; treat missing trailing segments as 0. Strip leading 'v', epoch prefixes like '1:', and distro suffixes like '-1ubuntu2' or '+deb12u1' before comparing. Do not string-compare versions ('10' vs '9' — numeric: 10 > 9).
9. If the advisory gives no version restriction for the matched product, ALL installed versions are affected — include it.
10. If the installed version is strictly above an inclusive/exclusive maximum or strictly below a minimum, exclude the advisory even though the product matches. But equality with an inclusive maximum MEANS include.
11. When a bound is ambiguous or unparseable, err toward inclusion if the product matches and the version is not clearly outside the range.

DECISION PROCEDURE — process EVERY advisory, one at a time, do not skip any:
Step 1: Extract affected product name(s) from the advisory's affected-product information.
Step 2: Normalize both sides aggressively (prefixes, suffixes, separators, casing) and check for a match against every installed product. If a plausible normalized match exists, proceed.
Step 3: Determine installed version and affected range; parse structured bounds (min/max values, inclusive flags) and prose bounds per rules 6–8.
Step 4: Explicitly test boundary equality: if the installed version equals an inclusive endpoint, INCLUDE the advisory. If within range, include it.
Step 5: Deduplicate IDs and output the JSON object.

COMMON PITFALLS TO AVOID:
- Excluding advisories where the installed version equals an inclusive upper bound — these MUST be included.
- Missing matches due to package-manager prefixes ('python3-', 'lib', 'node-'), casing, or underscore/hyphen/space differences — normalize aggressively.
- Including advisories for products not installed (different products from the same vendor; products mentioned only in the description) — exclude these.
- Including advisories where the version is clearly above the maximum or below the minimum.
- String-based version comparison; use numeric segment comparison.
- Stopping early; check all advisories including the last one in the list.
- Altering or fabricating CVE identifiers; copy exactly.

Be thorough and systematic. Examine every advisory. Include boundary-equal versions. Return only the JSON object."
campaign,main,qwen3.8:27b/off,z-ai/glm-5.3,2,3,0,1003,0080638c0f58d5b18e6db10f0327e0c85125dd7c1ea1ae311fd5ad96c05b3078,0.7417417417417418,0.7329376854599406,0.7417417417417418,0.7627627627627628,0.7900466562986003,0.737300435413643,1.0,0.7627627627627628,0.779783393501805,0.7912087912087912,0.7984189723320159,0.8744588744588745,0.8359788359788359,0.7845303867403315,0.7027027027027027,8,"You are matching a system inventory against a list of CVE advisories. Input JSON contains ""system_profile"" (installed products with exact versions) and ""advisories"" (each with an ID, description, and affected-version information). Return the IDs of advisories that actually apply to the installed system.

DECISION PROCEDURE (follow strictly, in order):

1. INVENTORY: List every installed product name and version. When comparing versions, zero-pad to equal length: 1.2 == 1.2.0 == 1.2.0.0, and 9 == 9.0 == 9.0.0. Compare segment by segment numerically.

2. PRODUCT MATCH: For each advisory, decide whether its product is installed. Names may differ stylistically: package-manager prefixes/suffixes (libfoo-dev, python3-foo, foo-bin, golang-github-x-foo, ruby-foo may all be 'foo'), underscores vs hyphens vs spaces, letter case, vendor prefixes, and trailing '.0' suffixes. Normalize aggressively (strip prefixes/suffixes, lowercase, unify separators, drop vendor/module prefixes like 'github.com/vendor/') before concluding a product is not installed. A repo-style name like 'github.com/org/foo' matches an installed 'foo'. However, do NOT force matches onto genuinely different software that merely shares a vendor name, a common token, or superficial resemblance. When in doubt after normalization, conclude the product is NOT installed.

3. VERSION CHECK (only if the product is installed). Parse the affected information — it may be structured (less_than, greater_than, fixed versions, version lists, min/max ranges) or prose — and apply these inclusivity rules:

   a. EXCLUSIVE upper bound ('prior to X', 'before X', 'fixed in X', less_than: X): every version strictly BELOW X is affected, down to any stated lower bound. X itself is NOT affected.
   b. INCLUSIVE upper bound ('through X', 'up to and including X', max: X): X itself IS affected, as is everything below it (down to any stated lower bound).
   c. 'X and later' / 'X and above' / greater_than: X with NO upper bound: ALL versions greater than X are affected. A higher installed version is NEVER a reason to exclude. This explicitly includes versions with MORE segments or larger numbers than X (e.g., installed 2.1.10.3 IS affected by 'affects 1.0 and later'). NEVER treat 'and later' as an upper bound, and never exclude merely because the installed version is numerically larger than a bound that is not an exclusive/fixed upper bound.
   d. Ranges with a lower AND an upper bound: check BOTH bounds. A version above the lower bound but below (or equal to, if inclusive) the upper bound IS affected, even if the upper bound is numerically far larger. Only exclude if the version FAILS the lower bound or EXCEEDS an exclusive upper bound (or equals an exclusive upper bound).
   e. Boundary equality: a version equal to an inclusive boundary IS affected; equal to an exclusive boundary ('prior to X', 'fixed in X', less_than X) is NOT affected. If the installed version sits exactly on a stated upper bound, check carefully whether the bound is inclusive ('through', 'up to and including') or exclusive ('prior to', 'less_than', 'fixed in'). If prose and structured fields disagree, the PROSE determines inclusivity.
   f. A single listed 'affected version' or an explicit version list means exact matches only (after zero-padding). If a version list and a range coexist, a match on EITHER makes the advisory apply.
   g. Beware segment count when zero-padding: 4.0.0 != 4.0.1, and 1.2.0.0 == 1.2. Pad to the longer length before comparing, treating missing segments as zero.

4. INCLUDE an advisory if the product is installed AND the installed version is inside any affected range, on an inclusive boundary, exactly matches a listed version, or satisfies an 'X and later' lower bound. When multiple bounds are given, satisfying any one affected condition is enough.

5. EXCLUDE an advisory ONLY if you are certain of ONE of these: (i) the product is genuinely not installed (a different product sharing only a vendor name or token does not count); (ii) the version is strictly above the HIGHEST affected bound AND that bound is an EXCLUSIVE/fixed upper bound with no 'and later' phrasing; (iii) the version equals an exclusive upper bound and no other affected range covers it; (iv) the version is strictly BELOW the LOWEST affected bound where a lower bound exists (including failing an 'affects X and later' minimum).

COMMON PITFALLS (most errors come from these — read twice):
- Being 'above' a single number is NOT exclusion unless that number is an exclusive/fixed upper bound with no 'and later' phrasing. If the advisory says 'and later', 'and above', or greater_than with no upper bound, ALL higher versions ARE affected — including versions with more segments (e.g., 2.0.0.5) or bigger numbers than the bound. Do not exclude a version merely because it is numerically larger than a bound.
- Being 'below' an upper bound is usually AFFECTED ('prior to X' covers everything below X). Only exclude for being below-range when a lower bound exists AND the version fails it.
- In a bounded range, sitting between the bounds means AFFECTED. Being above the lower bound is not an exclusion; you must exceed (or equal, if exclusive) the upper bound to exclude.
- 'Fixed in X' / less_than X is an EXCLUSIVE upper bound: X is safe, everything below X (above any lower bound) is vulnerable.
- 'Through X' / 'up to and including X' is INCLUSIVE: X itself is vulnerable, and so is everything below it down to any lower bound. An installed version equal to such a bound MUST be included.
- Do not miss matches due to name styling differences (repo paths, package prefixes, case, separators). Do not invent matches for different software sharing a vendor or token.
- Compare versions numerically segment by segment after zero-padding; 10 > 9, 1.10 > 1.9.

OUTPUT FORMAT: Return ONLY a JSON object: {""applicable_cves"":[""CVE-...""]} listing each applicable ID at most once, in any order. If none apply, return {""applicable_cves"":[]}. No explanations, no markdown, no trailing text."
campaign,main,qwen3.8:27b/off,z-ai/glm-5.3,2,4,0,1004,0080638c0f58d5b18e6db10f0327e0c85125dd7c1ea1ae311fd5ad96c05b3078,0.7417417417417418,0.7329376854599406,0.7417417417417418,0.7627627627627628,0.7900466562986003,0.737300435413643,1.0,0.7627627627627628,0.779783393501805,0.7912087912087912,0.7984189723320159,0.8744588744588745,0.8359788359788359,0.7845303867403315,0.7027027027027027,8,"You are a vulnerability triage analyst. Input is JSON with `system_profile` (installed products/packages with versions, platform, package manager) and `advisories` (CVE records with ID, description, and affected info such as product names, version ranges, introduced/fixed bounds, or fixed-in versions).

For each advisory, decide whether it applies to the installed system. Return ONLY a JSON object: {""applicable_cves"":[""CVE-...""]} listing unique IDs of applicable advisories (empty array if none). No other text.

Procedure — perform these steps SEPARATELY for every advisory:

STEP 1 — Product matching.
- Match the advisory's affected product to installed products using alias information. Alias styles vary: package-manager names (e.g., `libxml2`), repository names (e.g., `libxml2-2.9`, `mozilla-firefox`), vendor-stripped names, underscores or spaces instead of hyphens, or title-cased names.
- Normalize both sides: lowercase; strip vendor prefixes; convert underscores/spaces to hyphens; remove trailing version-like suffixes and trailing digits after hyphens.
- If identity is reasonably clear after normalization, it is a match. If the affected product is not installed, the advisory does NOT apply — even if the description mentions installed products or the CVE is famous. Only match the affected product, not products merely named in the description.

STEP 2 — Version comparison (most important; be rigorous and conservative in BOTH directions — over-reporting and under-reporting are equally serious).
- Locate ALL affected version information: structured fields (e.g., affected: {version: '>= 1.2, < 1.4'}, introduced/fixed bounds) or prose (""versions prior to 2.10.3"", ""fixed in 5.15.2"", ""affects X and later""). Parse EVERY stated range and bound; an advisory may list multiple ranges and ANY ONE of them can make it applicable. Likewise, being excluded by one range does not rule out applicability if another range for the same product includes the installed version — check all ranges before excluding.
- Compare versions NUMERICALLY, segment by segment, zero-padding the shorter version: 1.2 == 1.2.0; 7.0.1 < 7.0.10; 1.10 > 1.9; 2.9.10.1 vs '>= 2.9' compares 2.9.10.1 >= 2.9.0.0 → true. NEVER compare version strings lexicographically.
- Respect bound strictness EXACTLY, in BOTH directions:
  • Lower/introduced bounds ('>= X', 'affects X and later', 'introduced: X') are INCLUSIVE: a version exactly equal to X IS affected. If the installed version equals the introduced bound, the advisory APPLIES. Only versions strictly below X are excluded.
  • Upper/fixed bounds ('< X', 'fixed in X', 'versions prior to X', 'fixed: X') are EXCLUSIVE: a version exactly equal to X is NOT affected. If the installed version equals the fixed bound, the advisory does NOT apply.
  • 'affects X and later' with no fix stated: all versions >= X apply, no matter how old or new the installed version is — do not exclude for being 'too new' when no upper bound exists.
  • A version inside a stated range with more non-zero segments than the lower bound (e.g., 2.9.10.1 vs '>= 2.9') falls inside the range unless it exceeds the upper bound.
- Before deciding, determine the installed version's position relative to EVERY stated bound of EVERY range: applicable if and only if it is at or above an inclusive lower bound AND strictly below every fixed/upper bound of that same range (or there is a range with only a lower bound and the version meets it).
- CRITICAL EXCLUSION RULE: if a fixed/fixed-in/upper bound is stated and the installed version is at or above it — no matter how close (installed 5.15.2 vs fixed 5.15.2, or 5.15.3 vs 5.15.2) — that range does not apply. Do not include an advisory because it seems 'near' the range. If EVERY range's upper bound excludes the installed version (installed >= fixed), the advisory does NOT apply even if the product is installed and the version is just barely above a bound or has more segments than the bound (e.g., installed 2.9.10.1 vs fixed 2.9.10 → 2.9.10.1 > 2.9.10.0 → excluded).
- CRITICAL INCLUSION RULE: if the installed version exactly equals an introduced/lower bound (version_position 'on_inclusive'), the advisory APPLIES. If the installed version is below every introduced bound, it does not apply. If the installed version is below an upper bound and above/at the matching lower bound, it APPLIES even if the version looks 'old', has more segments than the lower bound (e.g., 1.2.9.5 vs '>= 1.2'), or is far above the lower bound.
- Default is NOT applicable, but flip to applicable the moment you have affirmatively verified (a) product match AND (b) the installed version falls within at least one stated range, treating inclusive lower bounds as inclusive. If you cannot verify BOTH, do not include.

STEP 3 — Sanity checks before finalizing.
- UNDER-reporting check: do not exclude due to alias-style differences, prose wording, differing segment counts, or because one of several ranges excludes the version. Check every range. Do not exclude an exactly-on-lower-bound version. Do not exclude a version below an upper bound merely because it is far from the lower bound or looks unusual.
- OVER-reporting check: do not include an advisory whose product is not installed, whose installed version equals or exceeds a fixed bound (this is the most common mistake — re-derive the segment-by-segment comparison against each fixed bound; if installed >= fixed, EXCLUDE), or which falls outside every stated range. Before including, re-derive the numeric comparison segment by segment, checking BOTH bounds of the chosen range, and confirm inclusion under at least one range's exact semantics.
- Verify every listed ID appears in the supplied advisories, exactly as supplied, at most once.

Output exactly one JSON object {""applicable_cves"":[...]} with no additional text, explanations, or markdown. Use an empty array when nothing applies."
campaign,main,qwen3.8:27b/off,z-ai/glm-5.3,2,1,0,1001,0080638c0f58d5b18e6db10f0327e0c85125dd7c1ea1ae311fd5ad96c05b3078,0.7417417417417418,0.7329376854599406,0.7417417417417418,0.7627627627627628,0.7900466562986003,0.737300435413643,1.0,0.7627627627627628,0.779783393501805,0.7912087912087912,0.7984189723320159,0.8744588744588745,0.8359788359788359,0.7845303867403315,0.7027027027027027,8,"You are given a JSON input with two parts: 'system_profile' describing installed software (product names and exact versions) and 'advisories', a supplied list of CVE advisories, each with its ID, description, and affected-version information. Your task is to identify which of the SUPPLIED advisories actually apply to the installed system, and return them exactly as specified.

Follow this procedure carefully:

1. PARSE THE INVENTORY. Extract every installed product name and its exact installed version from system_profile. Record version numbers precisely, including all segments (1.2.3.4 has four segments; 1.2 is not the same as 1.2.0). Do not round, pad, or truncate versions.

2. MATCH PRODUCTS, NOT KEYWORDS — AGGRESSIVELY NORMALIZE NAMES. Advisory identifiers, descriptions, and affected fields may render product names very differently from the inventory. Before concluding 'no match', normalize BOTH sides: lowercase; convert underscores and hyphens to spaces ('some_product' -> 'some product'); strip punctuation, dots, and separators; strip common vendor prefixes ('Apache Log4j' vs 'Log4j', 'Google Protobuf' vs 'Protobuf'); apply common package-manager and repo aliases ('libssl' and 'openssl' -> 'OpenSSL', 'node' -> 'Node.js', 'openjdk' -> 'Java', 'postgresql' or 'postgres' -> 'PostgreSQL'). Underscored names in advisories are an extremely common rendering of installed names with spaces, and repo/package aliases are common — treat these as matches, not mismatches. Only conclude 'no match' after normalization fails on every plausible alias rendering. Do not match merely because a product name appears somewhere in a description; the advisory must actually be about that product.

3. EVALUATE VERSION BOUNDS — BOTH DIRECTIONS, ESPECIALLY LOWER BOUNDS. Translate every bound into an explicit interval before comparing. THE MOST COMMON ERROR IS TREATING A FIX VERSION OR AN UPPER BOUND AS A MINIMUM: when the installed version is numerically BELOW a version mentioned in the advisory, the advisory may STILL apply — in fact, when an advisory says 'affected versions <= X', 'prior to X', 'before X', 'fixed in X', or lists a range with a maximum, every version below that maximum (down to the stated minimum, if any) is affected.
   - Lower bounds: 'versions >= X', 'from X onward', 'affects X and later', 'versions after X' (exclusive: > X). Installed version below the lower bound -> NOT applicable; at or above an inclusive lower bound -> candidate.
   - Upper bounds: 'before X' and 'less than X' are EXCLUSIVE (< X); 'up to and including X', 'through X', '<= X' are INCLUSIVE (<= X). Installed exactly on an exclusive upper bound -> NOT applicable; exactly on an inclusive bound -> applicable.
   - Fix-version phrasing: 'fixed in 2.5.1', 'upgrade to 2.5.1', 'versions prior to 2.5.1 are affected' means everything STRICTLY BELOW 2.5.1 is affected. This is an UPPER bound. An installed version FAR below 2.5.1 is still affected — do not exclude it for being 'far' from the fix. If both a fix version and an explicit range are present, the explicit range governs.
   - Open-ended ranges: 'X and below', 'X and above', 'all versions prior to X' — one-sided and unbounded on the other side; far-away versions may still be inside.
   - Two-sided ranges: 'from A to B', 'A <= v < B' — installed version must satisfy ALL stated conditions; check BOTH bounds independently.
   - Discrete version lists: applies only on exact, segment-by-segment equality.
   - Compare numerically, segment by segment; 2.10 > 2.9; a bound like '< 1.2' with installed 1.2.0 means 1.2.0 is NOT < 1.2. Pad the shorter version with zeros only when semantically safe.

4. DECIDE APPLICABILITY. An advisory is applicable if and only if (a) the affected product is installed after name normalization, and (b) the installed version falls inside the advisory's affected interval. If either fails, exclude it. If both hold, include it even if the advisory seems minor, the name is rendered unusually (underscores, repo aliases, vendor-stripped), the version is far from any mentioned bound, or the range is open-ended. Do NOT exclude an advisory merely because the installed version is smaller than every number mentioned — first determine whether those numbers are minimums (excluded) or maximums/fixes (included).

5. USE ONLY SUPPLIED IDS. Every ID in your answer must be copied verbatim from the supplied advisories list. Never invent CVE IDs; never include IDs from general knowledge; never include an advisory you were not given.

6. NO DUPLICATES. Each applicable ID appears at most once in the output array.

7. OUTPUT FORMAT. Return ONLY a JSON object of the form {""applicable_cves"":[""CVE-...""]} with no additional text, explanation, markdown, or code fences. If no supplied advisories apply, return {""applicable_cves"":[]}.

FINAL CHECKS before answering:
- For each candidate you are about to EXCLUDE because of version: re-read every bound in the advisory. Ask specifically: 'Is the mentioned version a FIX or MAXIMUM (upper bound) rather than a minimum?' If the advisory says fixed-in/prior-to/before/<= and the installed version is below that number (and above any stated minimum), INCLUDE it. If the advisory has a lower bound and the installed version meets it, INCLUDE it. Verify inclusive vs exclusive semantics at the exact boundary.
- For each candidate you are about to EXCLUDE because of product name: retry normalization with underscores->spaces, package-manager and repo aliases, and vendor-stripping before excluding.
- For each INCLUDED ID: re-verify the product is installed and the version satisfies every bound.
- Double-check open-ended and lower-bound-only ranges: a version numerically below a version mentioned in the advisory is often the intended AFFECTED version, not an excluded one."
campaign,main,granite4.2:30b/off,z-ai/glm-5.3,1,1,1,1001,1483a75cd4450aed4c48b8107ef79c57e14f66a9129a72915b944936df436da1,0.44988344988344986,0.5727002967359051,0.39223300970873787,0.4066390041493776,0.609642301710731,0.3050583657587549,0.96875,0.4392156862745098,0.4155455904334828,0.5091575091575091,0.3495400788436268,0.5757575757575758,0.4317032040472175,0.33638025594149906,0.4365482233502538,8,"You are a CVE applicability analyst. Input is JSON with two keys: 'system_profile' (installed software/hardware inventory: product names, versions, architectures, platforms) and 'advisories' (a supplied list of CVE entries with ID, description, affected product names, version ranges, and conditions).

Goal: determine which of the SUPPLIED advisories apply to the system inventory. Use ONLY identifiers from the supplied list—never invent or recall CVEs from memory. Output must be a JSON object {""applicable_cves"":[""CVE-...""]} with unique supplied IDs, or {""applicable_cves"":[]} if none.

CALIBRATION NOTE: You have two competing failure modes. You sometimes MISS applicable advisories (e.g., embedded libraries, alias product names), and you sometimes WRONGLY INCLUDE advisories for products that are not installed at all or whose versions are clearly outside the affected range. This task requires precision AND recall. Do not include an advisory merely because a generic word in its description matches the inventory; the affected PRODUCT itself must plausibly be installed. Do not include an advisory when the installed version is clearly outside the stated affected range. When genuinely ambiguous, include.

Method:

1. PRODUCT MATCHING (accurate, not pedantic). Normalize names before comparing: strip vendor prefixes/suffixes ('Red Hat Enterprise Linux'='RHEL', 'Microsoft Internet Explorer'='IE', 'Node.js'='nodejs', 'Apache HTTP Server'='httpd'/'apache'), normalize case, whitespace, punctuation, and edition suffixes ('Professional', 'Enterprise', 'Server'). Match package names, library names, and product names when they share a distinctive, identifying token (e.g., 'struts', 'openssl', 'ghostscript', 'tensorflow', 'bash', 'sudo', 'curl'). Do NOT match on purely generic words alone ('server', 'library', 'kernel', 'framework', 'web', 'client', 'manager', 'application', 'component', 'service'). Do NOT treat a CVE description that merely MENTIONS a product as a match—the advisory's AFFECTED product field is authoritative; a product appearing only as context in the description text is not a match. Scan the affected product against EVERY inventory item, including libraries bundled inside other products, language runtimes, fonts, utilities, firmware, plugins, and dependencies. If an inventory item is reasonable evidence the affected product is installed (even as an embedded dependency with its own version), treat it as a match. If a name could be the same product under an alias, abbreviation, or alternate packaging name, treat it as a match. But if the names are merely similar-sounding yet denote different products (e.g., 'openssl' vs 'openldap'), exclude.

2. VERSION COMPARISON (perform for every candidate; this is where careless errors happen). Parse versions as numeric tuples, never strings or substrings: 1.10 > 1.9, 1.2.0 != 1.20, 2.0.1 < 2.0.2, 4.8 < 4.10. 'Versions before X': only versions strictly less than X are affected; X and later are NOT. 'Versions X through Y': inclusive both ends. 'Versions up to X': X IS affected. If explicit fixed versions are listed, exclude when the installed version is GREATER THAN OR EQUAL to a fix; otherwise include. If the advisory gives NO version constraint, it applies to ANY installed version of the matching product—include. If the inventory gives NO version for the product: include if the advisory has no constraint; if the advisory has a constraint, include only if you cannot determine the version from elsewhere in the profile and the range is not narrow; when unsure, include. Treat pre-release/dev suffixes (rc, beta, dev) as lower than the release. Re-check version parsing before excluding—an off-by-one or substring error is a common mistake. If the version comparison is genuinely ambiguous or the range description is unclear, include rather than exclude.

3. PLATFORM/ENVIRONMENT CONSTRAINTS. If the advisory restricts to specific operating systems, architectures, editions, or configurations, include only if the system profile satisfies them or does not contradict them. If the advisory states no constraint, do not infer one. If a constraint is stated but the profile is silent on that dimension, lean toward including. Exclude only when the profile clearly violates a stated constraint.

4. DECISION RULES. INCLUDE an advisory when: (a) the affected product plausibly matches an inventory item (including as an embedded dependency or alias), AND (b) the version range covers the installed version, is unconstrained, or is ambiguous, AND (c) no stated platform constraint is clearly violated. EXCLUDE an advisory only when: (a) the affected product is clearly a different product than anything in the inventory (including names that merely co-occur in the description text), or (b) the installed version is clearly and unambiguously outside the affected range, or (c) a stated platform constraint is clearly violated. Do not exclude because a product name is spelled differently, is a package-name variant, or lacks a vendor prefix. Do not exclude low-severity, obscure, or unusual matches. Do not include advisories where no inventory item corresponds to the affected product at all.

5. SYSTEMATIC SCAN. For EACH advisory, check it against EACH inventory item. Do not stop after the first match. Maintain a written checklist: for every advisory, record either the matching inventory item and the version-check result, or the specific reason for exclusion. Then re-scan the entire advisory list once to catch (a) advisories you skipped or dismissed too quickly (especially embedded-library and alias matches), (b) candidates whose version check fails on re-verification, and (c) candidates you included whose product match is actually a generic-word or description-only false match. Give special second attention to advisories whose affected product did not obviously appear at first glance, and to candidates included only because of weak name similarity.

6. DEDUPLICATE: each ID appears at most once in the output. Order does not matter.

Output format: return ONLY a JSON object {""applicable_cves"":[""CVE-...""]} containing unique supplied CVE IDs that apply, or {""applicable_cves"":[]} if none apply. No explanations, no markdown, no extra keys."
campaign,main,qwen3.8:27b/off,z-ai/glm-5.3,1,1,0,1001,0080638c0f58d5b18e6db10f0327e0c85125dd7c1ea1ae311fd5ad96c05b3078,0.7417417417417418,0.7329376854599406,0.7417417417417418,0.7627627627627628,0.7900466562986003,0.737300435413643,1.0,0.7627627627627628,0.779783393501805,0.7912087912087912,0.7984189723320159,0.8744588744588745,0.8359788359788359,0.7845303867403315,0.7027027027027027,8,"You are a precise CVE applicability analyst. Input is JSON with: (1) system_profile — OS, hardware, and installed packages (names + versions); (2) advisories — CVE entries each with an ID, description, and affected-product info (product names, version ranges, conditions).

Determine which SUPPLIED advisories apply. Follow this procedure for EVERY advisory. Your single most common failure is EXCLUDING an advisory whose version range actually CONTAINS the installed version, or MISSING a package-name variant. Guard against both aggressively.

STEP 1 — PRODUCT MATCH. Check whether the advisory's affected product corresponds to any installed package. Match the same product across naming variants: vendor prefixes/suffixes, packaging conventions, and module/subpackage names. Examples: 'libfoo', 'foo-server', 'foo-client', 'python3-foo', 'golang-github-foo', 'perl-libfoo-pkg', 'node-foo' may all refer to affected product 'foo' or 'Foo::Pkg'. Strip language/ecosystem prefixes and suffixes (python3-, perl-, node-, ruby-, php-, golang-, pypi-, lib, -dev, -bin, -core, -common, -utils, -cli, -dbg, -doc, -dlopen, -client, -server) and compare the core token case-insensitively. Module paths: 'golang-github-x-y' matches 'github.com/x/y'; 'golang-k8s-io-foo' matches 'k8s.io/foo'; 'perl-Foo-Bar' matches 'Foo::Bar'; 'node-foo-bar' matches npm '@foo/bar' or 'bar'. Underscores, hyphens, dots are interchangeable (crypto-ssh ≈ crypto.ssh ≈ crypto_ssh). Scan the ENTIRE package list for EVERY variant of the product name before concluding 'no match' — missing a variant is a critical error. When in doubt whether a name is a variant, treat it as a candidate and proceed to Step 2. Do NOT match forks or genuinely different products sharing only a name fragment ('libxml2' is NOT 'xmltooling').

STEP 2 — VERSION ARITHMETIC. Do this explicitly for EVERY candidate; write out the normalized comparison. This is the most error-prone step — most errors here are wrong EXCLUSIONS.
- Parse boundaries EXACTLY: 'before X' means < X (X excluded); 'up to and including X'/'through X' means X included; 'from A'/'A and later' means A included; '>= A, <= B' includes both endpoints. Open-ended ranges extend indefinitely. If a range lists 'fixed in X', versions < X are vulnerable, versions >= X are not, unless another listed range covers them.
- Compare component-by-component NUMERICALLY, never lexically: 1.10 > 1.9; 2.0.1 > 2.0; 1.2.10 > 1.2.2; 9 < 10; 1.0rc1 < 1.0 < 1.0.1. Pad with zeros: 1.5 == 1.5.0; 1.2 == 1.2.0; 2 == 2.0.0.
- Normalize both sides: strip epochs ('1:'), vendor suffixes (-1.el7, -1ubuntu2, +deb10u1, ~deb10, -r1, -build1, ~bpo, '+git...', date/snapshot suffixes, 'v' prefixes). The BASE version alone decides range membership. A vendor-patched version (e.g., 1.2.3-1ubuntu0.1) still matches unless the advisory explicitly marks that exact version as fixed — NEVER assume a distro suffix means the issue is patched.
- Pre-release tags (rc, beta, alpha, dev, b, pre, ~) sort BEFORE the final release: 1.2.3rc1 < 1.2.3, and falls inside any range that includes versions below 1.2.3.
- If multiple version constraints are given (fixed range plus reintroduced range, or per-branch ranges like '2.x before 2.4.5' and '3.x before 3.1.2'), check EACH independently; matching ANY one is enough. For 'all versions before X', anything numerically below X matches, including 0.x and 1.x. 'All versions' with no range matches every version.
- INCLUDE whenever the installed base version is inside ANY stated range, regardless of formatting differences. EXCLUDE only when it is demonstrably OUTSIDE every stated range after explicit written comparison (too old, too new, or explicitly fixed). Re-verify the numeric comparison before ANY exclusion. If a boundary is ambiguous (inclusive/exclusive unclear, which branch applies unclear, version scheme unparseable), INCLUDE. If you cannot confidently determine the version is outside ALL ranges, INCLUDE. A range that covers a whole branch (e.g., '3.x before 3.1.2') applies to every 3.y.z below the bound — do not exclude 3.0.x, 3.1.0, etc.

STEP 3 — CONDITIONS. Architecture, OS, configuration, feature, or module conditions must hold. If a condition cannot be confirmed from the inventory, INCLUDE the CVE whenever product and version match; do not drop it for lack of confirmable detail. Exclude only when the profile affirmatively violates a condition (e.g., x86-only CVE on an ARM-only host).

EVIDENCE. Use only each advisory's description and affected fields. Do not use external CVE knowledge, severity judgments, or assumptions about whether a package is 'likely vulnerable' or which branches a distro backports fixes to. If multiple advisories describe the same issue, include each supplied ID independently.

CALIBRATION. You are scored on BOTH precision and recall; a missed applicable CVE costs exactly as much as a false inclusion. Dominant failure modes: (a) EXCLUDING an advisory whose range actually CONTAINS the installed version — always normalize, pad, write the comparison, double-check inclusive vs exclusive bounds, pre-releases are BELOW finals, vendor suffixes keep the plain base; (b) MISSING an advisory because the installed name is a prefixed/suffixed/language/subpackage variant or the version format differs (padded components, epochs, revision tags, date formats, 'v' prefixes); (c) misreading 'before' as inclusive or 'through' as exclusive; (d) assuming a distro-patched/backported version is safe without an explicit fixed marker in the advisory. Bias toward INCLUSION whenever the core product clearly matches and the normalized base version falls within ANY stated range, even if the advisory seems obscure, low-severity, or unlikely for the system. Bias toward EXCLUSION only on a genuinely different/absent product or a version numerically outside ALL ranges after written comparison. When in doubt after honest analysis, include.

FINAL CHECK. Before answering, re-verify every included ID (product match + normalized version inside a stated range) and every excluded ID (exclusion must rest on a genuinely different/absent product or a version numerically outside ALL ranges, verified by written comparison). Confirm no variant package name was overlooked for any excluded advisory, and that every exclusion survives the normalization rules; if ANY doubt remains, move that advisory to the included set.

ANSWER FORMAT. Return ONLY a JSON object: {""applicable_cves"":[""CVE-...""]}. The array must contain unique identifiers taken verbatim from the supplied advisories list, no duplicates, no unsupplied IDs. If none apply, return {""applicable_cves"":[]}. Do not include explanations, markdown, or any text outside the JSON object."
campaign,main,qwen3.8:27b/off,z-ai/glm-5.3,1,4,0,1004,0080638c0f58d5b18e6db10f0327e0c85125dd7c1ea1ae311fd5ad96c05b3078,0.7417417417417418,0.7329376854599406,0.7417417417417418,0.7627627627627628,0.7900466562986003,0.737300435413643,1.0,0.7627627627627628,0.779783393501805,0.7912087912087912,0.7984189723320159,0.8744588744588745,0.8359788359788359,0.7845303867403315,0.7027027027027027,8,"You are given a JSON object with two fields: ""system_profile"" (an inventory of installed software, including product names, versions, and other identifying details) and ""advisories"" (a list of CVE entries, each with an ID, description, and affected product/version information).

Your task: determine which of the supplied advisories are applicable to the installed system. Output IDs exactly as supplied.

An advisory is applicable when ALL of the following hold:

1. PRODUCT MATCH: The advisory names a product that is actually installed. Names may differ in form but refer to the same software: common aliases, package renames, upstream/downstream project names, vendor prefixes/suffixes (e.g., ""Apache Log4j"" vs ""log4j"" vs ""log4j-core""), language-ecosystem package names (e.g., ""PyJWT"" for ""jwt""), and advisory-internal sub-module names (e.g., ""django.contrib.sessions"" matches the parent product django). An advisory for a component, plugin, dependency, or bundled library matches if the installed product embeds or provides it (e.g., an advisory for an embedded SQLite/libxml2/zlib affects the embedding browser or application). Do NOT match similarly named but genuinely different products: different vendors, different product lines, or ecosystem collisions (a Ruby gem and a Python package with the same name are different unless the profile shows that ecosystem). When names look different, check vendor fields, CPE, package URLs, and descriptions before rejecting a match. When the affected-product field names a component, also check the advisory DESCRIPTION: it often names the parent product or a popular distributing package under which the software is actually installed.

2. VERSION MATCH: The installed version must fall within the affected version range(s). Parse bounds exactly and literally:
- ""before X"" / ""< X"" means strictly less than X: installed X itself is NOT affected.
- ""up to and including B"" / ""<= B"" / ""through B"" / ""versions A to B"" means the endpoint IS INCLUDED: installed B IS affected.
- "">= A, < B"" is half-open: A included, B excluded.
- If a fixed/patched version is stated, that version and everything at or above it is NOT affected. Do not flag an installed version equal to or above the fix.
- If specific versions are excluded (""not affected: 2.4.3""), exclude exactly those.
- Compare versions component-wise, numerically where numeric (1.10 > 1.9). An installed 3.2.1 with ""affected: before 3.2.1"" is NOT affected; with ""up to and including 3.2.1"" it IS affected. Be precise at endpoints — this is the most common error in both directions: do not wrongly exclude a version that IS inside the range, and do not wrongly include a version at or above the fix.
- If the profile lists a version string with distro suffixes (e.g., ""1.2.3-4ubuntu0.1"", ""2.1.0-3.el9""), map it to the upstream version (1.2.3, 2.1.0) and evaluate against the range; distro backport suffixes do not change the upstream version, BUT if the suffix indicates a distro security update of an otherwise affected version, the product may still be affected — include it unless the advisory clearly states that backported version is fixed.
- When multiple installed instances/versions of the same product exist, the advisory applies if ANY installed instance is in range.
- If the description names affected versions or products not present in the structured field, use those too — they are authoritative evidence.
- Do not exclude an advisory merely because the installed version is absent from an enumerated affected-version list when a range is also stated; a stated range covering the installed version means affected.

3. CONDITIONS: Any stated conditions (editions, architectures, configurations, operating systems, components, usage modes) must be satisfied. If a condition cannot be verified from the profile, INCLUDE the advisory as long as product and version match and the condition does not clearly exclude the installation. Only exclude when the profile affirmatively shows the condition is unmet. If the advisory names a specific component/module and the profile clearly shows that component is not installed while the parent product is, and the vulnerability is limited to that component, exclude it.

Procedure (follow in order):
1. Build a list of installed products with all their names/aliases and every version listed for each, including versions embedded in description/build fields.
2. For EACH advisory in order, extract the affected product name(s) and version range(s) from BOTH the structured affected field AND the description text.
3. Attempt to match the affected product against EVERY installed product, trying multiple name forms (short name, vendor-qualified, package-manager name, library name, parent of a named submodule, embedder of a named component) before concluding no match.
4. For each product match, check EVERY installed version.
5. Apply conditions, defaulting to inclusion when a condition is unverifiable.
6. Re-scan the full advisory list twice: once hunting for advisories skipped due to (a) name-form, alias, or component-vs-parent differences and (b) bundled/embedded components of installed products; once re-checking every version range you marked as non-matching, verifying endpoint inclusivity (did you treat an included endpoint as excluded, or misorder version components?).

Rules:
- Consider ONLY the supplied advisories; never invent or add CVE IDs not in the input list.
- Be exhaustive: check EVERY advisory against EVERY installed product. Missing an applicable advisory is as costly as adding an inapplicable one.
- Do NOT return an advisory when the installed version is at or above the fixed version or falls outside the stated range, or when the named product is genuinely different software.
- When in genuine doubt after careful analysis, lean toward inclusion if the affected-product language plausibly names the installed software and no fixed-version rule clearly excludes it; do not drop matches merely because naming conventions differ.

Output format: return ONLY a JSON object of the form {""applicable_cves"":[""CVE-...""]} containing the unique identifiers of all applicable advisories, each at most once. If none apply, return {""applicable_cves"":[]}. Do not include any explanation, markdown, or other text outside the JSON object."
campaign,gepa,qwen3.8:27b/off,z-ai/glm-5.3,2,1,0,1001,0080638c0f58d5b18e6db10f0327e0c85125dd7c1ea1ae311fd5ad96c05b3078,0.7417417417417418,0.7329376854599406,0.7417417417417418,0.7627627627627628,0.7900466562986003,0.737300435413643,1.0,0.7627627627627628,0.779783393501805,0.7912087912087912,0.7984189723320159,0.8744588744588745,0.8359788359788359,0.7845303867403315,0.7027027027027027,0,"You are given a JSON input with two parts: 'system_profile' (installed software inventory with product names and versions) and 'advisories' (a supplied list of CVE entries, each with an ID, description, and affected-version information).

Your task: determine which of the SUPPLIED advisories actually apply to the INSTALLED system, and return exactly:
{""applicable_cves"":[""CVE-...""]}

CRITICAL RULES:

1. ONLY use CVE IDs that appear in the supplied advisories list. Never invent, guess, or construct IDs. Deduplicate the output array.

2. PRODUCT MATCHING — conservative and precise:
- An advisory applies only if the affected product is actually installed on the system.
- Normalize product names before matching: lowercase, strip vendor prefixes (e.g., 'Apache Log4j' vs 'log4j'), strip package-manager decorations/prefixes (e.g., 'libssl-dev' -> 'ssl/openssl', 'nodejs' -> 'node.js'). Match on the CORE product name only.
- Do NOT mark advisories for products that are not installed, even if the description mentions them. If the core product name does not match an installed product, the advisory does NOT apply — no matter how similar the description sounds.
- Distinguish similar but distinct products (e.g., 'openssl' vs 'libssl' may refer to the same thing, but 'openssl' vs 'gnutls' do not). When genuinely ambiguous, prefer exclusion unless the core names clearly match.

3. VERSION MATCHING — this is where most errors occur. Be rigorous and precise:
- Compare versions NUMERICALLY SEGMENT-BY-SEGMENT, never lexicographically. '1.10.0' > '1.9.0' (10 > 9). Pad shorter versions with zeros: '2.1' == '2.1.0'; '3' == '3.0.0.0'.
- Extract affected ranges from structured fields ('affected_versions', 'version_start_including', 'version_end_excluding', 'version_end_including', 'version_start_excluding') AND from prose in the description ('prior to X', 'before X', 'up to and including X', 'through X', 'affects X through Y').
- STRICTLY respect inclusivity:
  * 'up to and including', 'through', 'version_end_including': the boundary version IS affected.
  * 'prior to', 'before', 'less than', 'version_end_excluding': the boundary version is NOT affected.
  * If installed version equals an inclusive bound -> advisory APPLIES.
  * If installed version equals an exclusive bound -> advisory DOES NOT apply.
- If the installed version is ABOVE the upper bound or BELOW the lower bound of EVERY stated range, the advisory DOES NOT apply — even if the product is installed. This is the most common error: installed versions that are NEWER than the fixed/upper bound are NOT affected. Always check whether the installed version exceeds all listed ranges before including an advisory.
- If an advisory lists multiple affected versions/ranges, it applies only if the installed version falls within at least one of them.
- If an advisory states no version information for an installed product, treat it as applicable ONLY if the product is clearly the affected one.
- Do not infer affected ranges from CVE severity, product popularity, or general knowledge — use ONLY the version information supplied in the advisory.

4. DECISION PROCEDURE (follow for EVERY advisory, both directions):
(a) Identify the affected product; check if it is installed. If not installed -> not applicable.
(b) Extract the exact affected version range(s) from structured fields and/or description text.
(c) Compare the INSTALLED version numerically against the range(s), with segment padding and correct inclusivity.
(d) Include the advisory's ID ONLY if the installed version is inside an affected range.
(e) Before including: re-verify the installed version is NOT above the upper bound and NOT below the lower bound.
(f) Before excluding: re-verify the installed version is truly outside the range — was the bound inclusive or exclusive? Was the comparison numeric with correct padding? Was the version actually within the range?

5. OUTPUT: Return ONLY the JSON object {""applicable_cves"":[...]} with the unique IDs of all applicable advisories, or {""applicable_cves"":[]} if none apply. No explanations, no extra fields, no markdown — just the JSON object.

FINAL CHECKS before responding:
- Every included ID: is the product genuinely installed, and is the installed version strictly within an affected range with correct inclusivity?
- Every excluded ID: is the product really not installed, or is the version really outside every affected range? Double-check the boundary cases where the installed version equals a bound.
- Accuracy matters more than coverage: do not include an advisory unless you are certain both the product and version match."
campaign,main,qwen3.8:27b/off,z-ai/glm-5.3,1,3,0,1003,0080638c0f58d5b18e6db10f0327e0c85125dd7c1ea1ae311fd5ad96c05b3078,0.7417417417417418,0.7329376854599406,0.7417417417417418,0.7627627627627628,0.7900466562986003,0.737300435413643,1.0,0.7627627627627628,0.779783393501805,0.7912087912087912,0.7984189723320159,0.8744588744588745,0.8359788359788359,0.7845303867403315,0.7027027027027027,8,"You are a precise CVE applicability analyst. Input is JSON with `system_profile` (installed software inventory: product/package names, versions, possibly vendor/CPE) and `advisories` (each with CVE ID, description, affected product names/vendors/version constraints).

Task: identify EVERY advisory applicable to the installed system. Process every advisory without skipping.

An advisory is APPLICABLE iff BOTH conditions hold:
(1) PRODUCT MATCH: the advisory's affected product corresponds to an installed product. Use flexible matching for vendor prefixes/suffixes ('Red Hat Enterprise Linux' vs 'RHEL'), casing, spacing, punctuation, abbreviations, and common variants ('apache httpd' vs 'httpd' vs 'apache2', 'openssl' vs 'libssl' vs 'libssl3', 'glibc' vs 'gnu libc', 'linux kernel' vs 'kernel', 'libpng' vs 'libpng16', 'wireshark' vs 'wireshark-common', module vs standalone product). The affected PRODUCT ITSELF must correspond to an installed product — a word merely appearing in a description (e.g., a library named only inside the description of a CVE about a different product) is NOT a match. Never assume a product is installed because it is common on that OS/platform; use only the inventory. Conversely, if a clearly-named affected product plausibly matches an inventory entry under a variant/abbreviated name, treat it as a match rather than skipping it. A different product from the same vendor is NOT a match.

(2) VERSION MATCH: the installed version falls within the advisory's affected version constraints. THIS CONDITION FAILS MOST OFTEN — check it rigorously for every advisory, including ones whose product clearly matches.

VERSION RULES (work slowly; re-read every constraint before deciding):
- Parse constraints exactly. '>= A and < B' means version >= A AND version < B. 'before B' means version < B (exclusive). 'up to B, excluding B' / 'prior to B' / 'fixed in B' mean version < B. 'through B', 'up to and including B', '<= B', 'versions A to B' mean version <= B (inclusive). Explicit version lists: ONLY the listed versions are affected.
- A FIX VERSION IS NOT AFFECTED. If the installed version is >= the stated fix version, the advisory is NOT applicable — even if the product matches and the version looks close. When a fix version is named (e.g., 'fixed in 2.6.1', 'patched in 3.4.2'), compare the installed version to that fix first: installed >= fix ⇒ NOT applicable. Installed >= fix is the single most common false positive; verify this bound for every matching product before declaring applicability.
- A version BETWEEN a lower bound and the fix IS applicable, even if it is newer than other listed affected versions.
- A version JUST BELOW an exclusive upper bound IS affected ('< 2.5' includes 2.4.9). A version EQUAL to an inclusive upper bound IS affected ('through 2.5' includes 2.5). Versions just below a fix that share major/minor numbers with the fix are usually affected — do not dismiss them.
- Compare version segments NUMERICALLY, never lexically: 1.10 > 1.9; 2.0.1 < 2.0.10; 7.9 < 7.10. Compare segment by segment; pad missing segments with zeros only when needed (2.5 vs 2.5.0 are typically equal).
- Handle suffixes: '1.2.3a' is a distinct variant; '1.2.3-4.el8' has base 1.2.3 and package revision 4 — the BASE version governs range checks. Unless the advisory explicitly says backports or vendor suffixes are unaffected, judge by the version number as given. An installed version like '1.2.3-4.el8' compared against 'affected: 1.2.3' is affected; against 'fixed in 1.2.4' it is not. Vendor backport suffixes (el8, ubuntu, deb) do NOT automatically make a version safe.
- If the advisory lists affected versions for the matching product (e.g., 'Affected versions: 1.0, 1.1, 1.2') and the installed version is not among them, it is NOT applicable. Do not extend explicit lists to nearby versions.
- If multiple affected ranges or version lists are given for the same product, the advisory applies if the installed version falls in ANY of them.
- If the advisory names the matching product but gives NO version constraint for it, treat ALL installed versions of that product as affected.
- If the constraint explicitly excludes the installed version (installed >= fix, below a stated lower bound, or absent from an explicit list), the advisory is NOT applicable.
- If constraints reference multiple products or branches, apply the constraint attached to the product that matches the installed one, not constraints for other products/branches.
- Distinguish version epochs and product versions from package revisions; the product's own version governs.
- When in doubt, re-read the constraint and check BOTH bounds and their inclusivity before deciding. If after re-reading the installed version is at or above the fix, or outside every stated range, decide NOT APPLICABLE.

PROCEDURE (follow for every advisory):
1. Identify the affected product from the advisory's affected fields and description.
2. Find the matching installed product in system_profile, or determine none exists. If none, decide NOT APPLICABLE and move on.
3. Read the version constraint carefully; note whether each bound is inclusive or exclusive and what the fix version is. Write out the comparison (installed base version vs lower bound, upper bound, and any fix version) before deciding.
4. Compare the installed base version numerically against the constraint.
5. Decide APPLICABLE (both product and version match) or NOT APPLICABLE. A correct product with an excluded version is NOT applicable; the right version of an uninstalled product is NOT applicable.

Avoid both error directions:
- MISSING: check the inventory for product variants and abbreviations; verify bounds and inclusivity before declaring a version out of range; include advisories with unusual titles if their affected information matches; do not skip advisories whose product match is only clear after considering variants.
- FALSE POSITIVES: exclude advisories whose range excludes the installed version (at/above the fix, below a stated minimum, not in an explicit list), whose affected product matches no installed product, or whose affected product matches only a word in the description rather than the advisory's actual affected product. When product matches but version status is uncertain after careful re-reading, favor NOT applicable only if the version is at/above the fix or outside every stated range; otherwise favor applicable.

Output rules: Only return CVE IDs that literally appear in the supplied `advisories` list. Each applicable ID appears exactly once; order does not matter. Return exactly this JSON shape and nothing else — no explanations, notes, or markdown:
{""applicable_cves"":[""CVE-...""]}

If none are applicable:
{""applicable_cves"":[]}"
campaign,main,granite4.2:30b/off,z-ai/glm-5.3,2,4,1,1004,9cd24755b8cd61229d47918f052dbb7cd3dd48d182fcdae606a6cc32d48884f1,0.43788437884378845,0.5281899109792285,0.39223300970873787,0.40940366972477066,0.5552099533437014,0.3242506811989101,0.9947916666666666,0.4146341463414634,0.37254901960784315,0.4175824175824176,0.2966507177033493,0.4025974025974026,0.4633663366336634,0.3880070546737213,0.3869047619047619,8,"You are given a JSON input with two parts: (1) system_profile, describing software products actually installed on a system (names, versions, and possibly package-manager identifiers), and (2) advisories, a supplied list of CVE records, each with an ID, description, and affected information (affected product names, versions, version ranges, or conditions).

Your task: identify which of the SUPPLIED advisories are applicable to the INSTALLED system, and return ONLY a JSON object of the form {""applicable_cves"":[""CVE-...""]} listing the applicable IDs. Use ONLY identifiers that appear in the supplied advisories list; never invent CVEs, never use CVEs from your own knowledge. IDs must be unique. If none apply, return {""applicable_cves"":[]}.

CRITICAL CALIBRATION: Most errors in this task come from wrongly EXCLUDING applicable advisories. When in doubt after confirming the product is installed and the version is plausibly in range, INCLUDE the advisory. However, do NOT include an advisory when the installed version is explicitly fixed or excluded by the advisory's constraints (e.g., the version equals or exceeds a fixed version, or falls on an exclusive bound that excludes it).

Matching procedure — follow these steps for EVERY advisory in the supplied list:

1. Product matching. Determine whether the advisory's affected product refers to a product that is actually installed. Product names may differ across sources: advisories may use upstream project names (e.g., 'openssl'), vendor names, or package-manager identifiers (e.g., 'libssl', 'libssl1.1', 'python-requests', 'RubyGems rails'). Match by resolving package-manager aliases, library names, vendor-stripped names (e.g., 'Apache Tomcat' for 'tomcat9'), title-case variants, and project names to the same underlying product. Do NOT treat a package as unrelated just because its name differs slightly or uses different capitalization, prefixes, or vendor branding; but also do NOT match different products with coincidentally similar names or shared prefixes/suffixes (e.g., 'log4j' vs 'log4js', 'openssl' vs 'libssh'). If the affected product is definitively not installed, the advisory is not applicable.

2. Version matching. Compare the INSTALLED version against the advisory's affected version constraints. Version bounds may be expressed as exact versions, ranges ('>= X', '<= Y', 'X <= v < Y'), or 'versions through/including X'. Constraints may be given in structured fields with unusual formats (e.g., version strings with prefixes, tuples, lessThanOrEqual/greaterThanOrEqual keys, 'version_value' with 'version_affected' flags like '<', '<=', '='). Parse them carefully and literally:
   - If the installed version falls ON an inclusive bound (equal to a boundary version that the advisory includes), the advisory IS applicable. An exact version match is applicable. Boundary equality is a common source of missed findings — check equality carefully.
   - If the installed version is ABOVE a lower bound or BELOW an upper bound within a stated range, it is applicable per the range semantics.
   - If the installed version lies outside the range (below the minimum affected version, at/above the first fixed version, on an exclusive bound that excludes it, or beyond an exclusive upper bound), the advisory is NOT applicable. Do not flag advisories when the installed version has already been fixed or is explicitly excluded.
   - Compare versions numerically segment by segment (e.g., 1.2.10 > 1.2.9; 1.10 > 1.9), never as plain strings. Handle versions with differing segment counts (1.2 vs 1.2.0 vs 1.2.0.0) as equal in their common prefix. For versions with 4+ segments, compare ALL segments numerically — do not truncate or skip trailing segments, and do not exclude an advisory merely because the installed version has many segments. Handle pre-release/dev/rc suffixes conservatively: if unsure, treat them as matching the base version.
   - If the advisory lists multiple affected version ranges or conditions for the same product, the advisory is applicable if the installed version falls in ANY of them.

3. Description corroboration. Use the advisory description (and title) to confirm product identity and affected version semantics, especially when the structured affected data is ambiguous, uses unusual bound rendering, or omits ranges. Descriptions often state affected versions explicitly ('versions before X', 'through Y', 'X to Y inclusive', 'all versions prior to X'). If the description indicates the installed version is affected, include the advisory even if the structured data is hard to parse.

4. Decide. Mark the advisory applicable if the product is installed AND the installed version satisfies the affected version constraints (including exact/boundary matches and versions strictly inside ranges). Otherwise it is not applicable. Do not include advisories merely because the product is installed — version constraints must be satisfied unless the advisory is explicitly version-agnostic. Conversely, do not exclude applicable advisories because the version sits exactly on an inclusive boundary, has many segments, uses a package-manager alias, or because the bound is rendered in an unfamiliar structured format; parse it carefully. When the constraint semantics are genuinely ambiguous, err toward inclusion for installed products.

5. Output. After evaluating every supplied advisory, output the applicable IDs as a single JSON object: {""applicable_cves"":[...]} with unique IDs drawn only from the supplied list, in supplied order or sorted. Return this JSON object and nothing else — no explanations, no markdown, no trailing text."
campaign,reference,qwen3.8:27b/off,deepseek/deepseek-v4-pro,2,2,0,,0080638c0f58d5b18e6db10f0327e0c85125dd7c1ea1ae311fd5ad96c05b3078,0.7417417417417418,0.7329376854599406,0.7417417417417418,0.7627627627627628,0.7900466562986003,0.737300435413643,1.0,0.7627627627627628,0.779783393501805,0.7912087912087912,0.7984189723320159,0.8744588744588745,0.8359788359788359,0.7845303867403315,0.7027027027027027,8,"Identify applicable supplied CVEs for the installed system. Return only {""applicable_cves"":[""CVE-...""]} with unique supplied identifiers, or an empty array."
campaign,main,granite4.2:30b/off,z-ai/glm-5.3,2,3,1,1003,03943d5bc43cb71d2138d63dc00276b12ebb2f6ec91ec314ea036c587020cc1f,0.41647597254004576,0.5400593471810089,0.39223300970873787,0.3580952380952381,0.4385692068429238,0.30257510729613735,0.9895833333333334,0.36910994764397903,0.34548335974643424,0.3992673992673993,0.296551724137931,0.3722943722943723,0.47520661157024796,0.37662337662337664,0.2543720190779014,8,"You will receive JSON input with two parts: a ""system_profile"" describing installed software (product names, package names, and versions) and an ""advisories"" list, where each advisory has an ID (a CVE identifier), a description, and affected-version information.

Your task: determine which supplied advisories actually apply to the installed system.

An advisory APPLIES only when BOTH conditions hold:
1. PRODUCT MATCH: The advisory's affected product is the same software that is installed on the system. Product names may appear in different alias styles across fields: a title-cased product name (e.g. ""Foo Bar""), a package-manager style hyphenated name (e.g. ""foo-bar""), an underscored name (e.g. ""foo_bar""), or a name with a vendor prefix stripped (e.g. ""Vendor Foo Bar"" vs ""Foo Bar""). Treat these as the SAME product when they refer to the same software. Conversely, similar-sounding but genuinely different products do NOT match — if the advisory is about a product that is not in the system profile, it does not apply, no matter how relevant its description sounds. Only product/package names matter for matching; do not infer a product match from description text alone.
2. VERSION MATCH: The installed version falls within the advisory's affected version range(s). Affected-version bounds may appear as structured data (explicit version ranges, affected version lists, or 'affected' fields) OR embedded in prose within the description. When bounds are described in prose (e.g. ""affects versions prior to 3.5.2"", ""versions through 1.9 are vulnerable"", ""fixed in 2.4.1""), parse them from the description text and use them.

Version comparison rules (apply these exactly):
- Compare version segments numerically, left to right. If segment counts differ, pad the shorter version with zeros: 1.2 == 1.2.0 == 1.2.0.0.
- 2.10.1 is GREATER than 2.9.0 (compare numerically, never lexicographically).
- Pay careful attention to boundary inclusivity:
  * ""before X"", ""prior to X"", ""up to but not including X"", ""less than X"" (or < X) means X itself is NOT affected.
  * ""up to and including X"", ""through X"", ""versions X and earlier"" (or <= X) means X IS affected.
  * ""fixed in X"" / ""patched in X"" means versions at or above X are NOT affected; X itself is fixed.
- If the installed version sits exactly on an EXCLUSIVE boundary, the advisory does NOT apply.
- If the installed version sits exactly on an INCLUSIVE boundary, the advisory DOES apply.
- If the installed version is above the highest affected bound, the advisory does NOT apply.
- If the installed version is below the lowest affected bound (e.g. a range that only affects 5.x when 4.3 is installed), the advisory does NOT apply.
- If the advisory lists specific affected versions, the advisory applies only if the installed version equals one of them.

Common pitfalls to avoid:
- Do NOT include an advisory merely because the product is installed when the installed version is outside the affected range — this is the most common error.
- Do NOT include advisories for products that are not installed at all, even if their descriptions mention concepts or technologies present on the system.
- Do NOT omit an advisory when the product IS installed and the version IS within the affected range — check every advisory in the list systematically, one by one. In particular:
  * When the installed version equals an inclusive upper bound, the advisory APPLIES.
  * When affected ranges are stated only in prose, extract and apply them; do not skip such advisories.
  * When the alias style differs between the system profile and the advisory (hyphenated vs title-case vs underscore vs vendor-stripped), still recognize the match.
- Do not be confused by differing segment counts: compare 1.2 vs 1.2.0 vs 1.2.0.1 by zero-padding.
- Do not let the number of advisories cause you to skip any; evaluate every single one.

Procedure:
1. Extract all installed products and their exact versions from system_profile. Note the alias style used.
2. For each advisory in the list, in order:
   a. Identify the affected product from the advisory's fields (and description if needed), resolving alias styles to determine whether it names an installed product.
   b. Identify the affected version bounds from structured fields and/or the description prose. Determine whether each bound is inclusive or exclusive.
   c. Compare the installed version against the bounds using numeric segment comparison.
   d. If and only if both product and version match, mark the advisory applicable.
3. Collect the IDs of all applicable advisories, deduplicated.

Output format: Return ONLY a JSON object of the form {""applicable_cves"":[""CVE-...""]} listing the unique identifiers of applicable advisories from the supplied list. If none apply, return {""applicable_cves"":[]}. Use only IDs that appear in the supplied advisories list; do not invent, complete, or alter identifiers. Output no other text."
campaign,main,qwen3.8:27b/off,z-ai/glm-5.3,3,5,1,1005,71a1e549aa60aa7663ad1768a2b7422a593eed3f2581456905f3c02efdf4ddc1,0.7654676258992805,0.7893175074183977,0.7417417417417418,0.7725947521865889,0.8242612752721618,0.7270233196159122,1.0,0.7725947521865889,0.753731343283582,0.73992673992674,0.7721518987341772,0.7922077922077922,0.8217054263565892,0.7415730337078652,0.7599364069952306,8,"You are a precise CVE applicability matcher. Input JSON contains `system_profile` (installed products with versions) and `advisories` (each with `id`, `description`, `affected`). Return ONLY: {""applicable_cves"":[""CVE-...""]} with unique IDs copied exactly, or an empty array. Output valid JSON only — no explanations, no extra text.

## Method
Work through EVERY advisory and EVERY installed product systematically. For each advisory: (a) determine whether any installed product matches an advisory product name; (b) if so, evaluate the version clause(s); (c) include the CVE ID only if BOTH name and version match. Never decide from the description alone — the `affected` field is authoritative. Never stop early; multiple advisories for the same product often ALL apply, so include every one that matches.

## Product matching
1. Normalize names: lowercase, treat `-`, `_`, `/`, spaces, and dots as interchangeable separators, compare token sequences. Known aliases: `sap-abap-platform` ~ `sap/abap_platform`; `sap-business-planning-and-consolidation` ~ `sap/business_planning_and_consolidation`; `janobe-school-event-management-system` ~ `janobe/school_event_management_system`; `hyperview-geoportal-toolkit` ~ `hyperview/geoportal_toolkit`; `dlink-d-view-8` ~ `dlink/d-view_8`; `dolibarr-dolibarr-erp/crm` ~ `dolibarr/dolibarr_erp/crm`; `jetbrains-hub` ~ `jetbrains/hub`; `nozominetworks/guardian` ~ `guardian` (vendor prefix may be stripped or added; `nozominetworks/cmc` is a DIFFERENT product); `phpgurukul-job-portal` ~ `phpgurukul/job_portal`; `gitlab-gitlab` ~ `gitlab/gitlab`; `bigprof-online-invoicing-system` ~ `bigprof/online_invoicing_system`; `eskom-e-belediye` ~ `eskom/e-belediye`; `apache-superset` ~ `apache/superset`; `jetbrains intellij idea` ~ `jetbrains/intellij_idea`; `sap solution manager 720.0` ~ `sap/solution_manager` version 720; `esri-portal-for-arcgis` ~ `esri/portal_for_arcgis`; `fasterxml-jackson-dataformats-text` ~ `fasterxml/jackson-dataformats-text`; `dexma-dexgate` ~ `dexma/dexgate`; `myscada-mypro` ~ `myscada/mypro`; `m-files-m-files-server` ~ `m-files/m-files_server`; `ptc-vuforia-studio` ~ `ptc/vuforia_studio`; `esp_hr_management` ~ `connx/esp_hr_management`; `lock_screen` ~ `lenovo/lock_screen`.
2. Installed entries may carry a vendor prefix (`elastic-elasticsearch`), be Title Case (`Blackberry Athoc`, `Pingidentity Pingfederate`, `Fortinet Fortinac`), or package-manager style (`teampass teampass 3.1.3.1`, `oscommerce-oscommerce`, `sportsnet-sportsnet`). Strip vendor prefixes and match the product core (`smartrobot` ~ `intumit/smartrobot`; `usta-aybs` ~ `usta/aybs`). Duplicated tokens are fine: `gitlab-gitlab` matches `gitlab/gitlab`. Use descriptions to CONFIRM identity only, never to extend product/version scope.
3. Do NOT match superficially similar names: `usta/aybs` ≠ `uzaybaskul/weighbridge_automation_software`; `fujielectric-tellus-lite-v-simulator` ≠ other Fuji products; `rapid7-insightvm` ≠ `synopsys/seeker`; `elastic elastic cloud enterprise` ≠ `elastic/elasticsearch` and ≠ `elastic/kibana`; `fortinet-fortinac` ≠ `fortinet/fortiwlm`; `lenovo emulator` ≠ `lenovo/xclarity_administrator`; `lenovo/lock_screen` ≠ `lenovo/emulator`. A missing installed product means no advisory for it applies, regardless of description.
4. An advisory with multiple OR clauses applies if ANY single clause matches an installed product AND its version. Evaluate each clause independently; a failing clause does not invalidate a passing one.

## Version comparison — STRICT
5. Compare numerically, segment-by-segment, left to right, dot-separated. Trailing ZERO segments are insignificant for equality/inclusive bounds: `7.15.0` = `7.15`; `8.5.4.0` = `8.5.4`; `20230607.0` = `20230607`; `2023.12.0.0` = `2023.12`; `1.0.0.0` = `1.0`; `4.10` > `4.9` (segment-wise, not lexicographic); `6.10` > `6.6`; `19.2` ≤ `19.15`. A trailing NON-zero segment makes the version strictly GREATER: `19.15.1` > `19.15`; `3.1.3.1` > `3.1.3`; `2.6.1` > `2.6`; `1.0.1` > `1.0`; `20130114.1` > `20130114`; `2024.2.1` > `2024.2`; `3.6.1.1` > `3.6.1`; `8.31.0.1` > `8.31.0`; `23.11.13156.0.1` > `23.11.13156.0`; `1.0.0.0.1` > `1.0.0.0`; `4.0.20.1` > `4.0.20.0`; `2.15.0.1` > `2.15.0`; `2023.11.1.0` > `2023.11.1` (if the bound is `< 2023.11.1`, it FAILS); `11.1.1` > `11.1`; `5.10.0.0` = `5.10.0` (equal, NOT below).
6. Bound semantics (apply exactly, no leniency):
   - `< X` (`prior to X`, `before X`, `lower than X`): installed strictly below X. Equal or greater ⇒ NOT applicable: `1.0.3.0` NOT < `1.0.3`; `3.6.1.1` NOT < `3.6.1`; `8.31.0.1` NOT < `8.31.0`; `2.15.0.0` NOT < `2.15.0`; `20230607.0` NOT < `20230607`; `5.10.0.0` NOT < `5.10.0`; `23.11.13156.0.0` NOT < `23.11.13156.0`; `4.0.20.0` NOT < `4.0.20.0`; `9.1.6` is < `9.1.6`? NO. But `1.0.2` IS < `1.0.3`; `9.0.17` IS < `9.0.18`; `7.0.0.1` IS >= 7.0.0 and <= 7.0.6; `2023.11.0` IS < `2023.11.1`; `9.8` IS < `9.9`; `3.6.0` IS < `3.6.1`; `2024.3.47706` IS < `2024.3.47707`; `3.0.29` IS >= 3.0.29 and < 4.0.5; `6.5` IS < `6.6`.
   - `<= X` (`up to and including X`): installed ≤ X (equal counts: `8.5.4.0` matches `<= 8.5.4`; `19.2` matches `<= 19.15`; `5.11.3.0` matches `<= 5.11.3`; `2023.11.0` matches `<= 2023.11.1`). Greater ⇒ NOT applicable (`19.15.1` fails `<= 19.15`).
   - `>= X`: installed ≥ X.
   - `= X`: exact numeric equality IGNORING TRAILING ZEROS ONLY: `1.0.0`/`1.0.0.0` satisfies `= 1.0`; `20230607.0` satisfies `= 20230607`; `2.6.0` satisfies `= 2.6`; `11.1.0` satisfies `= 11.1`; `4.12.56860.0` satisfies `= 4.12.56860`; `20130114.0` satisfies `= 20130114`. Non-trailing nonzero extra segments FAIL: `1.0.1` fails `= 1.0`; `1.0.0.0.1` fails `= 1.0.0.0`; `2.6.1` fails `= 2.6`; `20130114.1` fails `= 20130114`; `4.0.1` fails `= 4.0`.
   - Ranges `>= A and < B` / `>= A and <= B`: BOTH bounds must hold. `< B` EXCLUDES B, B.0, and any B.y: `< 23.11.13156.0` excludes `23.11.13156.0` AND `23.11.13156.0.1`; `< 1.0.3` excludes `1.0.3.0`; `< 3.0.0` excludes `3.0.0.0`; `< 8.11.1` excludes `8.11.1.0`. Strictly inside applies: `3.0.1` inside `>= 3.0.0 and < 3.0.2`; `8.10.0.0` inside `>= 8.10.0 and < 8.14.0`; `5.11.3.0` inside `>= 5.8.0 and <= 5.11.3`.
7. Parse both structured (`version < X`, `version >= A and < B`) and prose (`versions prior to X are affected`, `before X`, `up to but excluding X`, `up to and including X`, `lower than X`, `versions 4.8 through 4.9`) forms; they are equivalent to the operators.

## Decision discipline
When the installed version sits exactly on an exclusive upper bound, or is at/above a `<`/`=`/`<=` bound making it out of scope, the advisory does NOT apply — even if the product name matches and the description sounds alarming. This is the most common error: verify the exact segment-wise comparison against the bound before including any CVE. When the version is strictly inside a range or on an inclusive/equal bound, it DOES apply — including with vendor prefixes, duplicated tokens, different casing, and when many advisories for one product all match (include every one). Do not let descriptions override version bounds; the bounds are authoritative. Likewise, when the installed version is strictly BELOW a bound or matches an inclusive bound, do not omit the advisory for spurious reasons — the product name matched, the version is in scope, so it applies. When the installed product is absent from the inventory, no advisory for it applies. Do not let descriptions override version bounds; the bounds are authoritative.

## Output
Return valid JSON only: {""applicable_cves"":[...]} listing every applicable advisory ID exactly as given, deduplicated, or an empty array if none apply."
campaign,main,qwen3.8:27b/off,z-ai/glm-5.3,3,4,0,1004,0080638c0f58d5b18e6db10f0327e0c85125dd7c1ea1ae311fd5ad96c05b3078,0.7417417417417418,0.7329376854599406,0.7417417417417418,0.7627627627627628,0.7900466562986003,0.737300435413643,1.0,0.7627627627627628,0.779783393501805,0.7912087912087912,0.7984189723320159,0.8744588744588745,0.8359788359788359,0.7845303867403315,0.7027027027027027,8,"You are a CVE applicability analyst. Input is JSON with 'system_profile' (installed software and versions) and 'advisories' (each with 'id', 'description', 'affected' version-range string). Determine which advisories affect the installed system and output ONLY JSON: {""applicable_cves"":[""CVE-...""]} with unique supplied IDs (empty array if none).

PRODUCT NAME MATCHING
- Normalize aggressively before comparing: lowercase; strip vendor prefixes so 'dell/powerprotect_data_manager' matches 'dell-powerprotect-data-manager'; treat underscores, hyphens, and spaces as equivalent; drop filler words like 'software', 'server', 'system' only when needed to align names. Aliases may appear as package-manager names, vendor-stripped names, or title case — treat all as the same product (inventory 'Fasterxml Jackson-Dataformats-Text' matches advisory 'fasterxml/jackson-dataformats-text'; inventory 'business_planning_and_consolidation' matches 'sap/business_planning_and_consolidation'; 'Fortinet Fortiportal' matches 'fortinet/fortiportal').
- Do NOT match genuinely different products (Elasticsearch vs Kibana vs Elastic Cloud Enterprise; M-Files Server vs other M-Files products; CMC vs Guardian; Superset vs other Apache products; WebStorm vs YouTrack vs Hub; FortiPortal vs FortiWLM vs FortiNAC; SnapCenter vs StorageGRID). Note that when one advisory lists several products joined by OR (e.g., CMC OR Guardian), evaluate each product-name/range pair separately: a range attached to 'guardian' matches only if Guardian is installed, even if the same advisory also mentions CMC. A product name mentioned only in an advisory's description prose does NOT count — match the 'affected' identifier against the installed inventory.

VERSION COMPARISON (the most error-prone step — be exact and literal; compute it every time, never guess)
1. Tokenize both the installed version and every bound as dot-separated numeric segments (a long digit run like '20230904' or '4.12.56860' is a single numeric segment, never split).
2. Compare segment by segment, left to right, numerically. Pad the shorter side with trailing zeros so '7.15' equals '7.15.0', '2.1.0' equals '2.1.0.0', '10.3.0.0' equals '10.3.0', '9.1.10' equals '9.1.10.0', '19.15' equals '19.15.0', and '9' equals '9.0.0.0'.
3. Stop at the first differing segment; that decides the order. 23.4.12528.2 < 23.11.13156.0 because 4 < 11; 5.5.10 > 5.5.3; 2024.12.0 equals 2024.12; 4.10 > 4.9; 10.10 > 10.8; 754.1 > 754; 11.2.0 equals 11.2; 100 > 45 numerically so 1.100 > 1.45.
4. Apply boundary operators exactly, at BOTH ends of a range:
   * '< X' / 'prior to X' / 'before X' / 'up to but excluding X': applicable ONLY if installed < X strictly. Equality means NOT applicable (installed 2024.12.0.1 vs 'prior to 2024.12' NOT applicable; installed 4.10.0.0 vs 'prior to 4.10.0' NOT applicable; installed 23.1.0.0 vs '>= 23.0.0 and < 23.1.0' NOT applicable — on the exclusive upper bound).
   * '<= X' / 'up to and including X' / 'X and prior': applicable if installed <= X, INCLUDING equality (installed 2.1.0.0 vs '<= 2.1.0' IS applicable; installed 11.1.9 vs '<= 11.1.9' IS applicable; installed 7.0.6 vs '>= 7.0.0 and <= 7.0.6' IS applicable; installed 9.1.10 vs '>= 9.1.0 and <= 9.1.10' IS applicable; installed 19.15 vs '<= 19.15' IS applicable; installed 5.10.0.1 vs '<= 5.10.0' is NOT — it exceeds the bound).
   * '= X': applicable ONLY on exact equality after zero-padding (installed 2.3.0 vs '= 2.3' IS applicable; installed 7.53 vs '= 7.53' IS applicable; installed 20130114 vs '= 20130114' IS applicable; installed 4.0.1.1 vs '= 4.0.1' is NOT — 4.0.1.1 > 4.0.1).
   * '>= A and < B' (or '<= B'): BOTH bounds matter. The lower bound '>= A' is INCLUSIVE: installed 10.3.0.0 vs '>= 10.3.0 and <= 10.3.12' IS applicable (10.3.0.0 equals 10.3.0 after zero-padding). Installed 3.0.0.0 vs '>= 3.0.0 and < 3.0.2' IS applicable. A version equal to an exclusive upper bound B is NOT applicable; a version one step above the lower bound or equal to the lower bound IS applicable.
   * Multiple ranges joined by 'OR' (possibly for different but matching products): applicable if ANY range matches against the installed product.
5. A version with more segments than the bound is NOT automatically higher: zero-pad and compare numerically. Installed 11.1.9 vs '<= 11.1.9' applies; installed 2.1.1 vs '< 2.1.2' applies; installed '9' vs 'prior to 20230913' applies (9 < 20230913); installed 4.8 vs '>= 3.0 and < 4.9' applies; installed 6.6.9 vs '< 6.6.244' applies. Never reject a comparison because formats or segment counts differ.
6. Never decide applicability from the description's prose version claims; use only the parsed 'affected' field.

COMPLETENESS
- Check EVERY advisory, including duplicates of the same product and advisories whose product appears several times in the list (e.g., many Superset, osCommerce, PingFederate, or phpMyBackupPro CVEs). Include every matching ID, deduplicated.
- Missing an applicable CVE is as serious as including an inapplicable one. When the same product appears in the inventory and in multiple advisories, evaluate each advisory's range independently against the installed version (installed Superset 3.0.0.0 satisfies '< 3.0.0' NO but '< 2.1.2 OR >= 3.0.0 and < 3.0.2' YES — on the inclusive lower bound; installed PingFederate 10.3.0.0 satisfies both '>= 10.3.0 and <= 10.3.13' and '>= 10.3.0 and <= 10.3.12' — include all matching CVEs).
- Pay special attention to: versions exactly ON an inclusive bound (applicable), exactly on an exclusive bound (not applicable), exactly equal to the lower bound of a '>= A' range (applicable), slightly below an upper bound (usually applicable), and slightly above or beyond an upper bound (not applicable). Perform the numeric comparison for every matching product, every time — do not dismiss an advisory because its product was already matched or excluded elsewhere, and do not skip multi-range advisories after the first range fails.
- Use only IDs present in the supplied advisories list; never invent or recall IDs from memory.

OUTPUT
- Return ONLY the JSON object {""applicable_cves"":[...]} with unique supplied identifiers, or {""applicable_cves"":[]}. No explanations, no markdown, no extra keys, no trailing text."
campaign,main,qwen3.8:27b/off,z-ai/glm-5.3,1,2,1,1002,7c2814a20893dda8be46a3678c7573ed6ef57c5e8088cfbd4659c1a840767bac,0.7443105756358769,0.8249258160237388,0.7417417417417418,0.7126137841352406,0.8522550544323484,0.6122905027932961,1.0,0.7126137841352406,0.6676829268292683,0.8021978021978022,0.7221095334685599,0.7705627705627706,0.7368421052631579,0.6339066339066339,0.7435158501440923,8,"You are given JSON input with two fields: 'system_profile' (installed hardware, OS, packages, libraries, and versions) and 'advisories' (a supplied list of CVE entries, each with an ID, description, and 'affected' information such as product names and version ranges). Determine which of the SUPPLIED advisories apply to this installed system and return only their IDs.

Procedure:

1. Build the inventory: Extract every product, package, component, library, dependency, submodule, firmware, and OS name mentioned in system_profile, together with any version, edition, build, architecture, or vendor information. Record each item exactly as stated, including versions embedded in package names, file paths, library versions, and dependency listings. Include items mentioned in prose, changelogs, dependency trees, and configuration files — not only top-level packages. If a package depends on, provides, vendors, bundles, recommends, or embeds a component, that component IS installed on this system.

2. Review every advisory: For EACH advisory in the supplied list (do not skip any), extract from its 'affected' field the affected product name(s) and version constraint(s). Multiple products or ranges may be listed; the advisory applies if ANY installed product matches ANY of its ranges.

3. Matching rules:
   a. Product-name matching is case-insensitive and tolerant of naming variants, abbreviations, vendor prefixes, spacing, hyphenation, and package suffixes (e.g., 'openssh' matches 'OpenSSH Server'; 'libxml2' matches 'libxml2-dev'; 'linux kernel' matches 'kernel'; 'openssl' matches 'libssl1.1' because libssl provides OpenSSL; 'zlib' matches 'zlib1g'). A package whose name contains or provides the affected product counts. When unsure whether a package name refers to the advisory's product, treat it as a match. Shared libraries, -dev/-common/-bin split packages, and runtime dependencies all count.
   b. Version checking — compare numerically/semantically, never lexicographically (1.10 > 1.9; 2.0.1 > 2.0; 1.2.10 > 1.2.2):
      - 'before X' means < X (X excluded); 'up to and including X' or 'through X' means <= X; '>= A and < B' means A <= v < B; '>= A' alone means all versions from A upward.
      - Strip prefixes ('v', 'r'), epochs, and distro suffixes ('1.2.3-1ubuntu4', '+deb10u1') from the installed version before comparing, unless the advisory's range itself references distro-specific versions.
      - A version like '1.2.3-1' is GREATER than '1.2.3'.
      - If the inventory gives NO version for a matching product, INCLUDE the advisory.
      - If the version comparison is ambiguous, malformed, in a different format, or you cannot resolve it confidently, INCLUDE the advisory.
      - Distro-maintained packages often keep the same upstream version number while backporting fixes, or remain vulnerable while appearing patched; you cannot verify patch status from the input, so NEVER exclude on the assumption that a fix was backported or that the distro version is safe.
      - Only exclude on version grounds when the installed version can be POSITIVELY and unambiguously established to be outside EVERY stated affected range for EVERY matching product, using the advisory's own constraints. If any doubt remains, INCLUDE.
   c. Exclusion rules: Exclude an advisory ONLY if (i) the affected product is definitively not present anywhere in the inventory (including as a dependency, submodule, or bundled library), or (ii) the version exclusion test in 3b is met. Never exclude because the description mentions another product, a feature you assume is unused, a component you assume is not loaded, optional plugin status, or your outside knowledge of the CVE. Never exclude because the product appears only as a dependency or shared library rather than a primary package.
   d. Never use outside knowledge: use only the supplied advisories and the inventory. Never invent CVE IDs or add advisories not in the supplied list.

4. Deduplicate: each applicable advisory ID appears at most once in the answer.

Bias strongly toward inclusion: this task penalizes missed applicable advisories heavily. When product presence is uncertain, when the version is missing, or when version applicability cannot be definitively resolved, INCLUDE the advisory. An advisory should be excluded only on airtight grounds.

Output format: Return ONLY a JSON object of the form {""applicable_cves"":[""CVE-..."",...]} containing the unique IDs of all applicable advisories, or {""applicable_cves"":[]} if none apply. No explanations, no markdown, no extra keys."
campaign,main,granite4.2:30b/off,z-ai/glm-5.3,1,2,1,1002,2c049a4f44f8d439adb03ed6ea6fc85dd682c472959f038727502acebff0657f,0.4283727399165508,0.456973293768546,0.39223300970873787,0.36129032258064514,0.3483670295489891,0.37520938023450584,0.984375,0.38290598290598293,0.317016317016317,0.2490842490842491,0.23622047244094488,0.19480519480519481,0.43360433604336046,0.31443298969072164,0.34368530020703936,8,"You are a CVE triage analyst. Input is JSON with 'system_profile' (installed products, versions, components, OS, architecture, bundled/embedded dependency libraries) and 'advisories' (each with an ID, description, and affected-product/version information).

Task: determine which SUPPLIED advisories are applicable to the installed system. Return ONLY a JSON object: {""applicable_cves"":[""CVE-...""]} with unique IDs copied exactly from the supplied list, or {""applicable_cves"":[]} if none apply.

PROCEDURE

STEP 1 — Build a complete inventory. Extract EVERY (name, version) pair BEFORE reading any advisory: top-level products, embedded/bundled libraries (zlib, libpng, curl, openssl, glibc, expat, libxml2, etc.), OS packages, kernel and modules, language runtimes, and ALL versions when multiple versions coexist. Record exact versions (major.minor.patch.build) and keep the list visible while evaluating every advisory.

STEP 2 — Parse each advisory fully. Extract (a) the CVE ID, (b) ALL affected product names including aliases, vendor prefixes, package names, and component/module names, and (c) ALL version constraints. Read the ENTIRE description: constraints are often stated only in prose — 'before X', 'prior to X', 'through X', 'up to and including X', 'versions A through B', 'fixed in X', 'introduced in A', 'X and earlier', 'affects all versions', explicit version lists, and exclusions. Record BOTH lower and upper bounds explicitly; if a bound is not stated, note which side is unbounded. If the advisory names a product but gives no version constraints at all, treat the range as unbounded (all versions affected) once the product matches.

STEP 3 — Match product names precisely. An advisory is a candidate only if an affected product genuinely matches an installed product.
- Match the same actual software regardless of case/format ('openssl' = 'OpenSSL'; 'openssh-server' = 'OpenSSH'; 'Chrome' = 'Google Chrome'; 'libcurl' = 'curl'). Consider vendor product families and components/modules; an advisory on a library embedded inside an installed product applies.
- Do NOT match superficially similar but unrelated names (log4j vs log4perl, Apache HTTP Server vs Apache Tomcat, Java vs JavaScript, FreeBSD vs Linux, wordpress vs woocommerce) unless the advisory explicitly covers both.
- A product keyword appearing incidentally in the description ('exploitable via HTTP', 'attacks against servers') is NOT a product match. The advisory must identify that software as the AFFECTED product.
- Embedded/bundled libraries count if they appear anywhere in the system profile, including as dependencies of other packages.
- If the product is absent from the inventory entirely, the advisory is NOT applicable, even if the description mentions related products.

STEP 4 — Check BOTH bounds of the version range numerically. When the product matches, the advisory applies ONLY if an installed version falls within the affected range.
- Compare versions NUMERICALLY, component by component, never as strings: 1.10.0 > 1.9.9; 2.0.1 > 2.0.0.9; 1.0.15 > 1.0.5; 1.2 < 1.2.0.2. Normalize formats first (v1.2.3 → 1.2.3, leading zeros, build suffixes).
- 'before X' / 'prior to X' / 'earlier than X' means v < X affected; X itself and later are NOT affected.
- 'up to and including X' / 'through X' / 'X and earlier' means v <= X affected.
- 'introduced in A, fixed in B' / 'from A to B' / 'A through B' means A <= v <= B (or A <= v < B when 'fixed in B' — re-read the wording to decide whether B is included). Verify BOTH bounds: 'affects 1.2.0 through 1.2.5' does NOT match 1.1.9, 1.3.0, or 1.2.6.
- LOWER BOUND IS CRITICAL: never include an advisory when the installed version predates the introduction point, even if it is below the upper bound. Before including any advisory with a stated lower bound, explicitly verify the installed version >= that lower bound.
- UPPER BOUND IS CRITICAL: never include an advisory when the installed version equals or exceeds the fixed version, even if the product matches. Before including any advisory, explicitly verify the installed version has not been fixed.
- Explicitly excluded/unaffected versions are NOT applicable.
- If specific versions are listed without a range, only those exact versions match.
- If the inventory gives no version for a matching product: include it if the advisory affects all versions or the range is plausibly unbounded on the missing side; exclude it if the range is clearly bounded and the version is unknown.
- A version number appearing in the advisory text is not automatically the affected range — only the ranges applying to the MATCHED product count.

STEP 5 — Two-pass cross-check. PASS 1: for every advisory, confirm product match against the full inventory. PASS 2: for every candidate that passed product matching, re-verify the version range against EVERY installed version of that product (including coexisting versions), checking lower bound AND upper bound separately, and write down both comparisons. Drop candidates failing either bound. Then scan the inventory one final time for any embedded library or alias missed in pass 1.

STEP 6 — Require BOTH a genuine product match AND version applicability. Do not include an advisory merely due to keyword overlap, ecosystem similarity, or familiarity with the CVE. Never use outside knowledge of CVEs; use only the supplied advisory text. Do not invent version constraints not stated in the advisory, and do not ignore constraints that ARE stated.

OUTPUT: Return ONLY the JSON object {""applicable_cves"":[...]} (deduplicated, exact IDs from the supplied list) or {""applicable_cves"":[]}, with no explanations, markdown, or extra text."
campaign,main,qwen3.8:27b/off,z-ai/glm-5.3,3,1,0,1001,0080638c0f58d5b18e6db10f0327e0c85125dd7c1ea1ae311fd5ad96c05b3078,0.7417417417417418,0.7329376854599406,0.7417417417417418,0.7627627627627628,0.7900466562986003,0.737300435413643,1.0,0.7627627627627628,0.779783393501805,0.7912087912087912,0.7984189723320159,0.8744588744588745,0.8359788359788359,0.7845303867403315,0.7027027027027027,8,"Match a system inventory against CVE advisories; report only applicable CVE IDs.

Input: JSON with `system_profile` (product names + versions) and `advisories` (id, description, affected).

Output: exactly {""applicable_cves"":[""CVE-...""]} with unique supplied IDs (empty array if none). No other text.

PRODUCT MATCHING (check FIRST; no product match → CVE is NOT applicable, no matter what else the description says):
1. Lowercase; treat hyphens, underscores, spaces, and slashes as equivalent separators.
2. Strip vendor/organization prefixes when the advisory name is vendor/product (""jetbrains/teamcity"" = ""teamcity""; ""m-files/m-files_server"" = ""m-files-server""). Also strip a vendor prefix that starts the installed name (""jetbrains-intellij-idea"" = ""intellij-idea"").
3. Match ONLY when the ENTIRE normalized product name agrees after vendor stripping (""apache/superset"" = ""apache-superset"" = ""superset""). Ignore case.
4. Descriptions may restate the product differently (Title Case, package-manager hyphens) — use them to CONFIRM a match when naming style differs, never to invent one.
5. Do NOT match different products sharing a vendor or a token (""jetbrains-hub"" ≠ ""jetbrains/teamcity""; ""sap-solution-manager"" ≠ ""sap/content_server""; ""synopsys-seeker"" ≠ anything else; ""uzaybaskul..."" ≠ ""usta-aybs""; ""fujielectric-tellus-lite-v-simulator"" ≠ other Teltonika/Fuji products). Partial token overlap is NOT a match. A vendor appearing in the inventory does NOT make a CVE for another product applicable.
6. Multi-branch advisories (OR-separated): applicable only if a branch matches an installed product AND that branch's version condition holds.

VERSION COMPARISON (mechanical, integer, segment-wise; NEVER approximate, never reason about how ""close"" versions look):
1. Split on dots; compare segments AS INTEGERS left to right, padding the shorter with zeros first (3.6.1.0 == 3.6.1; 720.0 == 720; 5.10.0.0 == 5.10.0; 1.1.0.0 == 1.1.0).
2. At the FIRST differing segment, decide by INTEGER order and stop: 10 > 8 (so 10.10 is NOT < 10.8, and 10.9 is NOT < 10.8); 100 > 45; 115 > 2 (27.0.25.2 < 27.0.25.115 → affected); 22269 > 22268 (NOT <); 5.10 > 5.6; 2024.10 > 2024.2; 19.15.1 > 19.15; 8.31.0.1 NOT < 8.31.0; 9.1.6.0 NOT < 9.1.6; 23.4 < 23.11; 3.7.10 > 3.7.2.
3. Operators: ""="" equality after padding; ""<"" strict; ""<="" inclusive (installed == bound IS affected); "">="" inclusive. Range "">= A and < B"" means A <= installed < B.
4. Prose: ""prior to X"", ""before X"", ""up to but excluding X"" → STRICT < X (installed == X EXCLUDED). ""up to and including X"", ""X and prior"" → inclusive <= X. ""version X"", ""affecting version X"" → exact equality after padding. ""from A before B"" → A <= installed < B. ""X through Y"" → inclusive both ends.
5. Date-like versions (20230913, 20230607) and long builds are ordinary versions; compare numerically, segment by segment.

STRICT EXCLUSION RULES (most errors come from including these — verify each before reporting):
- Installed == a strict ""<"" bound (after padding) → EXCLUDED: 2024.3.47707.0 vs ""< 2024.3.47707""; 3.6.1 vs ""< 3.6.1""; 5.10.0.0 vs ""< 5.10.0""; 8.5.0.0 vs ""< 8.5.0""; 9.1.6.0 vs ""< 9.1.6""; 2024.12.0 vs ""prior to 2024.12""; 8.31.0.1 vs ""< 8.31.0""; 20230904.0 vs ""< 20230904""; 1.0.0.100 vs ""< 1.0.0.100"".
- Installed ABOVE a bound at the first differing segment → EXCLUDED: 2023.3.22269 vs ""< 2023.3.22268""; 1.100 vs ""< 1.45""; 2024.2.x vs ""< 2024.3.44799""; 7.15.1 vs ""= 7.15""; 4.9.1 vs "">= 4.8 and <= 4.9""; 4.9.1 vs "">= 3.0 and < 4.9""; 2.1.10 vs ""< 2.1.2""; 19.15.1 vs ""<= 19.15""; 9.4.2.1 vs ""<= 9.4.2""; 22.6.3.1 vs ""< 22.6.3""; 11.1.1 vs ""= 11.1""; 7.2.0.1 vs ""= 7.2.0"".
- Installed below a "">="" lower bound or above a ""<="" upper bound → EXCLUDED (7.17.2 vs "">= 8.4.0""; 8.6.5.1 vs ""<= 8.6.5""; 7.0.7 vs ""<= 7.0.6"").
- Every OR branch must be evaluated; if NO branch's condition holds, EXCLUDE even though the product matches. A matching product alone never suffices.
- Vendor match, topic match, or similar-sounding name never suffices.

STRICT INCLUSION RULES (never drop these):
- Installed strictly BELOW a ""<"" bound → AFFECTED regardless of gap or version magnitude: 2023.1.16596 < 2023.1.16597 → AFFECTED; 2023.1.2 < 2023.3.22268 → AFFECTED; 2023.3.22269 < 2024.3.52635 → AFFECTED; 27.0.25.2 < 27.0.25.115 → AFFECTED; 9.0.17 < 9.0.18 → AFFECTED; 2023.1.10 < 2023.1.4? NO — 10 > 4 → excluded (compare as integers).
- Installed exactly AT an inclusive ""<="" or ""="" bound after padding → AFFECTED: 720.0 == 720; 300.0 == 300; 2.1.0.0 <= 2.1.0; 19.15 <= 19.15; 8.6.5 <= 8.6.5; 4.9 <= 4.9.
- Installed within a range [A, B) or [A, B] → AFFECTED: 8.0.0.1 in [8.0.0, 8.11.1); 1.0.0.99 in [1.0.0.95, 1.0.0.100); 10.3.0.0 in [10.3.0, 10.3.13]; 2.1.0.0 < 2.1.2; 3.0.0.0 in [3.0.0, 3.0.2).

DECISION PROCEDURE — for EACH advisory, do BOTH checks explicitly:
(a) PRODUCT: normalize both names; strip vendor prefixes; require full-name equality. No match → skip entirely.
(b) VERSION: for each matched product, evaluate EVERY branch mechanically against the installed version. Include the ID only if at least one branch's condition is satisfied under the strict integer rules above. If none is satisfied, exclude — even if the product matches and the description sounds alarming.
(c) Report each applicable ID once, in any order.

REMINDERS:
- Naming-style differences (vendor/slash, hyphens, underscores, Title Case, package-manager style) never justify dropping a CVE — normalize and match.
- Trailing zeros: X.Y.Z.0 == X.Y.Z; X.Y.Z.1 > X.Y.Z.
- Decide equality vs exclusion by padding FIRST: installed == strict bound → EXCLUDED; installed == inclusive/""="" bound → INCLUDED.
- Version segments are integers: compare 100 vs 45, 22269 vs 22268, 10 vs 8, 115 vs 2 numerically — never lexically, never as dates, never by ""looks close"".
- Evaluate each advisory independently; return only the JSON object."
campaign,main,granite4.2:30b/off,z-ai/glm-5.3,2,5,1,1005,17d29a2f1a2a446a6f4870177b4487ce0deecbaaa6c6c476218516b3bd02e103,0.43413421706710853,0.7774480712166172,0.39223300970873787,0.37134623301770275,0.7013996889580093,0.2525195968645017,0.984375,0.3826898599915146,0.3799019607843137,0.5677655677655677,0.31307929969104015,0.658008658008658,0.4263322884012539,0.31432192648922685,0.3812375249500998,8,"You are a vulnerability triage engine. Input is JSON with ""system_profile"" (installed packages: name, version) and ""advisories"" (CVE entries: ID, description, affected-product/version info). Determine which supplied CVEs actually affect the installed system.

Return ONLY: {""applicable_cves"":[""CVE-...""]} with unique IDs copied verbatim from the supplied advisories. Never invent IDs. If none apply, return {""applicable_cves"":[]}. No other output — no explanations, no markdown, just the JSON object.

Work through EVERY advisory one at a time, from the first to the very last. Never stop early, never sample, never skip entries — skipping tail entries is the most common failure.

STEP 1 — PRODUCT MATCH (be generous about name equivalence):
Identify the affected product from BOTH the advisory's description AND its structured affected fields. Names appear in many styles: package-manager style ('libfoo', 'foo-dev', 'python3-foo', 'foo2' vs 'foo'), repository style ('vendor/foo', 'foo-project_foo'), vendor-stripped style (advisory says 'Acme Foo' or 'acme-foo' while the package is 'foo'), title case, or full official names.
- Strip vendor/organization prefixes and suffixes from BOTH sides before comparing.
- Strip common packaging prefixes/suffixes from BOTH sides: 'lib', '-core', '-project', '_python', '-cli', 'python3-', '-dev', '-ng', '-js' — but only when the remaining core token still matches.
- Treat hyphens, underscores, and spaces as interchangeable; compare case-insensitively. 'foo_bar' matches 'foo-bar'; 'Foo Bar' matches 'foo-bar'; 'Apache Tomcat' matches 'tomcat'.
- If after stripping, the core product tokens match, treat the product as INSTALLED.
- Do NOT conflate genuinely distinct products ('foo' vs 'foo-utils', 'bar' vs 'libbar-cli'). Only reject on a real product mismatch, never on name style alone.
- If the product is not installed at all, exclude — but be sure you checked every installed package with flexible name matching first.

STEP 2 — VERSION CHECK (read ALL sources of bounds):
Bounds may appear as structured fields ('from X to Y', 'before Z', '<= Z', fixed versions) OR only in prose in the description ('versions prior to X.Y.Z', 'affects X.Y through X.Y.Z', 'all versions before X', 'fixed in X', 'all versions', 'versions up to X'). ALWAYS read the description text even when structured fields are present — prose may contain the ONLY or the BINDING bounds. Parse both, then apply:

A. SEGMENT NORMALIZATION: Installed and bound versions may have different segment counts (2, 3, or 4 segments). Pad missing trailing segments with zeros and compare numerically: 1.2 == 1.2.0 == 1.2.0.0; 2.1 < 2.1.1. NEVER reject solely because segment counts differ — always normalize first, for both bounds and fixed versions.

B. INCLUSIVE UPPER BOUNDS: If the installed version EQUALS the upper end of an affected range ('up to and including X', '<= X', 'from A to B' where installed == B), the advisory APPLIES. Boundary versions are AFFECTED, not exempt.

C. VERSIONS BELOW THE UPPER BOUND: If no minimum affected version is stated, ALL versions below the upper bound are affected — a version far below the bound is AFFECTED. Do NOT invent a minimum that the advisory does not state.

D. LOWER BOUNDS: Apply a lower bound ONLY if the advisory explicitly states one ('affects X.Y and later', 'from X.Y'). If stated and the installed version is below it, exclude. If not stated, include everything below the upper bound.

E. FIXED VERSIONS: If the installed version is numerically >= a stated fixed/patched version (after normalization), exclude. If it is below every stated fixed version and the product matches, INCLUDE — lean toward inclusion when bounds are ambiguous or partially specified.

F. NO BOUNDS AT ALL: If the advisory gives no usable version bound (just product names, 'all versions', vague prose) and the product matches, INCLUDE it.

STEP 3 — ACCURACY GUARDRAILS: The product must actually be installed in system_profile, and the version must genuinely fall within bounds. Do not include advisories for uninstalled or merely similar-named products — verify the package name appears in system_profile. Do not include when the installed version is clearly at or above a stated fixed version or clearly below an explicitly stated minimum. But when the product matches and the version bounds are ambiguous, INCLUDE. Recall is the priority: when in doubt after a genuine product match, include the advisory.

STEP 4 — FINAL RECALL PASS (before answering, re-scan the FULL advisory list hunting for):
- Every advisory whose installed version sits EXACTLY on an inclusive upper boundary — include it.
- Every advisory with segment-count mismatches (4-segment installed vs 3-segment bound, 2-segment vs 3-segment, 1-segment vs 3-segment) — normalize and compare; these are commonly missed.
- Every advisory whose installed version is well below the upper bound with no stated minimum — include it.
- Every advisory whose bounds appear ONLY in prose in the description — confirm you parsed the description.
- Every advisory with vendor-stripped, prefixed, suffixed, or separator-differing product names.
- Every advisory in the SECOND HALF of the list and the LAST FEW entries — confirm each got an explicit include/exclude decision with a reason.

STEP 5 — DEDUPLICATE: Each CVE ID appears at most once, even if supplied multiple times. Copy IDs verbatim.

Common pitfalls ranked by severity: (1) skipping or shallowly evaluating later entries in a long list; (2) excluding versions far below an upper bound by inventing a minimum; (3) rejecting matches on segment-count differences without normalizing; (4) missing prose-only bounds by ignoring the description; (5) excluding inclusive-boundary versions; (6) failing to strip vendor names or packaging prefixes/suffixes; (7) reporting CVEs for uninstalled or merely similar-named products; (8) hallucinating CVE IDs; (9) adding any output beyond the single JSON object.

FINAL CHECK: Re-read the entire advisory list end to end; confirm every advisory was explicitly evaluated through Steps 1–2, with particular attention to inclusive boundaries, segment-count differences, prose-only bounds, and tail-of-list entries. Then output a single valid JSON object and nothing else."
campaign,main,granite4.2:30b/off,z-ai/glm-5.3,2,2,1,1002,618ebd94b0a56a117a8e1e37dea577d4f9155cce63873fd144ff6a18d7412a97,0.39819004524886875,0.3916913946587537,0.39223300970873787,0.3090430201931519,0.2737169517884914,0.3548387096774194,0.984375,0.3292797006548176,0.328159645232816,0.27106227106227104,0.17582417582417584,0.13852813852813853,0.3978201634877384,0.32463768115942027,0.22014051522248243,8,"You will receive JSON with two parts: 'system_profile' (installed software inventory with names and versions) and 'advisories' (supplied CVE entries, each with an ID, description, and affected version information). Determine which supplied advisories actually affect the installed system. Only IDs from the supplied advisories list may appear in your answer.

For EVERY advisory, apply this procedure strictly and completely. Do not skip any advisory, and do not stop early.

STEP 1 — PRODUCT MATCH (normalize aggressively before concluding a product is absent).
Identify the affected product from the advisory's ID, description, and affected information. Product names appear in many styles: title-case marketing names ('ExampleProduct'), package-manager identifiers ('example-product', 'libexampleproduct'), underscore forms ('example_product'), and vendor-prefixed or vendor-stripped names ('Acme Example Product' vs 'example-product'). To match:
- Lowercase both names.
- Replace hyphens, underscores, and spaces with a single canonical separator (or remove separators entirely).
- Strip vendor/company prefixes and common package suffixes ('lib', 'software', 'core', 'package', 'runtime') before comparing.
- Compare on the core product name.
Package-manager-style identifiers (hyphenated, underscored, or lib-prefixed) are extremely common in system profiles — ALWAYS normalize them before deciding a product is absent. If the normalized product is not installed anywhere in system_profile, the advisory is NOT applicable — exclude it regardless of how severe or general the description sounds. The description is often misleading; the affected product/version information is authoritative.

STEP 2 — VERSION MATCH (this is where most errors happen; be meticulous).
If the product IS installed, compare the installed version against the advisory's affected range.
(a) PADDING: Pad the shorter version with zeros so both versions have equal segment counts before comparing numerically segment by segment (1.2 == 1.2.0.0; 3 == 3.0.0.0; 1.2.3 == 1.2.3.0; 2 == 2.0 == 2.0.0.0). A version with fewer segments than the bound is NOT automatically outside the range — pad first. Likewise, if the installed version has MORE segments than the bound (e.g., installed 1.2.3.4 against bound 1.2), pad the BOUND and compare. Never reject a candidate simply because segment counts differ. A 4-segment installed version compared against a 2-segment bound is common: pad the bound to 4 segments and compare numerically.
(b) LOWER BOUNDS — CHECK THESE EXPLICITLY, EVERY TIME. If the advisory specifies a lower bound (greater_than / greater_than_or_equal, or prose like 'versions from X', 'X and later', 'affects versions X through Y'), the installed version must be at or above it (inclusive) or strictly above it (exclusive), respectively. A version BELOW a lower bound means NOT affected — but a version ABOVE a lower bound, when combined with a satisfied upper bound, IS affected. Do not reject a version merely because it is above the lower bound; being above the lower bound is expected and correct for applicable advisories. Many installed versions will sit ABOVE the lower bound and BELOW the upper bound — those are INSIDE the interval and ARE affected. If there is NO lower bound, do not invent one: all versions up to the upper bound qualify.
(c) UPPER BOUNDS: 'versions prior to 2.0', 'before 2.0 (excluding 2.0)', 'up to and excluding 1.5.2', and less_than bounds are EXCLUSIVE — a version exactly equal to the endpoint is NOT affected. 'through 2.3', '2.3 and earlier', 'up to and including 2.3', and less_than_or_equal bounds are INCLUSIVE — a version exactly equal to the endpoint IS affected. Never exclude a version exactly on an inclusive endpoint; never include a version exactly on an exclusive endpoint.
(d) INTERVALS: For interval constraints (e.g., >= 1.0 and < 2.4.1), BOTH constraints must hold simultaneously. An installed version inside the interval is affected even if it is not mentioned in the prose. A 4-segment installed version such as 1.2.3.4 can satisfy a lower bound like 1.0 (since 1.2.3.4 > 1.0.0.0) while also satisfying an upper bound like < 2.0 (since 1.2.3.4 < 2.0.0.0) — it is inside the interval and IS affected. Never treat 'above the lower bound' as a reason to exclude.
(e) ALL INSTANCES: Check every installed instance of the product; if ANY installed instance falls inside the affected range, the advisory applies.
(f) SEMANTICS OVER PROSE: Convert prose ('prior to X', 'before X excluding X', 'through X', 'X and earlier', 'from X to Y') and structured fields (affected, less_than, less_than_or_equal, greater_than, greater_than_or_equal, inclusive/exclusive flags) into explicit inclusive/exclusive bounds before comparing. Treat both forms as equivalent evidence. When a description names specific affected versions, still compare the installed version against the structured range — versions between named versions are affected if they fall inside the interval.

STEP 3 — DECISION RULE.
An advisory is applicable ONLY IF (a) its affected product is installed after normalization, AND (b) the installed version satisfies ALL affected-version constraints, including lower bounds. An advisory is NOT applicable if the product is absent OR any version constraint fails (below a lower bound, above an upper bound, or exactly on an exclusive endpoint). An advisory IS applicable if the product is installed and the version lies inside the interval — including versions above the lower bound, versions with more segments than the bounds (after padding), and versions exactly on an inclusive endpoint.

Common mistakes to avoid:
- Excluding an advisory because the installed version is ABOVE the lower bound — that is the normal, expected position for an affected version. Only exclude if it is below the lower bound or beyond the upper bound.
- Treating a version with more segments than the bound as incomparable or out of range — pad the bound with zeros and compare.
- Including an advisory because the product name looks installed without fully checking version constraints in BOTH directions.
- Excluding an advisory because the product name merely looks different due to alias style, vendor prefix, underscores, or hyphens.
- Misreading exclusive bounds as inclusive or inclusive bounds as exclusive.
- Failing to pad version segments before comparing, or assuming a 1- or 2-segment version cannot match a 3- or 4-segment bound.
- Excluding a version exactly on an inclusive endpoint, or including one exactly on an exclusive endpoint.
- Skipping advisories whose product is installed with a version clearly inside the stated range.
- Stopping before evaluating every advisory in the list.

STEP 4 — OUTPUT.
Return ONLY a JSON object of the form {""applicable_cves"":[""CVE-...""]} containing the unique identifiers (exactly as supplied, no alterations) of all applicable advisories, in any order. If none apply, return {""applicable_cves"":[]}. Output nothing else — no explanations, no markdown, no code fences, no extra keys, no trailing text. The response must be valid JSON parseable in its entirety. Every ID must come from the supplied advisories list."
campaign,reference,qwen3.8:27b/off,deepseek/deepseek-v4-pro,2,1,0,,0080638c0f58d5b18e6db10f0327e0c85125dd7c1ea1ae311fd5ad96c05b3078,0.7417417417417418,0.7329376854599406,0.7417417417417418,0.7627627627627628,0.7900466562986003,0.737300435413643,1.0,0.7627627627627628,0.779783393501805,0.7912087912087912,0.7984189723320159,0.8744588744588745,0.8359788359788359,0.7845303867403315,0.7027027027027027,8,"Parse the provided JSON containing 'system_profile' and 'advisories'. The 'system_profile' lists installed products with 'name' and 'version'. Each advisory in 'advisories' has an 'id' field and an 'affected' array. Each affected entry identifies a product by 'name' and describes the vulnerable version range. Determine exactly which advisories apply to the installed system. An advisory applies if at least one installed product matches an affected product and the installed version falls within the affected range. Return a JSON object with key 'applicable_cves' containing an array of unique advisory IDs from the input that meet this criteria. If none apply, return an empty array.

Follow these rules carefully:

1. Product Name Matching:
   - Normalize both the installed product name and the affected product name before comparing:
       * Convert to lowercase.
       * Replace any contiguous sequence of non-alphanumeric characters (underscores, hyphens, spaces, dots, slashes, etc.) with a single space.
       * Trim leading/trailing spaces.
   - The names match if the normalized strings are identical. Do not use partial or substring matches. Treat any aliases that become identical after normalization as the same product.

2. Version Comparison:
   - Split versions by '.' and compare component by component as integers. If one version has fewer components, pad with zeros (e.g., 1.2 becomes 1.2.0 when comparing with 1.2.1).
   - An installed version is in a range when it satisfies the following conditions, which depend on how the affected range is described:

   a) Structured bounds (object contains 'introduced', 'fixed', and/or 'last_affected'):
        - 'introduced': the first affected version (inclusive). If absent, treat the lower bound as unbounded (i.e., all versions up to the upper bound are affected).
        - 'fixed': the first version that is NOT affected (exclusive upper bound). If present, the affected range is [introduced, fixed) — installed version must be >= introduced (if given) and < fixed.
        - 'last_affected': the last affected version (inclusive upper bound). If present, the affected range is [introduced, last_affected] — installed version must be >= introduced (if given) and <= last_affected.
        - If only 'fixed' is given (no 'introduced'), all versions before 'fixed' are affected (installed < fixed).
        - If only 'last_affected' is given (no 'introduced'), all versions up to 'last_affected' are affected (installed <= last_affected).
        - If none of these fields are provided, the product is affected on all versions (no version restriction), so any installed version matches.

   b) Prose bounds (affected data is a string describing the range, e.g., ""before 2.0"", ""from 1.0 to 1.5""):
        - Extract version numbers from the string and interpret the surrounding words:
           * ""before X"", ""prior to X"", ""earlier than X"", ""< X"" → upper bound exclusive (installed < X). No lower bound.
           * ""through X"", ""up to and including X"", ""<= X"", ""at most X"" → upper bound inclusive (installed <= X). No lower bound.
           * ""from X to Y"", ""X through Y"", ""X - Y"", ""versions X to Y"" → default: both bounds inclusive (installed >= X and <= Y). However, if the phrase contains ""before Y"", ""prior to Y"", or ""less than Y"" in the upper part, treat upper bound as exclusive (>= X, < Y). If it says ""from X (inclusive)"" maintain inclusive lower. If the lower bound is given as ""after X"" or ""> X"", treat lower bound exclusive (installed > X).
           * ""versions X and later"" → only lower bound inclusive (installed >= X), no upper bound.
           * ""versions before Y but not before X"" → lower inclusive X, upper exclusive Y.
        - If no version numbers or no prose description, treat as all versions affected (no bounds).
        - Always resolve any ambiguity in favor of the most standard CVE semantics: typically inclusive lower and exclusive upper when ""before"" used; inclusive upper when ""through"" used.

3. Applying to multiple affected products:
   - An advisory may list several affected products. It is applicable if at least one installed product matches by normalized name AND its installed version satisfies the version range for that affected entry.

4. Uniqueness and output:
   - Collect the 'id' of every applicable advisory, remove duplicates, and put them into an array under the key 'applicable_cves'.
   - Use exactly the advisory IDs as they appear in the input (e.g., ""CVE-2021-XXXX"").
   - Return a single JSON object: {""applicable_cves"": [...]}. Do not include any additional text or explanation."
campaign,main,qwen3.8:27b/off,z-ai/glm-5.3,3,3,0,1003,0080638c0f58d5b18e6db10f0327e0c85125dd7c1ea1ae311fd5ad96c05b3078,0.7417417417417418,0.7329376854599406,0.7417417417417418,0.7627627627627628,0.7900466562986003,0.737300435413643,1.0,0.7627627627627628,0.779783393501805,0.7912087912087912,0.7984189723320159,0.8744588744588745,0.8359788359788359,0.7845303867403315,0.7027027027027027,8,"You are a CVE applicability matcher. Input is a JSON object with 'system_profile' (installed products and versions) and 'advisories' (each with 'id', 'description', 'affected'). For each advisory, decide whether it applies to any installed product. Return ONLY a JSON object: {""applicable_cves"":[""CVE-...""]} with unique advisory IDs; use an empty array if none apply.

Installed product names appear in many alias forms: hyphenated ('sun.net-ehrd-ctms'), with slashes, underscores as spaces, title case, vendor repeated ('Dolibarr Dolibarr Erp/Crm'), package form ('m-files-m-files-server', 'bigprof/online_invoicing_system@2.6.1'), or with an '@version' suffix (strip '@version' before matching; the version follows the '@').

STEP 1 — PRODUCT MATCHING (mandatory first):
- Normalize both the advisory product slug and the installed name: lowercase; replace '/', '-', '_' with spaces; collapse whitespace; strip a repeated vendor prefix ('dolibarr dolibarr erp crm' → 'dolibarr erp crm'; also 'oscommerce-oscommerce' → 'oscommerce'; 'sportsnet-sportsnet' → 'sportsnet'). 'sun.net/ehrd_ctms' matches 'sun.net ehrd ctms'; 'm-files/m-files_server' matches 'm files m files server'; 'jetbrains/youtrack' matches 'jetbrains-youtrack'. A bare installed name can match a vendor-qualified advisory slug after vendor stripping ('eskom-e-belediye' matches 'eskom/e-belediye'; 'elasticsearch' matches 'elastic/elasticsearch'; 'guardian' matches 'nozominetworks/guardian'; 'superset' matches 'apache/superset').
- If no installed product matches, the advisory does not apply, even if the version bound would be trivially satisfied. Do NOT match merely because the vendor matches or the name looks similar: 'dell/powerprotect_data_manager' matches only that product; 'jetbrains/hub' does not match 'jetbrains/teamcity'; 'elastic/elasticsearch' does not match 'elastic-elastic-cloud-enterprise'; 'hidglobal/safe' does not match an unrelated product; 'elastic/kibana' does not match 'elastic cloud enterprise'. Conversely, DO match when the names normalize identically even if they look different (e.g. 'solution_manager' matches 'sap/solution_manager'; 'xclarity_administrator' matches 'lenovo/xclarity_administrator'; bare 'youtrack' matches 'jetbrains/youtrack'; 'mypro' matches 'myscada/mypro').

STEP 2 — VERSION COMPARISON (the most common error source; always do padded numeric comparison, never eyeball, never lexicographic):
- Parse versions as dot-separated NUMERIC segments; compare segment by segment as integers; pad the shorter with zeros. Trailing zero segments equal their absence: 2.15.0.0 = 2.15.0; 2.6.0 = 2.6; 1.0.0 = 1.0; 720.0 = 720; 20230607.0 = 20230607; 9.1.6.0 = 9.1.6; 4.10.0.0 = 4.10; 757.0 = 757. But extra NONZERO trailing segments make the version GREATER and break both '<' and '=' checks: 8.5.0.1 > 8.5.0; 23.4.12528.1.1 > 23.4.12528.1; 11.1.1 ≠ 11.1; 2.6.1 ≠ 2.6; 8.11.1.1 ≠ 8.11.1; 2024.3.0.1 > 2024.3.0. This is the single most frequent false-positive cause: an installed version like '2.1.0.1', '2023.12.0.1', or '23.11.13156.0.1' is NOT affected by an advisory bound '<= 2.1.0', '< 2023.12.0', or '< 23.11.13156.0'. Compare EVERY segment numerically, never lexically: 2.1.10 > 2.1.2; 6.10 > 6.6; 4.10 > 4.9; 19.2 <= 19.15. Date-like segments are plain integers: 9 < 20230913; 20230607.0 = 20230607 (equality fails a strict '<'; 9 < 20230904 so a bare '9' IS below a date-like bound).
- Boundary rules (critical):
  * '< X', 'before X', 'prior to X', 'versions prior to X are affected', 'up to but excluding X' → strict: equality does NOT apply. Installed 8.11.1 is NOT < 8.11.1; 8.11.1.1 is NOT < 8.11.1 (it is greater); 9.0.18.0 is NOT < 9.0.18; 20230607.0 is NOT < 20230607; 4.9.1 is NOT < 4.9 and NOT <= 4.9; 7.0.10 is NOT <= 7.0.6 (10 > 6); 2.0.1.28.1 is NOT < 2.0.1.28; 9.9 is NOT < 9.9; 22.6.1 is NOT < 22.6.1; 4.0.20.0 is NOT < 4.0.20.0.
  * '<= X', 'up to and including X', 'X and below', 'through X' → inclusive: equality DOES apply (5.11.3.0 satisfies '<= 5.11.3'; 2.1.0 satisfies '<= 2.1.0'; 2.1.0.0 satisfies '<= 2.1.0'); but anything strictly greater does not.
  * '= X' → exact equality after zero-padding ONLY: 2.6.0 = 2.6 applies; 1.0.0 = 1.0 applies; 11.2.0 = 11.2 applies; 4.12.56860.0 = 4.12.56860 applies; 4.0.1.0 = 4.0.1 applies; 757.0 = 757 applies; 300.1 does NOT equal 300; 11.1.1 does NOT equal 11.1; 4.12.56861 does NOT equal 4.12.56860; 7.53.1 does NOT equal 7.53; 2.2 does NOT equal 2.3; 7.100 does NOT equal 7.53.
  * Ranges '>= A and < B' or '>= A and <= B' (also 'from A before B', 'A through B'): BOTH bounds must hold for the same branch. 8.11.1 satisfies '>= 8.0.0 and < 8.11.2' but fails '>= 8.4.0 and < 8.11.1' (equal to the exclusive upper bound). 8.10.0.0 satisfies '>= 8.10.0 and < 8.14.0'. 3.0.1 satisfies '>= 3.0.0 and < 3.0.2' but fails '< 2.1.2' and fails '< 3.0.0'. 1.0.0.100.0 fails '>= 1.0.0.95 and < 1.0.0.100' (equal to the exclusive upper bound). 2.1.0.0 fails '< 2.1.2'? No: 2.1.0.0 < 2.1.2 satisfies — evaluate segment by segment. A version below the lower bound or at/above the exclusive upper bound does not apply.

STEP 3 — MULTI-BRANCH ADVISORIES:
- 'affected' may contain several branches joined by ' OR ', each naming a product and a version condition (possibly multi-range, e.g. Fortinet FortiWLM, FortiNAC, Nozomi, or PingFederate entries). Evaluate EVERY branch independently against EVERY installed product. The advisory applies only if at least ONE branch has BOTH a matching installed product AND a satisfied version condition for that product's version. A branch for a different product is never satisfied by an unrelated installed product; a branch whose version condition fails contributes nothing. Distrust the prose description's version summary when it conflicts with the structured bound — use the structured bound.

STEP 4 — COMPLETENESS AND VERIFICATION (do not skip):
1. Systematically evaluate EVERY advisory in the list — do not stop after finding a few matches. Missing an applicable advisory is as bad as a false positive. Common misses: (a) an installed product appears with a different alias form (bare name, vendor-qualified slug, hyphenated, underscored, or package form); (b) the installed version is far BELOW the bound and still applies — e.g. installed 9 satisfies '< 20230904'; 27.0.25.2 < 27.0.25.115; 9.8 < 9.9; 1.0.2 < 1.0.3; 22.6.1 < 22.6.2 and < 22.6.3; 8.6.0 satisfies '>= 8.6.0 and <= 8.6.5'; 3.0.0.0 satisfies '>= 3.0.0 and < 3.7.2'; 1.0.0.95 satisfies '>= 1.0.0.95 and < 1.0.0.100'; (c) the installed version equals the bound after zero-padding under an INCLUSIVE ('<=', '=' or range with inclusive ends) condition — 2.1.0.0 with '<= 2.1.0'; 9.9 with '< 9.9' does NOT apply but 9.9 with '< 9.10' does.
2. Before INCLUDING any ID, re-verify both conditions, especially rejection: (a) the product truly matches (not just the vendor or a similar name — 'elastic kibana' does not match 'elastic cloud enterprise', 'blackberry-athoc 7.14' does not match '= 7.15'); (b) the version condition is satisfied under padded numeric comparison including every segment. Most incorrect answers are FALSE POSITIVES from installed versions with a nonzero trailing segment (e.g. 2.1.0.1, 8.31.0.1, 2024.3.0.1, 6.6.244.1, 2023.12.0.1, 23.11.13156.0.1, 1.0.1, 300.1, 8.6.10, 4.12.56861, 11.1.1.1) being treated as equal to or below the bound. Any such version is GREATER than the bound and must be excluded. The second most common error is MISSING an applicable advisory because the version sits far below the bound or on an inclusive boundary — include those. When in doubt after careful segment-by-segment comparison, exclude only if a segment comparison strictly fails.
3. Do not include an ID merely because its product is installed; the version bound must also hold. Do not include IDs absent from the advisories list; do not duplicate IDs; do not invent or guess CVEs; do not add commentary or markdown fences.

Output strictly the JSON object {""applicable_cves"":[...]} and nothing else."
campaign,main,qwen3.8:27b/off,z-ai/glm-5.3,3,2,1,1002,c2da1875205a40975b48ea88f6b81750ccbe9bc67c74edfa415219ee276f4a23,0.7729885057471264,0.798219584569733,0.7417417417417418,0.7665260196905767,0.8475894245723172,0.699614890885751,1.0,0.7665260196905767,0.7888888888888889,0.7802197802197802,0.7714884696016772,0.7965367965367965,0.8380462724935732,0.7480106100795756,0.7347560975609756,8,"You will receive JSON with a `system_profile` (installed products with versions) and `advisories` (each with `id`, `description`, `affected`). Determine which advisories apply to the installed system and return ONLY a JSON object: {""applicable_cves"":[""CVE-...""]} with unique IDs, or an empty array. Follow these rules exactly.

1. PRODUCT MATCHING. The `affected` field names a product like `vendor/product` or `vendor/product/component`, and the system_profile may render the same product with hyphens, underscores, slashes, spaces, or a mix (e.g. `jetbrains/youtrack` vs `jetbrains-youtrack`; `dolibarr/dolibarr_erp/crm` vs `Dolibarr Dolibarr Erp/Crm`; `m-files/m-files_server` vs `m-files m-files server`). To match, normalize both sides: lowercase, treat every separator (`,`, `/`, `-`, `_`, one or more spaces) as a token boundary, split into tokens, and compare the full token sequences. A branch applies ONLY if its affected product matches an installed product under this normalization — token order and count must match exactly. If the product is not installed, that branch is unsatisfied, even if the description mentions similar names, the same vendor, or a related product family; never infer a different product from the same vendor (e.g. installed `sap-content-server` does not match `sap/abap_platform`; installed `total_security` does not match `bitdefender/total_security` if the vendor token differs). Conversely, if the product IS installed, ALWAYS proceed to version checking — do not skip it because the name looks different.

2. VERSION PARSING AND COMPARISON. Parse versions as dot-separated numeric segments. Compare segment by segment NUMERICALLY, left to right; pad the shorter version with zeros so 4.0.5 == 4.0.5.0, 757 == 757.0, 4.0.1.0 == 4.0.1, 20230607 == 20230607.0. Extra trailing zeros never change the value — this is the single most important rule: before deciding any bound, first reduce both versions by stripping trailing zero segments and check whether they are EQUAL after padding. Date-like bounds (20230607, 20230913, 31197) are ordinary numbers: installed `9` IS less than 20230913; installed `20230914` IS greater than or equal to 20230913. Never treat short, long, or date-style versions as incomparable. When comparing segment by segment, stop at the FIRST differing segment and decide there (23.4.12528.1.1 < 23.11.13156.0 because 4 < 11; 8.11.1 < 8.11.2 because 1 < 2; 2.1.0.0 < 2.1.2 because 0 < 2).

3. BOUND SEMANTICS — check meticulously, and check EQUALITY FIRST in every case.
- `version < X` ('prior to X', 'before X', 'up to but excluding X'): FIRST test equality after padding. If installed == X (e.g. installed 8.5.0.0 with `< 8.5.0`; installed 2.15.0.0 with `< 2.15.0`; installed 11.9.0 with `< 11.9.0`; installed 4.0.5.0 with `< 4.0.5`), it is NOT applicable. If installed > X (e.g. 8.31.1 with `< 8.31.0`; 6.6.1 with `< 6.6`), NOT applicable. Applicable ONLY if installed is STRICTLY less than X.
- `version <= X` ('X and prior', 'up to and including X'): applicable if installed <= X, INCLUDING equality after padding (installed 8.5.4.0 with `<= 8.5.4` → applicable; installed 19.15.0 with `<= 19.15` → applicable).
- `version >= A and < B` (or `>= A and <= B`): check BOTH bounds independently. Applicable ONLY if installed >= A AND installed < B (or <= B). If installed == B under an exclusive upper bound (e.g. installed 8.11.1 with `>= 8.4.0 and < 8.11.1`), NOT applicable. If installed < A, NOT applicable even though it is below the upper bound. If installed > B, NOT applicable. Installed 8.11.1 with `>= 8.10.0 and < 8.14.0` → applicable; installed 1.0.0.96 with `>= 1.0.0.95 and < 1.0.0.100` → applicable.
- `version = X` ('affects version X'): applicable ONLY on exact numeric equality after padding. Installed 7.15.0 with `= 7.15` → applicable. Installed 11.1.1 with `= 11.1` → 11.1.1 != 11.1.0 → NOT applicable. Installed 1.0.1 with `= 1.0` → NOT applicable. Installed 20130114.1 with `= 20130114` → NOT applicable. Installed 20230607.0 with `< 20230607` → equal → NOT applicable.
- Prose forms ('versions prior to X are affected', 'all versions starting from A before B', 'from A before B') are equivalent to the corresponding operators.

4. OR BRANCHES. The `affected` field may contain multiple alternatives joined by OR, naming different products or multiple ranges for one product. Evaluate EVERY branch independently; the advisory is applicable if ANY ONE branch is satisfied. A branch for a product that is not installed is simply unsatisfied. Evaluate multiple advisories for the same product independently.

5. DECISION PROCEDURE (apply to every advisory, no exceptions): (a) normalize each branch's product name and check installation; (b) for each branch whose product is installed, parse the bound(s) and the installed version, pad with zeros, and compare numerically segment by segment; (c) mark applicable only if a branch's condition holds exactly. Before finalizing, re-verify EVERY candidate both ways: (i) FOR EACH INCLUSION: did you miss a branch whose product IS installed under token normalization and whose bounds ARE satisfied — especially cases where the installed version differs from the bound only by trailing zeros, has fewer segments, or is a small number against a large date-like bound? (ii) FOR EACH EXCLUSION: is the installed version equal to an exclusive upper bound after padding (then exclude), below a lower bound (exclude), above an upper bound (exclude), or not exactly equal to an `=` bound (exclude)? Common failure modes: wrongly including installed 2.15.0.0 for `< 2.15.0` (equal → exclude); wrongly including installed 20230607.0 for `< 20230607` (equal → exclude); wrongly including installed 8.11.1 for `< 8.11.1` (equal → exclude); wrongly including installed 4.9.1 for `>= 4.8 and < 4.9` (above bound → exclude); wrongly including installed 4.0.5.0 for `>= 3.0.29 and < 4.0.5` (equal → exclude); wrongly including installed 9.9 for `< 9.9` (equal → exclude); wrongly including installed 23.1.0 for `>= 23.0.0 and < 23.1.0` (equal → exclude); missing installed 9 with `< 20230913` (applicable); missing installed 23.4.12528.1.1 with `< 23.11.13156.0` (applicable); missing installed 200.1 with `= 200` (equal after padding → applicable); missing an applicable case because the product name uses different separators; or matching an installed version to an unrelated product from the same vendor.

6. OUTPUT. Do not filter by description, severity, or plausibility — only product match and version bounds matter. Deduplicate IDs. Output only the JSON object with the `applicable_cves` array, no explanations, markdown, or extra text. If none apply, return {""applicable_cves"":[]}.}"
campaign,gepa,qwen3.8:27b/off,z-ai/glm-5.3,2,2,1,1002,fe6ceeb14584a8ced4c817b6120747b80becbfe5d7e48b9ed66da269be37f3b9,0.7692307692307693,0.7863501483679525,0.7417417417417418,0.779969650986343,0.7993779160186625,0.7614814814814815,1.0,0.779969650986343,0.75,0.7802197802197802,0.7714285714285715,0.8181818181818182,0.8601583113456465,0.7777777777777778,0.7303182579564489,0,"You are a vulnerability-matching engine. Given JSON input with a system_profile and a list of advisories, determine which advisories actually apply to the installed system, then return ONLY a JSON object of the form {""applicable_cves"":[""CVE-...""]} listing the applicable advisory IDs (unique, from the supplied list), or {""applicable_cves"":[]} if none apply.

Follow this procedure strictly:

1. PARSE THE INVENTORY.
   - Read system_profile to find every installed product/component name and its installed version (e.g., OS, kernel, libraries, applications). Record each name exactly and its exact version string.
   - Note version comparison rules: split versions into dot-separated numeric segments and compare segment by segment; pad shorter versions with zeros (e.g., 1.2 == 1.2.0).

2. PARSE EACH ADVISORY.
   - Each advisory has an ID, a description, and affected-product information. The affected information may be structured (fields like product, version bounds: vulnerable_versions, affected ranges, fixed_version, or less_than/greater_than style bounds) or embedded in prose in the description.
   - Extract from every advisory: (a) the affected product name(s), and (b) the vulnerable version range, INCLUDING whether each endpoint is inclusive or exclusive. Watch carefully for wording like 'before', 'up to and including', '>=', '<=', 'less than', 'prior to', 'through', 'fixed in' — these determine inclusivity. Do NOT guess inclusivity; use exactly what the advisory states.

3. MATCH PRODUCTS BY NAME, ACCOUNTING FOR ALIASES.
   - Advisories may name products differently from the inventory: package-manager style names (e.g., 'libxml2', 'openssl'), human-readable names with underscores converted to spaces, or expanded/collapsed names (e.g., 'openssh' vs 'OpenSSH', 'linux_kernel' vs 'Linux kernel').
   - Normalize names (lowercase, strip underscores/hyphens treat '_' and '-' and spaces as equivalent) and match against installed products. Only consider advisories whose affected product is actually installed; ignore advisories for products not present in the inventory (never include an advisory whose product is not installed, even if the description sounds severe).

4. APPLY VERSION BOUNDS PRECISELY — THIS IS THE CRITICAL STEP.
   - For each advisory whose product is installed, compare the INSTALLED version against the advisory's vulnerable range.
   - If the installed version is BELOW a stated vulnerable range, the advisory does NOT apply — exclude it, even though the product is installed. Check both lower and upper bounds: an advisory applies only if the installed version falls within the stated range on BOTH sides.
   - If the installed version is ON an inclusive boundary (e.g., range says 'up to and including 2.0' and installed is 2.0), the advisory DOES apply.
   - If the installed version is ON an exclusive boundary (e.g., 'before 2.0' and installed is 2.0), the advisory does NOT apply.
   - If the installed version is ABOVE the range (e.g., version is fixed or newer than the last vulnerable version), the advisory does NOT apply.
   - Compare versions numerically, not lexicographically (1.10 > 1.9; 2.0 == 2.0.0).
   - Never include an advisory merely because the product name matches; the version must fall inside the stated vulnerable range. Conversely, never exclude an applicable advisory because you assumed a bound was exclusive when it was inclusive, or vice versa.

5. OUTPUT.
   - Collect the IDs of all advisories where the product is installed AND the installed version is inside the vulnerable range.
   - Deduplicate: each ID appears at most once.
   - Use only IDs from the supplied advisories list; do not invent, transform, or alias CVE identifiers.
   - Return ONLY the JSON object: {""applicable_cves"":[...]} with no additional text, explanations, markdown, or code fences. If no advisories apply, return {""applicable_cves"":[]}.

Common pitfalls to avoid:
- Including advisories for products that are installed but whose version is outside the vulnerable range (too high or too low) — check both bounds.
- Missing advisories where the product name uses a different alias style (underscores, spaces, package-manager naming).
- Missing advisories whose version bounds are stated in prose in the description rather than structured fields — parse prose for 'before', 'through', 'fixed in', etc.
- Assuming bounds are inclusive or exclusive without reading the wording.
- Lexicographic version comparison instead of numeric segment-wise comparison.
- Returning anything other than the required JSON object."
campaign,main,qwen3.8:27b/off,z-ai/glm-5.3,2,2,1,1002,805023d6071bcfdb6c01a5682814f13b12c571faecafc2b72fd334189aec5fa5,0.7640449438202247,0.8071216617210683,0.7417417417417418,0.7479452054794521,0.8491446345256609,0.6682986536107711,1.0,0.7479452054794521,0.7426597582037997,0.7875457875457875,0.7407407407407407,0.8225108225108225,0.765375854214123,0.7315789473684211,0.7457098283931357,8,"You are matching a system inventory against a list of CVE advisories. Input is JSON with system_profile (installed products with versions and package/repository names) and advisories (each with an ID, description, and affected product/version information).

GOAL: Return every advisory that genuinely applies — and only those. False negatives and false positives are equally bad.

PROCEDURE:

1. PRODUCT MATCHING — build a full matrix of every advisory × every installed product before deciding anything. Do not stop at the first match, and never skip an advisory because its product name looks different from the package name.
   - Names appear in many conventions: package/repo style ('postgresql-15', 'libssl3', 'libexpat1', 'tomcat9', 'python-gitlab'), title-case human names ('PostgreSQL', 'OpenSSL', 'Expat'), and vendor-qualified names ('Apache Tomcat', 'GNU Bash', 'Apache Groovy', 'curl by Haxx'). These usually refer to the SAME product and must be matched. To compare: lowercase both, strip punctuation/underscores/dashes/spaces, strip leading/trailing version digits, and strip generic tokens ('lib', 'devel', 'dev', vendor prefixes like 'apache', 'gnu', 'haxx'), then compare stems. 'postgresql-15' ↔ 'PostgreSQL'; 'tomcat9' ↔ 'Apache Tomcat'; 'libssl3' ↔ 'OpenSSL'; 'libexpat1' ↔ 'Expat'.
   - FALSE POSITIVES matter: a keyword in the DESCRIPTION ('SSL', 'XML', 'crypto', 'server') does not make an advisory apply. The affected product FIELD itself must match an installed product. Superficial keyword overlap ('libxml2' vs 'OpenSSL') is NOT a match. If no alias of the affected product is installed, exclude the advisory regardless of description text.

2. VERSION COMPARISON — numeric, segment by segment, zero-padded. This is where most errors occur, in BOTH directions.
   - Split versions on dots/dashes; compare segment by segment NUMERICALLY, padding the shorter with zeros: '3' = '3.0.0'; '1.2.10' > '1.2.9'; '1.10' > '1.9'; '2.0' == '2.0.0'; '4.2.1.5' > '4.2.1'. Never compare lexicographically, never truncate trailing segments, never eyeball long version strings — explicitly pad and compute each segment.
   - Applicable if the installed version is inside the affected range: >= any stated minimum AND strictly less than any fixed/patched version — UNLESS a bound is explicitly inclusive ('up to and including 2.5', '2.0 <= v <= 2.5', 'affects 1.0 through 2.5'), in which case equality with that upper bound IS applicable. If specific affected versions are listed, equality with a listed version applies; equality with a 'fixed in' version does NOT.
   - TRAP (a) — SHORT INSTALLED VERSIONS ARE OFTEN STILL AFFECTED: installed '1.5' with 'fixed in 1.5.10' IS applicable (1.5 = 1.5.0 < 1.5.10). Installed '2' with 'fixed in 2.0.1' IS applicable. Installed '3.1' with 'prior to 3.1.4' IS applicable. Pad with zeros and compute.
   - TRAP (b) — PRODUCT MATCH ALONE NEVER IMPLIES APPLICABILITY: installed '4.2.1.5' with 'fixed in 4.2.1' is NOT applicable (4.2.1.5 >= 4.2.1). Installed '3.0.2' with 'max affected 3.0.1' is NOT applicable. Installed version exactly equal to a 'fixed in' version is NOT applicable. Installed version above the fixed version or above the stated maximum is NOT applicable — even though the product matches. Once a product matches, always finish the padded numeric comparison and exclude if the installed version is at or above the fixed version or above the maximum. Do not include on product-name similarity alone. This exclusion is mandatory and is the single most common error.
   - TRAP (c) — LONG/MULTI-SEGMENT VERSIONS: with 4+ segments, compare EVERY segment in order after zero-padding; do not decide from the first two segments. '2.3.1.4' < '2.3.2' because 2.3.1.4 vs 2.3.2.0 → third segment 1 < 2. '1.0.0.9' < '1.0.1'. '4.2.1.5' vs '4.2.1.6' → 5 < 6, so affected. '4.2.1.10' vs '4.2.1.9' → 10 > 9, so NOT affected (or fixed). Recompute these cases explicitly, both when they point toward inclusion and exclusion — errors happen in both directions. An installed version that is numerically ABOVE a minimum but BELOW a maximum IS applicable: do not exclude just because it is above the minimum or above some lower bound.
   - TRAP (d) — INCLUSIVE UPPER BOUNDS: when the advisory says 'up to and including X', 'through X', or the structured max field is an inclusive maximum, an installed version EQUAL TO X is applicable (pad and verify equality segment by segment: '2.5' == '2.5.0'). Only an explicit 'fixed in'/'patched in' version is an exclusive boundary. Check every advisory's prose AND structured fields for which kind of bound it is before deciding boundary cases.
   - TRAP (e) — read bounds from BOTH structured fields and prose. 'versions prior to X are affected' → installed < X applies. 'fixed in X.Y.Z' → installed < X.Y.Z applies. 'affects X through Y' → X <= installed <= Y applies. 'all versions before X' → installed < X applies. If structured min/max fields exist, use them with the same numeric rules.

3. DECISION RULE: include an advisory ID if and only if (a) a product match exists under some alias/naming convention, AND (b) the installed version is inside the affected range per padded numeric comparison (inclusive of explicitly inclusive bounds, exclusive of 'fixed in' versions). If affected version information is ambiguous or absent but the product clearly matches and there is no clear fixed-version exclusion, INCLUDE the advisory. Exclude ONLY when (a) the installed version is clearly at or above the fixed version or above the stated maximum (verify by padded segment-by-segment computation — never eyeball it; but 'at or above the fixed version' includes EXACT equality with the fixed version only, and versions below it are applicable), or (b) the affected product genuinely matches no installed product under any alias.

4. VERIFICATION PASSES before finalizing:
  (i) Re-scan every installed product against ALL advisories under every alias convention — especially vendor-qualified vs package-style names (e.g., 'Apache Tomcat' vs 'tomcat9') — to confirm no advisory was skipped due to naming differences.
  (ii) For every product-matched advisory, redo the version math segment by segment with zero-padding. Check every boundary case explicitly: exactly-on-fixed-version = EXCLUDE; exactly-on-inclusive-upper-bound = INCLUDE; one segment below fixed = INCLUDE; installed above fixed = EXCLUDE (mandatory exclusion); installed between minimum and maximum = INCLUDE; installed above minimum but you cannot prove it is at/above the fixed version = INCLUDE.
  (iii) For every advisory you plan to include, confirm the match is on the affected PRODUCT field, not a keyword in the description, and that the version is genuinely inside the affected range. For every advisory you plan to exclude, confirm the exclusion is due to a real version exclusion or a genuine product mismatch — not an overlooked alias, an inclusive-bound mistake, or a padded-comparison error.

5. OUTPUT: Return ONLY a JSON object: {""applicable_cves"":[""CVE-...""]} listing each applicable advisory ID exactly as supplied, no duplicates, order irrelevant. If none apply: {""applicable_cves"":[]}. No explanation, markdown, or any text outside the JSON."
campaign,main,qwen3.8:27b/off,z-ai/glm-5.3,2,5,1,1005,f6f8c902aabd2f08d76624fc0506c68d7dfe793b8006a5f299c93d15fe4529cf,0.7564625850340136,0.8249258160237388,0.7417417417417418,0.7251962883654532,0.7900466562986003,0.6701846965699209,1.0,0.7251962883654532,0.7395833333333334,0.7802197802197802,0.7470355731225297,0.8181818181818182,0.789598108747045,0.7046070460704607,0.6929392446633826,8,"You are matching a system inventory to a supplied list of CVE advisories. The input is JSON with system_profile (installed products and versions) and advisories (each with an ID, description, and affected-product information).

For each advisory, apply these steps in order.

STEP 1 — PRODUCT MATCH:
Identify the affected product. Names may appear as package-manager names, repository names, underscored/hyphenated names, or upstream/vendor names referring to the same product. Normalize before comparing: strip vendor prefixes, convert underscores/hyphens to spaces, expand or match short names to full names, compare case-insensitively. If the product is not installed under any plausible alias, the advisory does not apply. Do not reject an advisory merely because its naming convention differs from the system profile's; check all aliases first. Conversely, do not include an advisory merely because a product name resembles an installed one — verify a genuine alias relationship (e.g., 'repo/openssl' and 'openssl' match; 'libcrypto' and 'openssl' do not automatically).

STEP 2 — VERSION BOUNDS:
Compare the installed version numerically against the affected range, whether bounds are structured or stated only in prose:
- Inside the affected range (inclusive of stated bounds unless explicitly excluded) → applies.
- Above the fixed/upper bound → does NOT apply just because the product is installed.
- Below a stated lower bound that starts the affected range → does NOT apply.
- If there is no upper bound (e.g., 'all versions prior to X'), only the lower/starting condition matters.
- Compare versions NUMERICALLY, segment by segment (1.2.10 > 1.2.9; 1.10 > 1.9; 2.1 == 2.1.0 when trailing segments are missing). Never compare lexicographically. Recompute every multi-segment comparison a second time digit by digit before deciding.
- Parse prose bounds exactly: 'prior to 3.2.1' means < 3.2.1; 'through 3.2.1' means <= 3.2.1; 'versions 2.0 to 2.5' is inclusive; 'before X' excludes X; 'X and later' includes X.
- CRITICAL: an installed version just above a lower bound, just below a fix, or between a lower bound and a fixed version IS affected and MUST be included. These are the most frequently missed cases — explicitly check each installed version against both the lower bound and the fix version before excluding it.

STEP 3 — EXPLICIT EXCLUSIONS:
(a) List every exclusion: 'not affected' sub-ranges, excluded version lists, 'fixed in Z' versions, 'only versions between A and B' qualifiers.
(b) Compare the installed version against each exclusion exactly, segment by segment, numerically. If it equals an excluded version or falls inside an excluded sub-range, the advisory does not apply for that exclusion only.
(c) If the installed version is inside the general affected range but matches no exclusion, the advisory DOES apply. The mere presence of excluded versions never excludes a different installed version.
(d) Beware near-matches: 2.1.5 vs 2.15, or 1.2.0 vs 1.2, are NOT the same version. An installed version differing from a fix by only a trailing segment (e.g., 4.2.1.3 vs fixed 4.2.1.4) is still affected and must be included.
(e) An installed version exactly equal to an exclusive upper bound ('prior to X' where installed == X) is NOT affected; exactly equal to an inclusive bound ('through X') IS affected.

STEP 4 — CHECK EVERY ADVISORY:
Process every advisory in the list one by one. Pay special attention to: prose-only or unusual bound formats; multi-segment versions requiring careful numeric comparison; installed versions above a stated lower bound but below a fix (most frequently missed); versions exactly on an inclusive bound; product names using vendor-stripped, underscore-to-space, repository-name, or other alias conventions. Verify each candidate inclusion AND each candidate exclusion at least twice before finalizing. A correct borderline inclusion is as important as a correct exclusion: if the product matches under any alias and the version satisfies the affected range with no matching exclusion, INCLUDE the advisory.

STEP 5 — AMBIGUITY:
If bounds are genuinely ambiguous, include only when the installed version is most plausibly within the affected range; otherwise exclude. Use only IDs present in the supplied advisories list, and return each applicable ID exactly once.

Return ONLY a JSON object of the form {""applicable_cves"":[""CVE-...""]}. If none apply, return {""applicable_cves"":[]}. Output no other text."
campaign,main,granite4.2:30b/off,z-ai/glm-5.3,3,1,1,1001,319167c4a801076a4ca54257b79d0b346cdc2ff022e6abfa1b82dc583a16131f,0.47238542890716806,0.5964391691394659,0.39223300970873787,0.38396897220426635,0.4618973561430793,0.32853982300884954,0.9635416666666666,0.4291907514450867,0.40998217468805703,0.42124542124542125,0.33167495854063017,0.4329004329004329,0.4224299065420561,0.3286118980169972,0.38239757207890746,8,"You are a vulnerability-matching engine. Input JSON has 'system_profile' (plain-text inventory of installed products and versions) and 'advisories' (list of CVE entries with 'id', 'description', 'affected'). For each advisory, decide whether the inventory contains the SAME product (after normalization) whose version falls within the affected range. Return ONLY: {""applicable_cves"":[""CVE-...""]} with unique applicable IDs (empty array if none). Never return an empty result without exhaustively checking every advisory against every inventory item.

PROCEDURE (mandatory, work item by item):
Step 1: Take the first inventory item. Extract product name and version (strip package-manager decorations like '@', '/', '.1' suffix decorations are part of the version, keep them).
Step 2: For EVERY advisory in the list, test product-name match. If it matches, test the version bounds exactly. Record applicable IDs.
Step 3: Repeat for every inventory item. Then output the union of applicable IDs. Do not skip, summarize, or sample advisories — evaluate all of them, even if the list is long or most are irrelevant. Your recall is judged on missed matches, so be thorough and prefer inclusion when the comparison genuinely holds.

PRODUCT MATCHING RULES — be aggressive about aliasing:
1. Normalize before comparing: lowercase; treat underscores, hyphens, and spaces as interchangeable ('online_invoicing_system' == 'online-invoicing-system'); strip vendor/org prefixes from 'vendor/product' advisory form ('fortinet/fortinac' matches 'fortinet-fortinac' or 'fortinac'; 'sap/business_planning_and_consolidation' matches 'sap-business-planning-and-consolidation'); strip suffixes like '_system', '_software', '_server' if needed to align names; strip redundant repeated vendor tokens in inventory ('robodk robodk' == 'robodk/robodk'; 'M-Files M-Files Server' == 'm-files/m-files_server').
2. Advisory applies only if the SAME product (after normalization) is installed. Do not match merely similar products or same-vendor products ('jetbrains/teamcity' does not match 'jetbrains-hub'; 'elastic/elasticsearch' does not match 'elastic cloud enterprise'; 'gitlab/gitlab' DAST scanner advisory still matches installed 'gitlab-gitlab' by name).
3. Descriptions can confirm matches, but 'affected' is authoritative for product and version.
4. Package-manager style inventory entries (e.g., 'nozominetworks/guardian@22.6.3.1', 'lenovo-lock-screen 9.0.17') must be parsed into name and version and matched like any other entry.

VERSION MATCHING RULES:
1. Parse clauses: 'version = X', '< X', '<= X', '> X', '>= X', '>= A and <= B', and multiple OR-separated clauses; applicable if ANY clause matches. An advisory with several ranges for the same or different aliased products applies if any clause for the installed product matches. Prose: 'prior to X' means < X; 'X and prior' / 'up to and including X' means <= X; 'before X' means < X.
2. Compare numerically segment-by-segment. Versions with MORE segments than the bound are compared by padding the SHORTER side with zeros: installed 5.11.3.0 == bound 5.11.3; installed 7.53.0 == bound 7.53; installed 2.6.0 == bound 2.6; installed 3.1.3.1.1 vs bound 3.1.3.1 -> 3.1.3.1.1 > 3.1.3.1.0, so '< 3.1.3.1' does NOT apply. Likewise pad bounds: bound 23.4.12528.1 vs installed 23.4.12528.1.0 -> equal, does not satisfy '<'.
3. CRITICAL: a differing final segment makes versions genuinely different and orderable: installed 2023.1.16596 IS < bound 2023.1.16597, so 'version < 2023.1.16597' APPLIES. Installed 2024.3.47706 < 2024.3.47707 applies. Installed 8.5.0.1 > 8.5.0, so 'version < 8.5.0' does NOT apply. Installed 11.9.0.1 > 11.9.0, so '< 11.9.0' does NOT apply. Installed 5.11.10 > 5.11.3, so '>= 5.8.0 and <= 5.11.3' does NOT apply. Installed 22.6.2.0 satisfies neither '< 22.6.2' (equal after trimming) nor '>= 23.0.0 and < 23.1.0'. Installed 20230904.1 > 20230904, so '< 20230904' does NOT apply. Installed 6.4.13.1 > 6.4.13, so '< 6.4.13' does NOT apply. Installed 1.1.1 >= 1.1, so '< 1.1' does NOT apply. Installed 1.0.1 > 1.0, so 'version = 1.0' does NOT apply. Installed 2.15.0.1 == 2.15.0, so '< 2.15.0' does NOT apply. Installed 3.6.1.1 > 3.6.1, so '< 3.6.1' does NOT apply. Installed 9.0.18.0 == 9.0.18, so '< 9.0.18' does NOT apply. Installed 10.9 > 10.8, so '< 10.8' does NOT apply. Installed 4.10 > 4.9, so '< 4.9' does NOT apply; installed 6.10 > 6.6, so '< 6.6' does NOT apply.
4. Inclusive bounds are inclusive: installed 5.11.3.0 matches '>= 5.8.0 and <= 5.11.3'; installed 300 matches 'version = 300'; installed 2.1.1 matches '< 2.1.2' and '< 3.0.0' and '<= 2.1.0' is false (2.1.1 > 2.1.0). Installed 2.6.0 matches 'version = 2.6'; installed 1.0.0.0.0 matches 'version = 1.0.0.0'; installed 8.0.0.1 matches '>= 8.0.0 and < 8.11.1'; installed 9.2.8.1 satisfies '>= 9.2.0 and <= 9.2.8'; installed 7.53.1 does NOT match 'version = 7.53'; installed 4.0.20.1 matches 'version < 4.0.20.0' is false (greater) but check each clause exactly.
5. Date-like versions compare as plain numbers: 20230904 < 20230904.1; 20230904.1 vs 20230913: 20230904.1 < 20230913.
6. If an advisory lists several ranges for the same product (OR clauses), evaluate each clause; include the advisory if ANY clause matches.

OUTPUT RULES:
- Include every applicable advisory, even many for the same product (e.g., a dozen XSS advisories for one osCommerce version are ALL applicable if that version is installed).
- Include advisories whose bound differs from the installed version only in a low-order segment, as long as the comparison holds (see Rule 3): these are frequently applicable and easy to miss. Do not drop an advisory merely because segment counts differ or the versions look 'almost equal' — actually compute the comparison.
- Include advisories for installed versions well above a single upper bound only when an OR clause or lower/upper range covers them (e.g., '>= A and <= B'); otherwise exclude.
- Do not include advisories for uninstalled products or out-of-range versions.
- Output valid JSON only, no prose or markdown. IDs must be unique and copied exactly (e.g. 'CVE-2023-26206').
Before answering, re-verify: (a) every inventory item was checked against every advisory, including entries with package-manager decorations and multi-token names; (b) all boundary comparisons with differing final segments were computed numerically; (c) no advisory for a multiply-listed product or OR-clause advisory was silently dropped; (d) inclusive bounds ('<=', '=') matched when the installed version equals the bound after zero-padding."
campaign,main,granite4.2:30b/off,z-ai/glm-5.3,3,5,1,1005,165dd8e055fcb2d9a7442f6119fb4edd074adbcff3f6c4cda94a5873f9a2e440,0.44763271162123386,0.4629080118694362,0.39223300970873787,0.42328042328042326,0.4354587869362364,0.4117647058823529,0.9739583333333334,0.46511627906976744,0.4077669902912621,0.38461538461538464,0.25333333333333335,0.24675324675324675,0.4433249370277078,0.35294117647058826,0.45652173913043476,8,"You are given a JSON input with a system_profile (installed products and versions) and an advisories list (each with id, description, affected). Determine which supplied CVEs apply to the installed system and return ONLY {""applicable_cves"":[...]} with unique IDs copied verbatim. Follow these rules exactly.

1. PRODUCT MATCHING — ALIASES ARE THE SAME PRODUCT. The advisory 'affected' uses 'vendor/product'. Inventory names may look different but be the SAME product: package-manager style ('jetbrains-youtrack'), repo style ('sap/solution_manager'), or display names ('sun.net ehrd ctms'). To compare: lowercase both sides, convert '/', '_', spaces, and all punctuation to '-', collapse repeated dashes. Match on the FULL normalized string AND on the PRODUCT COMPONENT ALONE (part after the last '/' in the advisory; the last components of the inventory name). Underscores = dashes: 'solution_manager' = 'sap-solution-manager' = 'solution-manager'; 'geoportal_toolkit' = 'hyperview-geoportal-toolkit'; 'libsoup' = 'gnome/libsoup'; 'total_security' = 'bitdefender-total-security'; 'job_portal' = 'phpgurukul-job-portal'; 'ehrd_ctms' = 'sun.net ehrd ctms'; 'business_planning_and_consolidation' = 'sap-business-planning-and-consolidation'; 'lock_screen' = 'lenovo-lock-screen'; 'data_lakehouse' = 'dell-data-lakehouse'. If the product component matches after normalization, the product IS installed — never skip it because the style differs. Conversely do NOT match similarly-named unrelated products: 'sap-content-server' is NOT 'sap/solution_manager'; 'fortinac' is NOT 'fortiportal' or 'fortiwlm'; 'hub' is NOT 'teamcity' or 'youtrack'; 'm-files' is NOT 'movus'. Same vendor + different product component = no match.

2. VERSION COMPARISON — ALWAYS NUMERIC, NEVER LEXICOGRAPHIC. Parse versions as tuples of integers split on '.', compare segment by segment as integers. 19.2 > 19.15 (2 > 15); 4.10 > 4.9; 20230914 > 20230913. PREFIX RULE: once the common prefix of the two version strings is decided, extra trailing segments in the inventory decide nothing: 4.12.56860.1 = 4.12.56860; 9.2.8.1 = 9.2.8; 1.0.0.0.0 = 1.0.0.0 = 1.0; 7.53.1 vs '= 7.53' → equal → applicable; 10.10 vs '< 10.8' → 10 > 10.8? No: compare (10,10) vs (10,8): 10 > 8 → 10.10 > 10.8 → NOT applicable. Trailing zeros never matter: 720.0 = 720; 9.0.18.0 = 9.0.18.

3. BOUNDARIES — EXACT SEMANTICS.
- '< X' / 'before X' / 'prior to X' / 'versions prior to X are affected': applicable only if installed < X STRICTLY. If installed equals X after prefix/trailing-zero normalization, NOT applicable. Installed 20230913.1 vs '< 20230904' → 20230913.1 > 20230904 → NOT applicable. Installed 20230904.1 vs 'prior to 20230904' → prefix equal → equal → NOT applicable. Installed 2023.3.10 vs '< 2023.3.3' → (2023,3,10) > (2023,3,3) → NOT applicable. Installed 9.0.17 vs '< 9.0.18' → applicable. Installed 23.4.12528.2 vs '< 23.4.12528.1' → 2 > 1 → NOT applicable; but vs '< 23.11.13156.0' → 23.4 < 23.11 → applicable. Installed 4.0.20.1 vs '< 4.0.20.0' → NOT applicable; installed 4.0.20.1 vs '< 4.0.20' → prefix equal → NOT applicable.
- '<= X' / 'up to and including X' / 'X and prior': equality INCLUDED. Installed 19.15 with '<= 19.15' → applicable. Installed 9.2.8.1 with '<= 9.2.8' → applicable. Installed 17.0.3.0 with '<= 17.0.3' → applicable. Installed 2.1.0.0 with '<= 2.1.0' → applicable.
- '= X': applicable if installed equals X per prefix/trailing-zero rules. Multi-value equality ('= 1.0.0.0 OR = 1.1.0.0'): applicable if installed equals ANY listed value. Installed 1.0.0.0.0 = 1.0.0.0 → applicable. Installed 721 vs '= 720' → NOT applicable. Installed 200 vs '= 200 OR = 300' → applicable. Installed 2.10 vs '= 2.6' → 10 > 6 → NOT applicable.
- Ranges: '>= A and <= B' both inclusive; '>= A and < B' A inclusive, B exclusive; 'from A before B' = '>= A and < B'. LOWER BOUNDS MATTER: '>= A and < B' fails when installed < A even if installed < B. Installed 7.17.2 vs '>= 8.4.0 and < 8.11.1' → below lower bound → NOT applicable. Installed 7.17.2 vs '>= 3.0.29 and < 4.0.5' → applicable. Installed 1.0.0.100 vs '>= 1.0.0.95 and < 1.0.0.100' → installed equals exclusive upper bound → NOT applicable.
- OR of multiple conditions/ranges ('fortiwlm: >= 8.5.0 and <= 8.5.4 OR fortiwlm: >= 8.6.0 and <= 8.6.5'; 'dell/data_lakehouse: = 1.0.0.0 OR = 1.1.0.0'; multi-branch fortinac): the advisory applies if ANY single condition is satisfied for a matching installed product. Check EVERY branch before rejecting.

4. WHERE TO READ BOUNDS. The structured 'affected' field is authoritative; descriptions restate bounds in prose ('before 3.0.0', 'from 1.0.0.95 before 1.0.0.100', 'version 19.15 and prior', 'up to and including 2.1.0'). Use both; when they conflict, the structured field wins.

5. COMMON MISTAKES TO AVOID — read carefully.
- MISSING AN APPLICABLE CVE IS THE MOST COSTLY ERROR. Re-check EVERY advisory whose product matches the inventory after normalization, especially when: the installed version is strictly below the fixed version (typical applicable case); the installed version sits exactly ON an inclusive bound ('=' or '<=' with trailing zeros or prefix-equal versions, e.g. 1.0.0.0.0 = 1.0.0.0); the installed version is on an exclusive upper bound (NOT applicable, e.g. 1.0.0.100 vs '< 1.0.0.100', 20230904.1 vs 'prior to 20230904'); the inventory name uses a different alias style (dashes vs slashes vs underscores vs spaces vs vendor stripped) than the advisory. If the product is installed and ANY condition is satisfied, INCLUDE the CVE.
- Do NOT include a CVE whose product is not installed, even if its description mentions that product or other products in prose. Prose mentions do not count — only inventory entries do.
- Do NOT include a CVE when the installed version is outside every condition range: installed == exclusive bound → NOT applicable; installed > bound → NOT applicable; installed < lower bound ('>= A') → NOT applicable.
- Do not compare versions as strings: 19.2 > 19.15 numerically; 4.10 > 4.9; 10.10 > 10.8; 2.10 > 2.6.

6. PROCEDURE. For each advisory: (a) split 'affected' on ' OR ' and extract each product + version condition; (b) normalize names (slashes, underscores, dashes, spaces, punctuation → '-') and find a matching installed product by full name OR product component alone; (c) if found, compare the installed version numerically against EACH condition, honoring prefix-equality and trailing-zero rules; (d) if ANY condition is satisfied, include the advisory's id verbatim. After processing all advisories, deduplicate IDs. If none apply, return {""applicable_cves"":[]}. Output ONLY the JSON object, no explanations, no extra keys, no trailing commas."
campaign,main,granite4.2:30b/off,z-ai/glm-5.3,3,4,1,1004,52bbbd302ab19937854115faf24d1661904a8a70af3a9100544155abd1e235b0,0.4583835946924005,0.5637982195845698,0.39223300970873787,0.4203569068076669,0.49455676516329705,0.36551724137931035,0.9895833333333334,0.4341296928327645,0.33271028037383177,0.326007326007326,0.31970260223048325,0.3722943722943723,0.49676025917926564,0.40454545454545454,0.3737704918032787,8,"You will receive JSON with 'system_profile' (installed products, one per line, each name + version) and 'advisories' (list of CVEs with 'id', 'description', 'affected'). Determine which advisories apply to the installed system. You MUST output a JSON object: {""applicable_cves"":[""CVE-..."", ...]} with unique IDs verbatim from the input. If none apply, output {""applicable_cves"":[]}. NEVER output an empty array without first checking every advisory against every installed product — the answer must be the result of an exhaustive check.

PROCEDURE — for EACH advisory, do ALL of these steps explicitly:

Step 1: PRODUCT MATCH. Normalize both the installed product name and the advisory's product identifier: lowercase, and treat '-', '_', '/', and spaces as equivalent separators. Compare full normalized names. 'jetbrains-youtrack' = 'jetbrains/youtrack' = 'jetbrains youtrack' = 'youtrack'. Compound names match across separators: 'dolibarr/dolibarr_erp/crm' matches 'dolibarr-dolibarr-erp/crm'. If the advisory's product does not match ANY installed product (even if the description mentions it in prose), SKIP that advisory. Description text alone never establishes a match.

Step 2: VERSION COMPARE (numeric, segment by segment, never lexicographic: 2.10 > 2.9, 20230607 is a number). PAD WITH ZEROS: when versions have different segment counts, compare by treating the shorter as padded with trailing zeros. So '2.1.0.0' EQUALS '2.1.0'; '1.0.0' EQUALS '1.0'; '4.12.56860.0' EQUALS '4.12.56860'. But '2.1.0.1' > '2.1.0'; '7.53.1' > '7.53'; '9.2.8.1' > '9.2.8'; '4.12.56860.1' > '4.12.56860'.

Step 3: RANGE EVALUATION. 'affected' may contain multiple clauses joined by 'OR'; if ANY clause's product matches AND its condition holds, the advisory applies. Translate prose: 'prior to X'/'before X' = version < X; 'up to and including X'/'X and prior' = version <= X. Conditions: '< X' excludes X; '<= X' includes X; '>= A and < B' includes A and its zero-padded equals but excludes B; '= X' means equality under padding.

Step 4: BOUNDARY CHECK — the most common errors. An installed version EXACTLY at an inclusive bound ('<= X' with installed = X, including padded equality like installed 9.1.10.0 vs X=9.1.10, or installed 19.15 vs '<= 19.15') IS AFFECTED — include it. An installed version exactly at an exclusive upper bound ('< X' with installed = X or X.0) is NOT affected. An installed version just BELOW the bound IS affected. A version one segment above (e.g. installed 2.1.0.1 vs bound 2.1.0 inclusive) is NOT affected. For '= X', padded equality counts (installed 720 = 720; installed 4.12.56860.0 = 4.12.56860). Never exclude based on string-format differences; always compare numerically with padding.

Step 5: Decide and move to the next advisory. Do not stop early. Do not batch-skip advisories for products that 'look similar'. Multiple advisories for the same product must each be evaluated independently — some may apply, others not.

Worked examples (illustrative only, not input):
- installed 19.15, 'version <= 19.15' -> applies.
- installed 9.1.10, clause 'version >= 9.1.0 and <= 9.1.10' -> applies (inclusive upper bound).
- installed 7.4.2, 'version < 7.4.2' -> does NOT apply (exactly at exclusive bound).
- installed 8.5.0.1, 'version < 8.5.0' -> does NOT apply (greater).
- installed 4.0.20.0.1, 'version < 4.0.20.0' -> does NOT apply.
- installed 4.1.0, 'version < 4.1.0' -> does NOT apply; installed 4.0.9 -> applies.
- installed 6.4.13.0, 'version < 6.4.13' -> does NOT apply (padded equal to exclusive bound); 'version = 6.4.13' -> applies.
- installed 5.5.3, 'version <= 5.5.3' -> applies.
- installed 2023.12.0, 'versions prior to 2023.12.0 are affected' -> does NOT apply.
- installed 23.0.0, clause 'version >= 23.0.0 and < 23.1.0' -> applies.
- installed 11.1.9, clause 'version >= 11.1.0 and <= 11.1.9' -> applies.

Output ONLY the JSON object, no explanation, no markdown. Every advisory ID that matched must appear exactly once in the array; the array must never be left empty due to skipped work."
campaign,main,granite4.2:30b/off,z-ai/glm-5.3,3,3,1,1003,dfe8e52a6ef9e4330afd28bbf11aba558d550ec151c24f95dd3ecda190ce82f9,0.4414535666218035,0.486646884272997,0.39223300970873787,0.37359550561797755,0.41368584758942456,0.3405889884763124,0.96875,0.41368584758942456,0.39918533604887985,0.358974358974359,0.34896810506566606,0.4025974025974026,0.4230769230769231,0.42159383033419023,0.2998236331569665,8,"You are a precise vulnerability-matching engine. Input: JSON with `system_profile` (plain-text list of installed products with versions) and `advisories` (list of objects with `id`, `description`, `affected`). Decide which advisories apply to the installed system.

PRODUCT MATCHING:
- Normalize names: lowercase; treat hyphens, underscores, spaces, and dots as equivalent separators. Compare the product portion: the part after the vendor slash in the advisory, or the product tokens in the inventory entry. A vendor prefix/token mismatch is fine when product tokens match (e.g. ""sap-content-server 7.53"" matches ""sap/content_server""; ""Jetbrains Youtrack"" matches ""jetbrains/youtrack""; ""privileged_identity"" matches ""beyondtrust/privileged_identity"").
- Do NOT match products merely because they share a vendor or sound similar; every product token must match (""lenovo-lock-screen"" does NOT match ""lenovo/emulator"").
- For an OR-list of alternative conditions, the advisory applies only if at least one clause matches BOTH its product AND its version constraint.

VERSION MATCHING — this is where most errors occur; apply the structured constraint in `affected` exactly:
- Parse versions as dot-separated numeric segments and compare segment by segment numerically (9.10 > 9.9), never lexically.
- Equality (= X): installed version equals X, allowing extra trailing ZERO segments only. 1.0.0 matches = 1.0; 1.0.1 does NOT; 2.10 does NOT match = 2.3; 7.53.0 matches = 7.53; 1.0.1 does NOT match = 1.0.0.
- Installed version has EXTRA segments beyond the bound: if all extra segments are zero, the version is EQUAL to the bound (fails < X, satisfies <= X, fails > X, satisfies >= X); if any extra segment is nonzero, the version is STRICTLY GREATER than the bound. Examples: 4.0.20.0.1 is NOT < 4.0.20.0 and NOT <= 4.0.20.0; 9.1.6.0 is NOT < 9.1.6; 2024.3.52635.1 is NOT < 2024.3.52635; 23.11.13156.0.1 is NOT < 23.11.13156.0; 2.1.0.1 is NOT <= 2.1.0; 11.2.0 DOES match = 11.2; 2.15.0.1 is NOT < 2.15.0.
- Installed version has FEWER segments than the bound: pad the INSTALLED version with zeros. 1.0 < 1.1 is TRUE; 1.100 < 1.45 is FALSE; 1.22 < 1.22.1 is TRUE; 2.3 < 2.3.1 is TRUE.
- Prose bounds map as: ""versions prior to X"" = version < X; ""X and prior versions"" / ""up to and including X"" = version <= X.
- Ranges (>= A and <= B or similar): both bounds must hold under the rules above; a version equal to A (trailing zeros allowed) satisfies >= A.
- Ignore product names and version numbers mentioned only in the description prose; the structured `affected` string is authoritative. Conversely, do not include an advisory because its description sounds relevant — product must be installed AND the version must satisfy the constraint.

METHOD: For EVERY advisory, first check if any installed product name-matches any clause. For each match, carefully compare versions segment-wise, explicitly handling differing segment counts and boundary equality before deciding. Most advisories in a list will NOT match — expect the typical correct answer to exclude more advisories than it includes. Do not pad your answer with plausible-sounding CVEs; a single nonzero extra segment above an upper bound is a definitive exclusion.

OUTPUT: Return ONLY a JSON object: {""applicable_cves"":[""CVE-...""]} listing every matching advisory ID, each exactly once, using only IDs from the supplied list. If nothing matches, return {""applicable_cves"":[]}."
campaign,reference,qwen3.8:27b/off,deepseek/deepseek-v4-pro,2,3,0,,0080638c0f58d5b18e6db10f0327e0c85125dd7c1ea1ae311fd5ad96c05b3078,0.7417417417417418,0.7329376854599406,0.7417417417417418,0.7627627627627628,0.7900466562986003,0.737300435413643,1.0,0.7627627627627628,0.779783393501805,0.7912087912087912,0.7984189723320159,0.8744588744588745,0.8359788359788359,0.7845303867403315,0.7027027027027027,8,"You are given a JSON object with keys 'system_profile' (installed software inventory) and 'advisories' (list of CVE advisories). Return a JSON object with key 'applicable_cves' whose value is an array of unique advisory IDs (strings) that apply to the system.

Follow these steps:

1. From 'system_profile', collect all installed packages. For each, retain the 'name' (string), 'version' (string), and optionally 'vendor' (string).

2. For each advisory in 'advisories', extract its 'id'. Iterate over its 'affected' list. For each 'affected' item:
   a. Identify the 'package' object (fields: 'name', optionally 'vendor').
   b. Look for version constraint fields: 'introduced' (inclusive lower bound), 'fixed' (exclusive upper bound), 'last_affected' (inclusive upper bound).
   c. If none of those fields are present, check for a 'range' or 'description' field that describes bounds in prose. Parse it to infer introduced/fixed/last_affected using these patterns (case‑insensitive):
      - ""before X"", ""earlier than X"", ""prior to X"", ""< X"", ""up to but not including X"" → fixed = X.
      - ""through X"", ""including X"", ""at or before X"", ""<= X"", ""up to and including X"" → last_affected = X.
      - "">= X"" → introduced = X.
      - If only a single version is mentioned without inequality (e.g., ""affects version X""), treat as vulnerable only if the installed version equals X exactly (after version normalization).
      - Combine all clauses; if both an upper bound (fixed or last_affected) and a lower bound are present, use them together.
   d. If after this step no bounds are available, assume the package is vulnerable for all versions.

3. Normalize package names for comparison:
   a. Trim whitespace.
   b. Remove any vendor prefix: if the name contains '/' or ':', discard everything up to and including the first such separator (e.g., 'vendor/product' → 'product', 'org/repo' → 'repo').
   c. Replace every underscore '_' and every hyphen '-' with a single space ' '.
   d. Convert to lower‑case and trim again.
   Apply this normalization to both the installed package name and the affected package name.

4. Vendor matching:
   - Normalize vendor strings similarly (trim, lower‑case).
   - If the affected package specifies a non‑empty vendor, then the installed package MUST also have a non‑empty vendor that exactly matches (after normalization). If the installed package lacks a vendor or its vendor is empty, do NOT match.
   - If the affected package has no vendor (missing or empty), ignore vendor and match on name only.
   This rule prevents false matches when the advisory targets a specific vendor.

5. For each installed package, attempt to match each affected product: normalized names must be identical, and vendor constraints must be satisfied as above.

6. If a match is found, determine whether the installed version falls inside the vulnerable range:
   a. Version comparison logic:
      - Split both versions by '.' into segments.
      - If all segments in both versions contain only digits (no letters, hyphens, etc.), compare element‑wise numerically, padding the shorter sequence with 0 (e.g., ""1.2"" == ""1.2.0"", ""1.2"" < ""1.2.1"").
      - If any segment contains non‑digit characters, handle pre‑release correctly:
          * Split each version string on the first hyphen '-' only to separate the release part from an optional pre‑release suffix. Compare release parts using the numeric/digit rule above (if both release parts are fully numeric; otherwise treat the whole release part as a single string and compare lexicographically, padding with empty string).
          * If release parts are equal, compare pre‑release suffixes:
              + A version without a pre‑release suffix is considered GREATER than any version that has a pre‑release suffix.
              + If both have pre‑release suffixes, compare them lexicographically (string comparison).
      - If a version contains hyphens after normal handling, treat the remaining parts as strings.
   b. Apply the vulnerability condition:
      - If both 'introduced' and 'fixed' are present: vulnerable if installed >= introduced AND installed < fixed.
      - If only 'introduced': vulnerable if installed >= introduced.
      - If only 'fixed': vulnerable if installed < fixed.
      - If both 'introduced' and 'last_affected': vulnerable if installed >= introduced AND installed <= last_affected.
      - If only 'last_affected': vulnerable if installed <= last_affected.
      - If no bounds: vulnerable for all versions.
      - Note: equality to 'fixed' means NOT vulnerable; equality to 'last_affected' means vulnerable.

7. If at least one installed package triggers vulnerability for an advisory, add that advisory’s 'id' to your result set.

8. Return a JSON object: {""applicable_cves"": [""CVE-..."", ...]} containing unique advisory IDs from the input. If no advisory applies, return {""applicable_cves"": []}.

Do not invent any IDs; use exactly the 'id' fields provided."
campaign,main,granite4.2:30b/off,z-ai/glm-5.3,3,2,1,1002,e96f0be98c92272b49cf8a55e99252ef3657dd0f6559645e309412627c9b006c,0.4336283185840708,0.5816023738872403,0.39223300970873787,0.4110512129380054,0.47433903576982894,0.3626634958382878,0.9791666666666666,0.4397981254506128,0.3173913043478261,0.2673992673992674,0.26776859504132233,0.35064935064935066,0.41964285714285715,0.3932853717026379,0.4168012924071082,8,"You are given JSON with 'system_profile' (installed products with versions) and 'advisories' (CVEs with 'id', 'description', 'affected'). Determine which advisories affect software actually installed, and return ONLY {""applicable_cves"":[""CVE-...""]} with unique applicable IDs (or an empty array).

PROCEDURE — follow every step exactly and check EVERY advisory against EVERY inventory entry; do not stop early. Missing an applicable advisory is the worst error: when in doubt per the rules below, INCLUDE it.

STEP 1: PRODUCT MATCHING (be generous; most name differences are aliases of the SAME product, not different software).
Normalize both sides: lowercase, replace every '-', '_', '/', '.', '@' with a space, collapse spaces. Matches include:
- Delimiter/case/punctuation differences: 'netapp/snapcenter' = 'netapp-snapcenter' = 'netapp snapcenter' = 'NetApp SnapCenter'; 'usta/aybs' = 'usta-aybs' = 'aybs'; 'phpgurukul/job_portal' = 'phpgurukul job portal'; 'Gnome Libsoup' = 'gnome/libsoup' = 'gnome-libsoup'; 'e-belediye' = 'eBelediye'; 'sun.net/ehrd_ctms' = 'sun.net-ehrd-ctms'; 'm-files/m-files_server' = 'm files m files server'.
- Vendor prefix dropped or added: advisory 'usta/aybs' matches installed 'aybs'; advisory 'dexma/dexgate' matches installed 'dexgate' or 'dexma-dexgate'. Compare whole normalized strings AND the advisory's product portion alone (strip the vendor) against each inventory name, and also allow the inventory's name minus its vendor part.
- Package-manager style names match advisory products: 'oscommerce-oscommerce' ↔ 'oscommerce/oscommerce'; 'jetbrains-teamcity' ↔ 'jetbrains/teamcity'; 'dell-powerprotect-data-manager' ↔ 'dell/powerprotect_data_manager'; 'janobe-school-event-management-system' ↔ 'janobe/school_event_management_system'; 'phpmybackuppro-phpmybackuppro' ↔ 'phpmybackuppro/phpmybackuppro'; 'sap-content-server' ↔ 'sap/content_server'; 'netapp-storagegrid' ↔ 'netapp/storagegrid'.
- Multi-part advisory products: 'dolibarr/dolibarr_erp/crm' normalizes to 'dolibarr dolibarr erp crm'; match if the whole string, its product portion, or a recognizable alias equals an installed name. For names like 'jetbrains-youtrack', keep vendor 'jetbrains' and product 'youtrack' aligned: 'jetbrains/hub', 'jetbrains/teamcity', 'jetbrains/youtrack', 'jetbrains/webstorm' are GENUINELY DIFFERENT products — never cross-match them. Similarly 'nozominetworks/cmc' vs 'nozominetworks/guardian' differ; 'elastic/elasticsearch' vs 'elastic/elastic_cloud_enterprise' vs 'elastic/kibana' differ; 'apache/superset' is not any other product.
Only reject when products are genuinely different software. If an advisory lists several distinct products (OR ranges), it applies if ANY listed product is installed.

STEP 2: VERSION PARSING. Parse versions as ordered lists of numeric segments; compare segment by segment NUMERICALLY, never lexicographically (10.0 > 9.9; 4.10 > 4.9; 20230607 is one segment). Leading zeros are irrelevant. Common segment counts are 3 and 4 — handle both.
Trailing-segment rule: if the installed version has extra trailing segments vs the bound: if ALL extra segments are 0, the versions are EQUAL (8.31.0.0 = 8.31.0; 6.6.244.0 = 6.6.244; 2024.2.34646.0 = 2024.2.34646; 2.6 = 2.6.0 = 2.6.0.0; 720 = 720.0; 20130114 = 20130114.0; 7.15.0 = 7.15; 4.12.56860.0 = 4.12.56860). If any extra trailing segment is nonzero, installed is GREATER (4.12.56861 > 4.12.56860; 22.6.3.0 > 22.6.2; 19.15.1 > 19.15; 10.3.0.1 > 10.3.0; 9.2.8.1 > 9.2.8; 11.9.0.1 > 11.9.0; 1.0.10 > 1.0.3; 7.53.1 > 7.53).
A single-segment version (e.g., 9, 754, 20230914) is just that number. If the same product appears with multiple installed versions, the advisory applies if ANY version falls in range.

STEP 3: BOUND SEMANTICS — apply the operators in 'affected' EXACTLY:
- 'version < X': affected iff installed < X strictly. Equal to X → NOT affected; anything below → affected.
- 'version <= X': affected iff installed <= X; equal to X IS affected (19.15 with '<= 19.15' → affected; 5.5.3 with '<= 5.5.3' → affected).
- 'version >= A and < B' / 'from A before B' / 'versions A before B': installed >= A AND installed < B. Equal to A → AFFECTED; equal to B → NOT affected.
- 'version >= A and <= B' / 'A through B': both endpoints INCLUDED (8.6.0 <= v <= 8.6.5 includes both; 5.8.0 <= v <= 5.11.3 includes 5.8.0 and 5.11.3; 9.2.0 <= v <= 9.2.8 includes 9.2.8).
- 'version = X': affected iff numerically equal after trailing-zero normalization (1.0 with '= 1.0' → affected; 7.15.0 with '= 7.15' → affected; 4.12.56860.1 with '= 4.12.56860' → NOT affected; 20230607.0 with '= 20230607' → affected).
- 'versions prior to X' / 'before X' / 'up to but excluding X' → installed < X.
- 'versions X and prior' / 'up to and including X' → installed <= X.
- Multiple ranges joined by 'OR': applies if ANY range matches — check EACH range independently (e.g., '>= 10.3.0 and <= 10.3.12 OR ... OR >= 11.2.0 and <= 11.2.6 OR = 11.3.0' matches installed 11.3.0 via the equality range; 'version < 2.1.2 OR >= 3.0.0 and < 3.0.2' matches installed 2.1.0). Even if the installed version is ABOVE one range's upper bound, it may still fall inside ANOTHER range — always test all ranges and all listed products.

STEP 4: BOUNDARY CHECKLIST (these decide most cases — evaluate carefully):
- Installed exactly AT an INCLUSIVE bound (<= B, >= A when also < B, = X, or range endpoint A) → AFFECTED.
- Installed exactly AT an EXCLUSIVE upper bound (< B, 'before B') → NOT affected (8.31.0.0 with '< 8.31.0' → not; 2023.12.0 with '< 2023.12.0' → not; 4.10.0.0 with '< 4.10.0' → not; 11.9.0.0 with '< 11.9.0' → not).
- Installed BELOW the fix/upper bound → AFFECTED (2023.1.16596 < 2023.1.16597 → affected; 6.4.2 < 6.4.13 → affected; 4.8 with '>= 3.0 and < 4.9' → affected; 2.1.0 with '< 2.1.2' or '<= 2.1.0' → affected; 1.0.0 with '< 3.0.0' → affected; 20230607 < 20230914 → affected).
- Installed ABOVE the upper bound of EVERY listed range → NOT affected. But being above a lower bound A is expected inside a range: 10.3.0.1 is above 10.3.0, so it satisfies '>= 10.3.0' — continue checking the upper bound.
- Installed above the lower bound and below/at the inclusive upper bound → AFFECTED (5.11.10 within 5.8.0–5.11.3; 9.2.8.1... only if <= B; 22.6.3.1 within ranges ending above it).
- Equal to the lower bound A of a range and below the exclusive upper end → AFFECTED.
- 4-segment installed versions vs 3-segment bounds: apply the trailing-zero rule first (11.9.0.0 = 11.9.0 → '< 11.9.0' NOT affected; 10.3.0.1 > 10.3.0 → may satisfy '< 10.3.13' → AFFECTED).

STEP 5: Do NOT include advisories whose product is not installed under any alias, even if the description mentions other software; do not infer applicability from description text alone. But whenever the product IS installed (under any alias/format) AND its version falls inside the stated range (including inclusive boundaries, equality after trailing-zero normalization, and ANY range of an OR list), you MUST include that advisory. When no advisory matches, return an empty array — but verify every advisory first; the expected result is rarely empty.

STEP 6: OUTPUT. Return only valid JSON: {""applicable_cves"":[...]} with each ID exactly as supplied, no duplicates, no explanations, no markdown fences."
campaign-extension,main,granite4.2:30b/off,z-ai/glm-5.3,3,6,0,1006,0080638c0f58d5b18e6db10f0327e0c85125dd7c1ea1ae311fd5ad96c05b3078,0.39223300970873787,0.599406528189911,0.39223300970873787,0.3350443303779748,0.5583203732503889,0.23933333333333334,0.9375,0.3860215053763441,0.319693094629156,0.45787545787545786,0.3106267029972752,0.4935064935064935,0.42071197411003236,0.3288590604026846,0.28202368137782563,8,"You are given JSON with `system_profile` (installed products with versions) and `advisories` (CVE entries with `id`, `description`, `affected`). Determine which advisories apply and return ONLY their CVE IDs.

PROCEDURE — follow exactly for every advisory:

STEP 0 — PARSE INVENTORY.
Each line is 'product-name version' or 'product-name@version'. The separator between name and version is the LAST whitespace, or '@'. Hyphens, underscores, slashes, dots and spaces inside the name are only separators between name tokens; they do NOT split product from version. 'usta-aybs 1.0.2' -> tokens {usta, aybs}, version [1,0,2]; 'nozominetworks/guardian@22.6.3.1' -> tokens {nozominetworks, guardian}, version [22,6,3,1]. Parse versions as lists of integers. Lines like 'movus-movus 9' are single-segment versions [9].

STEP 1 — PRODUCT MATCHING.
Normalize names: lowercase, split on '-', '_', '/', '.', '@', spaces; treat all as equivalent separators; compare token sets ignoring order and ignoring vendor/organization prefixes present in only one side. Examples: 'usta/aybs' matches 'usta-aybs'; 'sap/solution_manager' matches 'sap-solution-manager'; 'jetbrains/youtrack' matches inventory 'jetbrains-youtrack'; 'satos/satos_mobile' matches 'satos_mobile' (duplicated token does not block); 'dell/powerprotect_data_manager' matches 'dell-powerprotect-data-manager'; 'fasterxml/jackson-dataformats-text' matches 'Fasterxml Jackson-Dataformats-Text'; 'dlink/d-view_8' matches 'dlink-d-view-8'. A vendor token alone never matches; a genuinely different product does not match. Multi-product OR expressions apply if ANY listed product is installed. If the product is not installed, the advisory is NOT applicable — regardless of description. If it IS installed, you MUST proceed to version checking and reach a conclusion.

STEP 2 — VERSION COMPARISON.
Compare segment lists left to right, padding the shorter with zeros. Trailing segments that are all zero are EQUAL: '7.15.0' = '7.15'; '4.10.0.0' = '4.10.0'; '2023.12.0.0' = '2023.12.0'; '1.0.3.0' = '1.0.3'; '23.4.12528.1.0' = '23.4.12528.1'. An extra trailing segment with a nonzero digit makes the installed version STRICTLY GREATER: '2.2.14.1' > '2.2.14'; '22.6.3.1' > '22.6.3'; '9.2.8.1' > '9.2.8'; '1.0.10' > '1.0.3'; '3.0.100' > '3.0.29' and '3.0.100' < '4.0.5'; '2.0.1.100' > '2.0.1.28'; '8.5.4.0' = '8.5.4'.

STEP 3 — BOUND EVALUATION (use ONLY the structured `affected` expression; ignore version claims in description text).
- '< X': true only if installed is strictly less than X. '1.0.2' < '1.0.3' TRUE; '4.10.0.0' < '4.10.0' FALSE (equal); '2023.12.0.0' < '2023.12.0' FALSE; '9' < '31197' TRUE; '7.4.2' < '7.4.2' FALSE.
- '<= X': true if less than or equal after zero-stripping. '19.2' <= '19.15' TRUE; '8.5.4.0' <= '8.5.4' TRUE; '19.15' <= '19.15' TRUE.
- '= X': true only if equal after stripping trailing zero segments. '720' = '720' TRUE; '2.3.0' = '2.3' TRUE; '2023.1.16597.1' = '2023.1.16597' FALSE; '4.12.56859' = '4.12.56860' FALSE.
- Ranges 'version >= A and < B' (or '<= B'): every clause must hold. '11.0.10' satisfies '>= 11.0.0 and <= 11.0.13' (segment-wise: 10 <= 13). '1.0.0.96' satisfies '>= 1.0.0.95 and < 1.0.0.100'. '3.0.100' satisfies '>= 3.0.29 and < 4.0.5'. '4.8' satisfies '>= 3.0 and < 4.9' and also '>= 4.8 and <= 4.9'. '8.11.1' satisfies '>= 8.0.0 and < 8.11.2'.
- Prose forms like 'versions prior to X are affected' mean '< X'.
- OR alternatives: true if ANY alternative is satisfied, even if others are false. An advisory with a multi-range OR (e.g. PingFederate 10.3.0–10.3.13 OR 11.0.0–11.0.13 OR ...) applies to an installed version in any one range.

STEP 4 — DECIDE.
Applicable iff product installed AND version expression true. Both checks symmetrically:
- Do NOT include advisories whose product is missing or whose bound fails, even if the description sounds relevant or the version is close ('6.4.13.0' vs '< 6.4.13': equal, excluded; '8.5.0.1' vs '< 8.5.0': greater, excluded).
- Do NOT exclude over separator, case, word-order, vendor-prefix, or '@' differences — if tokens match per Step 1, it IS installed.
- Do NOT exclude an installed product whose version sits exactly on an INCLUSIVE bound: '<= 19.15' applies to 19.15; '>= 4.8 and <= 4.9' applies to 4.8 and 4.9; '>= 5.8.0 and <= 5.11.3' applies to versions in that band; '= X' applies to X, X.0, X.0.0.
- Do NOT exclude exclusive bounds satisfied from below: '< 1.0.3' applies to '1.0.2'; '< 1.1' applies to installed versions in range; '< 23.11.13156.0' applies to '23.4.12528.1.1'; '< 20230913' applies to '20230904.0'.
- Installed versions with an extra nonzero trailing segment (e.g. '22.6.3.1', '9.2.8.1', '23.4.12528.1.1') are GREATER than the shorter bound: they satisfy '<' nothing below, but DO satisfy '< X' for any X above them and range bounds that cover them.
- Never return an empty list without checking EVERY advisory against EVERY installed product. Work through the full advisory list systematically; when multiple advisories affect the same installed product at a satisfying version, include ALL of them.

STEP 5 — OUTPUT.
Return ONLY a JSON object: {""applicable_cves"":[""CVE-..."", ...]} with each ID at most once. No markdown, no explanation. If none apply, return {""applicable_cves"":[]}.

Worked example: inventory contains 'dell-powerprotect-data-manager 19.15' and advisory 'dell/powerprotect_data_manager: version <= 19.15' -> tokens match, 19.15 <= 19.15 TRUE -> include. Inventory 'proofpoint-threat-response-auto-pull 5.10.0.0' with 'version < 5.10.0' -> 5.10.0.0 = 5.10.0, not less -> exclude. Inventory 'sap-abap-platform 757' with 'version = 757' -> include. Inventory 'fortinet-fortiwlm 8.5.4.0' with '>= 8.5.0 and <= 8.5.4' -> 8.5.4.0 = 8.5.4 -> include. Inventory 'gitlab-gitlab 3.0.100' with '>= 3.0.29 and < 4.0.5' -> include. Inventory 'jetbrains-hub 2024.2.34646.0' with '< 2024.2.34646' -> equal -> exclude; with '< 2024.3.47707' -> 2024.2.34646 < 2024.3.47707 -> include."
campaign-extension,main,granite4.2:30b/off,z-ai/glm-5.3,3,7,1,1007,22de6454efc4a3bd9cf0ef87ac19fb366a43ff02dc0125ad16155fcb85a3cab2,0.42752867570385816,0.6083086053412463,0.39223300970873787,0.35233160621761656,0.4758942457231726,0.2797074954296161,0.96875,0.3827392120075047,0.3613595706618962,0.36996336996337,0.3047619047619048,0.4155844155844156,0.4054982817869416,0.29218106995884774,0.34977578475336324,8,"You are a vulnerability analyst. Input JSON has ""system_profile"" (installed software with versions, in varied formats: 'Product Name X.Y.Z', 'vendor/product@version', 'vendor-product X.Y', 'vendor product X.Y.Z.W') and ""advisories"" (each with ""id"", ""description"", ""affected"" giving product and version constraints, e.g. ""vendor/product: version < 3.0.0"", ""version >= 1.0 and <= 2.5"", ""version = 7.15"", multiple constraints joined by OR). For each advisory, decide whether it applies to the installed system.

Work through EVERY advisory against EVERY installed product. Most inputs contain several applicable advisories; an empty list is almost certainly an error. But do not pad the answer either: include an advisory ONLY if BOTH product match AND version constraint hold.

STEP 1 — PRODUCT MATCHING. Normalize the advisory's product name and every installed product name: lowercase, strip separators (spaces, '-', '_', '/', '@'). The same product appears in different styles: 'Blackberry Athoc' ~ 'blackberry/athoc'; 'elastic elastic cloud enterprise' ~ 'elastic/elastic_cloud_enterprise'; 'phpgurukul/job_portal@1.0' ~ 'phpgurukul job portal 1.0'; 'Jetbrains Youtrack 2023.1.16597.1' ~ 'jetbrains/youtrack'; 'lock_screen 9.0.17' ~ 'lenovo/lock_screen'; 'Proofpoint Threat Response Auto Pull 5.10.0.1' ~ 'proofpoint/threat_response_auto_pull'. Match if names are identical after normalization, or identical after removing the vendor prefix from one or both sides, or one is a clear alias (spacing/hyphenation/case differences, Title Case vs lowercase, package-manager style vs display name). A vendor-stripped installed name IS a match. A product appearing only in advisories but nowhere in system_profile (directly or by alias) is NOT installed — never include those.

STEP 2 — VERSION PARSING. Extract the version from each installed entry (trailing numeric token sequence; '@version', ' X.Y.Z', ' X.Y.Z.W' all count). Parse as dot-separated numeric segments; compare segment by segment numerically (10 > 9; 2023.1.10 > 2023.1.4; 20230607 is one number). Trailing zero segments are padding: 7.15.0 == 7.15; 8.31.0.0 == 8.31.0; 4.0.20.0 == 4.0.20; 9.1.6.0 == 9.1.6; 2.0.1.100 == 2.0.1.100. If the installed version has more segments than the bound, compare up to the bound's depth after trimming trailing zeros from the installed version; if compared segments are equal and the bound has no more segments, versions are equal only when the extra installed segments are all zeros — otherwise the installed version is greater. E.g. 2023.1.16597.1 > 2023.1; 2.1.0.1 > 2.1.0; 19.15 == 19.15; 300.1 > 300.

STEP 3 — BOUNDARY SEMANTICS. Evaluate each bound individually and exactly using the structured ""affected"" field (never the description prose for version logic; but when ""affected"" uses prose like ""versions prior to B are affected"" or ""from A before B"", parse: 'prior to B' → installed < B; 'from A before B' → installed >= A and < B):
- ""version < B"": affected ONLY if installed is STRICTLY less than B. Installed == B is NOT affected; installed == B.0 or B.0.0 is also NOT affected (padding zeros make it equal). E.g. installed 8.31.0.0 vs ""< 8.31.0"" → NOT affected; installed 20230607.0 vs ""< 20230607"" → NOT affected; installed 1.1 vs ""< 1.1"" → NOT affected. But installed 9.0.17 vs ""< 9.0.18"" → affected; installed 5.10.0.0 vs ""prior to 5.10.1"" → affected; installed 2.1.1 vs ""< 2.1.2"" → affected.
- ""version <= B"": affected if installed is less than OR EQUAL to B. Installed == B or B.0 IS affected. E.g. installed 19.15 vs ""<= 19.15"" → affected; installed 2.1.0.1 vs ""<= 2.1.0"" → NOT affected (greater).
- ""version = B"": affected only if numerically equal, treating padding zeros as equal (7.15.0 matches bound 7.15; 7.15.1 does not; 300.1 does NOT match bound 300; 200.1 does NOT match bound 200; 2.3.0 matches 2.3; 11.2.0 matches 11.2; 1.0.0 matches 1.0).
- ""version > B"" / "">= B"": strict / inclusive respectively.
- Ranges "">= A and <= B"" or "">= A and < B"": EVERY AND-ed part must hold. ""< B"" excludes B itself; ""<= B"" includes it. E.g. installed 8.0.0 vs "">= 8.0.0 and < 8.11.1"" → affected; installed 8.6.10 vs "">= 8.6.0 and <= 8.6.5"" → NOT affected (above upper bound); installed 7.0.10 vs "">= 7.0.0 and <= 7.0.6"" → NOT affected (above upper bound); installed 1.0.0.100 vs "">= 1.0.0.95 and < 1.0.0.100"" → NOT affected (equals exclusive bound).
- Multiple constraints joined by OR (which may name different products): the advisory applies if the installed product matches one named product AND that complete constraint is satisfied by its version. E.g. ""esri/portal_for_arcgis: version = 11.1 OR ...: version = 11.2"" applies to installed 11.2.0.

STEP 4 — DECISION. An advisory is applicable iff (a) its product matches an installed product AND (b) the installed version satisfies at least one complete constraint. Do not include advisories for products not installed. Do not include advisories whose constraint excludes the installed version — check especially versions exactly at an exclusive bound (with trailing zeros), versions one segment above a bound (e.g. 300.1 vs =300, 2.1.0.1 vs <=2.1.0, 8.0.0.1 vs >=8.0.0 and <8.11.1 is affected but 7.0.0.1 vs that range is NOT), versions above a range's upper bound, and versions one patch above an exact-equality bound. But DO include the many advisories whose product is installed and version IS below the bound or within the range — a lower installed version like 9.0.17 under ""< 9.0.18"", or 5.10.0.0 under ""prior to 5.10.1"", is affected. Do not drop applicable advisories merely because the product name style differs (Title Case with spaces vs vendor/product, hyphens vs underscores) or the bound is written as prose; convert prose bounds per Step 3. Beware also near-miss products from the same vendor that are NOT the same software (e.g. 'sap/solution_manager' is not 'sap/business_planning_and_consolidation').

STEP 5 — OUTPUT. Collect the ""id"" of every applicable advisory, verbatim and unique, and return ONLY the JSON object {""applicable_cves"":[""CVE-..."", ...]} with no additional text, markdown, or code fences. The output must be a single valid JSON object and nothing else. If none apply, return {""applicable_cves"":[]}.

Before answering: (1) re-verify every product match including vendor-stripped, alias, Title Case, and package-manager forms — this is the most common source of missed advisories; (2) re-verify every boundary comparison, especially '<' vs '<=' at exact-boundary versions, exact-equality constraints where installed has trailing zeros, and installed versions one segment above the bound; (3) confirm you enumerated every advisory one by one and committed to a match/no-match decision for each. Only after all are decided, write the final list."
campaign-extension,main,granite4.2:30b/off,z-ai/glm-5.3,1,7,1,1007,f7d5688d4d24ad589799c67b056f275998f26aa2fa89246c1f788665fb57e836,0.4271123491179202,0.6824925816023739,0.39223300970873787,0.3442768411712511,0.6034214618973561,0.24084419615145872,0.9739583333333334,0.36380684481950304,0.3547619047619048,0.5457875457875457,0.2980209545983702,0.5541125541125541,0.3825301204819277,0.3593519882179676,0.305159165751921,8,"You are a vulnerability analyst determining which CVE advisories from a supplied list apply to a given system inventory.

Input is JSON with two keys:
- 'system_profile': installed software, versions, and platforms.
- 'advisories': a list of CVE entries, each with an ID, a description, and affected-product/version information.

Evaluate EVERY advisory in the list, one by one, from first to last. Never stop early and never skip an advisory, even if it looks irrelevant at a glance. For each advisory, perform three checks in order.

## Check 1: Product match (be thorough and inclusive)
Determine whether the vulnerable product named in the advisory is actually installed, under any alias:
- Known aliases: 'OpenSSL' = 'openssl' = 'libssl' = 'libssl-dev' = 'openssl-bin'; 'OpenSSH' = 'openssh-server' = 'openssh-client'; 'Apache HTTP Server' = 'httpd' = 'apache2'; 'GNU Bash' = 'bash'; 'glibc' = 'GNU C Library' = 'libc6'; 'libcurl' = 'curl'; 'Python' = 'python3' = 'CPython'; 'zlib' = 'libz'; 'kernel' = 'Linux kernel'.
- Case, spacing, hyphens/underscores, and packaging prefixes/suffixes (dev, bin, -core, lib, -devel, -tools) do not disqualify a match.
- Bundled, vendored, or statically linked components of installed products count (e.g., libssl bundled with an application, mod_ssl with Apache, a Python package that vendors OpenSSL).
- A vendor prefix like 'Ubuntu <pkg>' or 'Debian <pkg>' still refers to <pkg>; if <pkg> is installed, that matches.
- Extract product names from BOTH the affected field AND the description text. Mentions of a product in the description of the vulnerability count as a candidate product.
- Shared libraries referenced by installed packages count (e.g., an advisory for libc/libglibc applies when libc6 is installed).
- CRITICAL: do not stretch product matching to clearly different products. A browser, database server, or firmware not present in the profile must be EXCLUDED. Similar-sounding or related-vendor products do not match. Mentions of unrelated products inside a description (e.g., 'similar to CVE-XXXX in product Y') do not create a match for product Y.

## Check 2: Version match (apply carefully, but only exclude when definitively outside the range)
- Operators: '>', '>=', '<', '<=', '=', '==' apply literally.
- 'before X' / 'prior to X' → X itself NOT affected; 'through X' / 'up to and including X' / 'X and earlier' → X IS affected; 'X and later' → X IS affected; 'between X and Y' / 'from A to B' → inclusive.
- Normalize versions before comparing: strip 'v' prefixes, strip epochs ('1:2.0-1' → '2.0'), compare core numeric segments numerically (1.10 > 1.9), and ignore trailing distro revision tags ('1.2.3-1ubuntu4.1' compares as 1.2.3) unless the range explicitly bounds the revision.
- Actually parse and compare the numbers. EXCLUDE only when the installed version is CLEARLY and definitively outside the stated affected range.
- If the installed version differs only by suffixes, patch tags, distro revisions, or trailing characters from a boundary version, treat it as potentially affected and KEEP it.
- If the advisory's version information is missing, incomplete, or purely vague prose (no explicit range), and the product matches, INCLUDE it.
- If the affected range covers only a different major version line but the profile lists multiple versions or the installed version cannot be definitively compared, INCLUDE it.
- When in doubt between include and exclude, INCLUDE. Err on the side of inclusion whenever product matching succeeds and version exclusion is not absolutely certain.

## Check 3: Final decision
- INCLUDE when: the product is genuinely installed (Check 1) AND the version is not definitively outside the affected range (Check 2).
- EXCLUDE only when: (a) the product is not installed in any form under any alias or bundled component, or (b) the installed version is definitively and unambiguously outside the stated affected range.
- Do not include an advisory merely because its description is long, vague, or mentions many products in passing — but do not exclude it for those reasons either; base the decision on the product and version checks.
- Ambiguity in versions, packaging, or boundaries resolves toward INCLUSION.

Before answering, re-scan the full advisory list to make sure you evaluated every single entry and did not overlook any product matches (including aliases and bundled components).

Never invent CVE IDs. Only use IDs that appear in the supplied 'advisories' list. Each ID appears at most once in the output.

## Output format
Return ONLY a JSON object:
{""applicable_cves"":[""CVE-...""]}

The array contains the applicable IDs from the supplied list, each at most once, in any order. If none apply, return {""applicable_cves"":[]}.

No explanations, no markdown, no extra keys — only the JSON object."
campaign-extension,main,granite4.2:30b/off,z-ai/glm-5.3,3,8,1,1008,cb10cd7fdb822fbcece2f6740729b82945a9348f9d9596cee32273478d0d367b,0.41935483870967744,0.4629080118694362,0.39223300970873787,0.3995052566481138,0.5023328149300156,0.3316221765913758,0.984375,0.4165054803352676,0.3383084577114428,0.37362637362637363,0.28005657708628007,0.42857142857142855,0.4493927125506073,0.3795918367346939,0.37598736176935227,8,"You are a CVE applicability analyst. Input: JSON with 'system_profile' (inventory lines like 'product-name 1.2.3', 'vendor/product@1.2.3', or 'Vendor Product Name 1.2.3') and 'advisories' (each with 'id', 'description', 'affected'). Output the IDs of advisories that affect the installed system. You MUST process EVERY advisory and produce a decision (match/no-match) for each; never skip advisories and never answer empty unless you have positively verified that no advisory matches. IMPORTANT: A candidate that passes BOTH checks below is a MATCH — do not discard it.

CHECK 1 — Product matching. Normalize BOTH the advisory product name and EVERY inventory line: lowercase; split on '/', '-', '_', '@' and whitespace into tokens; drop vendor/company tokens when comparing; compare remaining distinguishing tokens as a set. Thus 'jetbrains/youtrack' matches 'jetbrains-youtrack' and 'YouTrack'; 'dell/powerprotect_data_manager' matches 'dell-powerprotect-data-manager'; 'hyperview/geoportal_toolkit' matches 'Hyperview Geoportal Toolkit'; 'dolibarr/dolibarr_erp/crm' matches 'dolibarr-dolibarr-erp/crm'; 'phpgurukul/job_portal' matches 'phpgurukul-job-portal'; 'nozominetworks/cmc' matches 'nozominetworks-cmc'; 'netapp/snapcenter' matches 'netapp-snapcenter'; 'apache/superset' matches 'apache-superset'; 'phpmybackuppro/phpmybackuppro' matches 'phpmybackuppro-phpmybackuppro'; 'sap/business_planning_and_consolidation' matches 'sap-business-planning-and-consolidation'; 'fortinet/fortinac' matches 'Fortinet Fortinac'. The software must actually be the SAME product: 'sap/solution_manager' does NOT match 'sap/business_planning_and_consolidation' or 'sap/abap_platform'; 'sap/content_server' does NOT match 'sap/abap_platform'; 'nozominetworks/guardian' does NOT match an inventory entry for 'cmc'; 'fortinet/fortiportal' does NOT match 'fortinet-fortinac'; 'jetbrains/webstorm' does NOT match 'jetbrains/youtrack' or 'jetbrains/intellij_idea'. Distinguish products sharing a vendor by their distinguishing tokens. If the same product appears in inventory, proceed to CHECK 2; otherwise no-match — move on.

CHECK 2 — Version matching (only when the product matched). Parse the installed version from the inventory line: numeric token(s) after the product name or after '@' ('jetbrains-youtrack 2024.3.9' → 2024.3.9; 'intumit/smartrobot@7.1.1' → 7.1.1; 'safe 5.8.0' → 5.8.0; 'usta-aybs 1.0.10' → 1.0.10). Split on '.' into integer segments; pad the shorter side with zeros so '6.4.13' = '6.4.13.0', '720' = '720.0', '4.8' = [4,8], '7.15.0' = '7.15'. A trailing segment added by inventory does NOT make versions unequal: installed 8.5.0.1 vs bound 8.5.0 → [8,5,0,1] > [8,5,0,0]; installed 7.15.0 with 'version = 7.15' → EQUAL, applicable; installed 4.12.56860.0 with '= 4.12.56860' → EQUAL; installed 11.1.1 with '= 11.1' → applicable; installed 2.3.0 with '= 2.3' → applicable; installed 7.53.1 with '= 7.53' → applicable; installed 200 with '= 200' → applicable; installed 20130114.0 with '= 20130114' → applicable. Note: installed 4.12.56859 vs bound 4.12.56860 → NOT equal, and 4.12.56859 < 4.12.56860. Evaluate the 'affected' string exactly:
- '= X' (or '= 200 OR = 300'): applies only if installed equals X segment-wise (755 ≠ 754; 1.0 ≠ 1.0.10; 1.0.0 = 1.0).
- '<= X': applies if installed <= X, including equality (installed 2.1.0.0 with '<= 2.1.0' → applicable).
- '< X' / 'prior to X' / 'before X': applies if installed < X; equality does NOT apply. Installed 2024.2.1 with '< 2024.2' → NOT applicable. Installed 27.0.25.115.0 with '< 27.0.25.115' → NOT applicable. Installed 23.11.13156.0.1 with '< 23.11.13156.0' → NOT applicable. Installed 8.31.0.1 with '< 8.31.0' → NOT applicable. Installed 2023.11.1.0 with '< 2023.11.4' → applicable. Installed 22.6.2.0 with '< 22.6.3' → applicable. Installed 23.11.13156.0 with '< 23.11.13156.0' → NOT applicable. Installed 20230913.1 with '< 20230913' → NOT applicable. Installed 20230904.1 with 'prior to 20230904' → NOT applicable. Installed 4.10.0.0 with '< 4.10.0' → NOT applicable. Installed 11.9.0.0 with '< 11.9.0' → NOT applicable. Installed 8.5.0.0 with '< 8.5.0' → NOT applicable. Installed 1.0.3 with '< 1.0.3' → NOT applicable. Installed 2.10 with '= 2.6' → NOT applicable. Installed 2023.1.16596 with '< 2023.1.16597' → applicable. Installed 27.0.25.2 with '< 27.0.25.115' → applicable (2 < 115).
- '>= X and < Y': applies if X <= installed < Y (X included, Y excluded). Installed 9.4.0.1 with '>= 9.4.0 and <= 9.4.2' → applicable. Installed 9.2.8.1 with '>= 9.2.0 and <= 9.2.8' → NOT applicable (9.2.8.1 > 9.2.8). Installed 4.8 with '>= 3.0 and < 4.9' → applicable. Installed 2.1.0.0 with '< 2.1.2' or '< 3.0.0' → applicable. Installed 22.6.3.1 with '>= 23.0.0 and < 23.1.0' → NOT applicable; with '< 22.6.3' → NOT applicable; with '< 22.6.2' → NOT applicable. Installed 3.7.10 with '>= 3.0.0 and < 3.7.2' → NOT applicable. Installed 11.3.0 with '= 11.3.0' → applicable; with '>= 11.1.0 and <= 11.1.7' → NOT applicable.
- '>= X and <= Y': both ends included.
- Clauses joined by 'OR' (including clauses naming multiple products like cmc OR guardian): the advisory applies if ANY single clause is satisfied for the corresponding installed product. A clause for a product NOT installed contributes nothing but does not invalidate other clauses.

COLLECT — An advisory applies iff its product is installed AND the installed version satisfies the affected constraint. Collect its 'id', in order encountered, deduplicated. Descriptions alone never make an advisory apply; but a matching product with a matching version MUST be reported even if the description mentions other products or the alias format differs from the inventory format. Do not report advisories whose product is not installed even if the description sounds related (e.g., an osCommerce CVE when only oscommerce 4.12.56859 is installed with bound 4.12.56860 is a no-match; a YouTrack CVE when only Webstorm is installed is a no-match).

OUTPUT — Emit ONLY one valid JSON object, nothing else — no markdown fences, no explanation, no leading/trailing text: {""applicable_cves"":[""CVE-..."",...]} or {""applicable_cves"":[]} only if every advisory was checked and none matched. Before responding, verify you processed every advisory in the input list and that each listed ID came from an advisory you explicitly judged applicable."
campaign-extension,main,granite4.2:30b/off,z-ai/glm-5.3,1,8,1,1008,329eee0d4e9a2a14ea313d3cc2a5fe7e79b941ce3c26354daaea3847e714d3d1,0.4600389863547758,0.7002967359050445,0.39223300970873787,0.4306032368808239,0.6827371695178849,0.3144699140401146,0.984375,0.44659206510681587,0.39849624060150374,0.5824175824175825,0.32101910828025476,0.5454545454545454,0.45309734513274336,0.3856655290102389,0.44594594594594594,8,"You are a vulnerability triage expert. Input is JSON with 'system_profile' (installed products: vendor, name, version, architecture, edition, modules, patch/backport state) and 'advisories' (each with an ID, description, and affected information). Determine which advisories apply to this system. Return {""applicable_cves"":[""CVE-...""]} with unique IDs exactly as supplied, no extra keys, no commentary.

CRITICAL CONTEXT: your two main failure modes are (1) MISSING applicable advisories (recall target ~100%) and (2) INCLUDING advisories whose product genuinely does not match or whose version range excludes the installed version. Both errors are costly — be systematic, not heuristic.

STEP 1: BUILD THE INVENTORY INDEX.
For every installed product record: vendor, exact name, exact version (including epochs and distro revision suffixes), architecture, edition, and ALL installed sub-modules, plugins, libraries, and bundled/nested dependencies anywhere in the profile. For each, list every name it may appear under in advisories: upstream project name, distro package name, binary name, common rebrands and forks sharing the codebase (e.g., MariaDB/MySQL, 'httpd' vs 'Apache HTTP Server', 'libssl' vs 'OpenSSL'). Also record patch/backport state: if the profile says a vendor backported a fix for an advisory into the installed version, treat it as fixed.

STEP 2: TWO-PASS EVALUATION.
PASS A (product match): for each advisory, scan its ENTIRE object for affected product/vendor/version data — including nested objects and arrays under keys like 'affected', 'ranges', 'versions', 'packages', 'cpes', or any other key. Check EVERY affected product entry against EVERY inventory entry (including nested/bundled ones). An advisory applies to a product only when BOTH name and vendor match, allowing alias resolution when vendor and version are consistent. It also matches when the advisory names a module, plugin, sub-component, or bundled dependency of an installed product. Do NOT match on: generic shared words or substrings; similar names from different vendors; products only mentioned in a description as an example, attack vector, or optional dependency; or 'affects users of X' where X is not installed. A same-named product from a different vendor NEVER matches.

PASS B (version match): only for products that passed Pass A, compare the installed version against EVERY affected range listed. An advisory applies if ANY range for ANY affected product matches. Rules:
- Parse bounds exactly: 'up to and including X' = <= X; 'before X' / 'prior to X' = < X; 'from A to B' inclusive unless stated otherwise.
- Compare numerically per component (1.10 > 1.9; 2.0.1 > 2.0; 10 > 9). Handle pre-release suffixes and epochs per the advisory's wording.
- If the installed version equals or exceeds a stated fixed/resolved version, the advisory does NOT apply.
- If the advisory names a matching product but gives NO version constraints, it APPLIES (do not reject for a missing range).
- If the range appears only in description text, use it.
- Backport exception: if the profile shows a backported fix for the installed build, it does NOT apply even if the nominal version is in range; if the profile shows the installed build is a vulnerable backport, it applies.
- Do not guess version numbers not stated; if truly ambiguous whether the version is in range, include the advisory.

STEP 3: SCOPE CHECK.
If the advisory restricts scope (server edition only, specific architecture, OS, or optional module), apply it only if the profile shows that component present. If the profile is silent on a required optional module, do NOT apply — unless it is a default/bundled component of the installed product.

STEP 4: EXHAUSTIVENESS RULES.
- Process EVERY advisory, including terse ones, empty descriptions, and ones with affected data in unconventional/nested fields.
- Multiple affected products or ranges: check all; any match makes the advisory apply.
- Common components (kernels, libc, crypto libraries, interpreters, web servers, shells, network utilities) attract many advisories — expect dozens of matches; verify each, and do not stop early or trim the result set.
- If multiple installed products match one advisory, list the advisory once.
- Vague descriptions do not disqualify: if affected fields name an installed product and the version is in range or unconstrained, include it.

STEP 5: FINAL VERIFICATION (do both).
(1) RECALL CHECK: re-scan the full advisory list; for every advisory you excluded, state internally the precise reason (product not installed / different vendor / version above fixed or outside range / required edition or module absent). If you cannot articulate a clear reason, include it.
(2) PRECISION CHECK: re-scan your candidate list; for each included advisory, confirm a concrete product+vendor match exists in the inventory AND the installed version falls inside a stated affected range (or the advisory states no range). Drop any advisory you cannot justify this way — especially ones matched only via a word in the description, a different vendor's product, or a version at/above the fixed version.

STEP 6: OUTPUT.
Return ONLY {""applicable_cves"":[...]} — unique IDs, exactly as supplied, no duplicates, no invented or altered IDs, no extra keys. If none apply, return {""applicable_cves"":[]}."
campaign-extension,main,granite4.2:30b/off,z-ai/glm-5.3,1,6,1,1006,951ca2f3e9874a6a25e588d84a0283aac0892b6fbcc27ded7f1f6b883eb4e10c,0.4918032786885246,0.6676557863501483,0.39223300970873787,0.42061426340447683,0.6283048211508554,0.3161189358372457,0.9791666666666666,0.44153005464480877,0.42857142857142855,0.5384615384615384,0.3333333333333333,0.5324675324675324,0.46616541353383456,0.33974358974358976,0.4549019607843137,8,"You are given a JSON object with two top-level keys: 'system_profile' (an inventory of installed software/components, including product names, versions, and identifying details) and 'advisories' (a list of CVE advisories, each with an ID, description, and affected-product/version information). Determine which of the SUPPLIED advisories apply to the INSTALLED system, and return their IDs.

PROCEDURE:

1. BUILD A FULL INDEX OF THE SYSTEM PROFILE FIRST. Record every installed product, its exact version string, and context (OS, architecture, edition, packaging, vendor). CRITICALLY, also index every sub-component, bundled dependency, library, runtime, and nested entry anywhere in the profile — inside package manifests, dependency lists, requirements files, container layers, or embedded within other products. If a component is explicitly listed as installed, even as a dependency of something else, it counts as installed. Most matching errors come from failing to index these nested components, so be exhaustive here before evaluating any advisory.

2. MATCH PRODUCTS FLEXIBLY BUT CORRECTLY. An advisory is a candidate only if it concerns a product genuinely present in the profile. Compare product names precisely, treating clear variants and aliases as equivalent: 'OpenSSL' = 'openssl'; 'Apache HTTP Server' = 'httpd' = 'apache2'; vendor prefixes may differ ('Red Hat Enterprise Linux' vs 'RHEL'); package-name decorations ('lib', '-dev', '-devel', ecosystem names like pip/npm/gem/deb/rpm package identifiers vs upstream project names) do not change identity. An advisory for a LIBRARY applies if that library is installed, regardless of which application bundles it. However, reject different products that merely share a word: 'nginx-ingress-controller' is not plain 'nginx'; 'log4j' is not 'log4net'. Distinguish libraries from applications and server from client components of the same family when the advisory is specific.

3. EVALUATE VERSION INFORMATION CAREFULLY. Once the product matches, compare the installed version against the advisory's affected version information using its stated semantics exactly: '< 1.2.3' or 'up to, excluding 1.2.3' means 1.2.3 and later are NOT affected; 'through 1.2.3' includes 1.2.3; ranges include endpoints as stated. Parse versions numerically by component (1.10 > 1.9; 2.0.1 > 2.0). If the advisory lists explicit affected versions, include only if the installed version is covered. If a fixed/patched version is stated and the installed version is at or above it, exclude. IMPORTANT: many advisories describe vulnerabilities in terms of version ranges, branches, or 'all versions prior to X' — evaluate these literally, and do not assume the installed version is safe without checking. If the advisory gives NO version information at all but the product is unambiguously installed, INCLUDE it. If the installed version cannot be determined for a product that is otherwise clearly installed, INCLUDE the advisory when the product match is unambiguous. When in genuine doubt about whether the version is covered, lean toward inclusion.

4. DO NOT USE OUTSIDE KNOWLEDGE TO ADD OR REMOVE IDs. Base every decision entirely on the supplied advisory text and supplied system profile. Never invent CVE IDs not in the list. Never exclude a genuinely matching advisory because you believe it is disputed, not exploitable, low severity, already mitigated, or because you recall a different affected range from memory — if the advisory's own affected data covers the installed product and version, it is applicable.

5. RECALL IS THE TOP PRIORITY — BE THOROUGH. Process EVERY advisory in the list, one at a time, including the last ones and those with long technical descriptions. Common failure modes to avoid: (a) missing a match because the advisory names the product differently from the profile (check abbreviations, vendor prefixes, ecosystem package names); (b) missing a match where the affected version is a RANGE rather than an explicit list — always evaluate the range against the installed version; (c) missing advisories for sub-components, libraries, or bundled dependencies present in the profile — check every indexed nested component against every advisory; (d) missing matches where the advisory affects an older or parallel branch of a product family and the installed version is in that branch; (e) missing matches where the product appears only in the advisory's prose description while the affected field is terse, or vice versa — read BOTH the description and the affected information for product and version cues; (f) missing an applicable advisory because its description is long or mostly about technical exploit details — scan the entire text for product/version mentions. When the advisory's affected information reasonably covers the installed version, include it rather than guessing it is out of scope.

6. AVOID FALSE POSITIVES. Do not include an advisory merely because its description mentions a product name in the inventory — the version must also be covered, or the advisory must lack version constraints. Do not include advisories for similar-sounding products from different vendors or different products sharing a substring. When the product identity is genuinely ambiguous (e.g., unclear which of two distinct products is meant), exclude; but when identity is clear and only version coverage is uncertain, include.

7. SYSTEMATIC PASS. Work through the advisories in order. For each: (a) identify every affected product named in the advisory (description AND affected fields); (b) find each in your profile index under any equivalent name, including nested dependencies; (c) if found, compare versions using the advisory's own semantics, defaulting to inclusion when version data is absent or the installed version is unknown; (d) record include/exclude. Do not skip advisories because they look low-severity, irrelevant, or duplicative of others — each ID needs its own decision. Before finalizing, do a second pass over any advisory you excluded solely on version grounds and re-verify the range semantics against the exact installed version string.

8. OUTPUT FORMAT. Return ONLY a JSON object of the exact form: {""applicable_cves"":[""CVE-...""]} where the array contains the IDs of applicable advisories, each appearing at most once, drawn exclusively from the supplied advisories. Order does not matter. If none apply, return {""applicable_cves"":[]}. Do not include any explanation, commentary, markdown, or text other than the JSON object.

Before finalizing, re-check: (a) every returned ID appears in the supplied advisories; (b) no ID is duplicated; (c) every returned advisory matches an installed product (including bundled/nested components) AND its version falls within the affected range or the advisory lacks version constraints; (d) you considered every advisory at least once, especially sub-component matches and advisories near the end of the list; (e) you did not exclude anything due to outside beliefs about exploitability, severity, or vendor disputes."
campaign-extension,main,granite4.2:30b/off,z-ai/glm-5.3,2,6,0,1006,0080638c0f58d5b18e6db10f0327e0c85125dd7c1ea1ae311fd5ad96c05b3078,0.39223300970873787,0.599406528189911,0.39223300970873787,0.3350443303779748,0.5583203732503889,0.23933333333333334,0.9375,0.3860215053763441,0.319693094629156,0.45787545787545786,0.3106267029972752,0.4935064935064935,0.42071197411003236,0.3288590604026846,0.28202368137782563,8,"You are a vulnerability analyst. You will receive JSON with two parts: 'system_profile' (installed software inventory with product names and versions) and 'advisories' (a supplied list of CVE entries, each with an ID, description, and affected-product/version information). Identify which SUPPLIED advisories actually apply to the installed system and return them.

Rules:

1. Only use CVE IDs that appear verbatim in the supplied advisories list. Never invent, guess, complete, or substitute identifiers from memory. If two advisories reference the same CVE, include the ID only once.

2. Product matching: An advisory applies only if the affected product in the advisory matches a product actually installed in system_profile. Match names carefully and case-insensitively — including differences in letter casing (Title Case vs lowercase vs UPPERCASE) which are the SAME product. Do NOT match on shared generic words, substrings of unrelated names, or different products with similar names — that causes false positives on unrelated products. However, product aliases are common: distro packagers and package managers often render the same product differently (vendor prefixes/suffixes added or stripped, upstream project name vs. binary/package-manager name). If an advisory's affected product is plausibly the same software as an installed product under such aliasing — including casing or package-naming differences — treat it as a match. When a differently-rendered name plausibly refers to the same product, lean toward matching; missing an applicable advisory is a serious error.

3. Version matching (the MOST important step). Compare the installed version against the advisory's affected range using proper semantic, segment-by-segment numeric comparison — never string/lexicographic comparison:
   - Split versions into numeric segments and compare segment by segment (1.10 > 1.9; 2.1.1 > 2.1; 1.2.3 == 1.2.3.0). Pad shorter versions with zeros when segment counts differ.
   - Handle structured bounds exactly as stated: 'introduced in', 'affected from', 'fixed in', 'less than', 'up to', 'up to and including', 'before', range endpoints.
   - INCLUSIVE bounds: if the installed version exactly equals an inclusive bound (e.g., 'up to and including X', or 'introduced in X'), it IS affected. Installed versions sitting exactly ON a boundary are commonly missed — check these explicitly and include them.
   - EXCLUSIVE bounds: if the installed version equals an exclusive bound ('fixed in X', 'less than X' where X is the fix), it is NOT affected — exclude it.
   - If the installed version is ABOVE the entire affected range (newer than the fixed version), the advisory does NOT apply — exclude it even though the product name matches. This is a common false positive; always determine whether the installed version is above the fix before including.
   - If the installed version is below an 'introduced in' threshold, it is not affected. If within [introduced, fixed), it is affected.
   - Ignore vendor-internal suffixes, build metadata, epoch prefixes, or release tags that don't change ordering ('1.2.3-r1', '1:2.0' vs '2.0'); compare core numeric segments.
   - Work through each advisory's range systematically: determine lower bound, upper bound, inclusivity of each, then compare the installed version numerically to both bounds before deciding.

4. Do not exclude an advisory merely because its description is vague, lacks detail, or mentions multiple products. Use the structured affected information when provided; if the range is unclear or ambiguous, err toward inclusion when the product matches and the version is plausibly in range.

5. For each advisory, make an explicit decision: (a) does the product match an installed product (considering aliases and casing)? (b) is the installed version numerically within the affected range, honoring inclusive/exclusive bounds? Include the advisory only if both are true.

6. Output format: Return ONLY a single JSON object of the form {""applicable_cves"":[""CVE-...""]} — no explanations, no markdown, no extra keys. The array must contain unique supplied identifiers only, or be empty if none apply. Double-check that every returned ID is copied exactly from the supplied advisories."
campaign-extension,main,granite4.2:30b/off,z-ai/glm-5.3,2,7,1,1007,b4510ff8402be7f13b57799b62f3582af9677c21f4b0f5318030ad858a75aecc,0.46234309623430964,0.655786350148368,0.39223300970873787,0.3991130820399113,0.5598755832037325,0.31007751937984496,0.9947916666666666,0.40404040404040403,0.34276729559748426,0.3992673992673993,0.2789317507418398,0.4069264069264069,0.41649484536082476,0.3474025974025974,0.43243243243243246,8,"You are a vulnerability analyst. Input is a JSON object with two keys: system_profile (installed products and versions) and advisories (a list of entries, each with an ID, a description, and affected-product information such as product names and version bounds).

For each advisory, decide whether it applies to the installed system, then return exactly the IDs of the applicable advisories.

Work through EVERY advisory in order. Do not skip any. For each, perform two independent checks: (A) product identity, (B) version applicability. Include the advisory's ID only if BOTH pass.

## Check A: Product identity matching
1. Normalize the advisory's affected product name and every installed product name: lowercase; convert underscores, hyphens, and dots to spaces; strip punctuation.
2. Strip packaging decorations ONLY — never strip core name words:
   - ecosystem prefixes/suffixes: 'python3-foo', 'python-foo', 'pypi:foo', 'foo@npm', 'node-foo' -> 'foo'.
   - library packaging: 'libfoo', 'libfoo-dev', 'libfoo1' -> 'foo' (the 'lib', '-dev', trailing digits are packaging artifacts).
   - vendor/organization prefixes when the remainder is an exact product name: 'acme foo library' -> 'foo'.
   - platform markers: python2/python3 as packaging tags, but NOT when a number is part of the real product name (e.g. 'foo2' where 'foo2' is the product).
   - generic packaging words: 'package', 'library', 'module', 'framework' — only if removing them leaves the names equal.
   - repository/distribution suffixes like '-community', '-os', '-core' ONLY when the remainder is a complete product name.
3. After stripping, the remaining CORE NAMES must identify the exact same software. 'some_library' matches 'some library' or 'SomeLibrary'; 'foo' matches 'FOO' or 'FOO package'.
4. Do NOT match on partial overlap, substrings, or shared generic words. 'web_server' is not 'web_browser'; 'http_client' is not 'http_server'; 'foo-utils' is not 'foo-plus'; 'image-magick' is not 'magic-image'. If any meaningful token differs, it is a different product: EXCLUDE, regardless of how similar the description sounds. A CVE description mentioning an installed product generically does not make the advisory apply — the advisory's own affected product must be installed.
5. Only when a normalized installed product plausibly denotes the exact same software as the advisory's product, proceed to Check B.

## Check B: Version applicability — MOST IMPORTANT: compare numerically, never as strings
1. Parse versions as dotted NUMERIC segments. Pad shorter versions with trailing zeros (1.2 == 1.2.0). Compare segment by segment, left to right, over padded forms, as INTEGERS.
   - 2.10 > 2.9 because 10 > 9.
   - 2.9.1 < 2.10.0 because 9 < 10 at the second segment — a version 2.9.1 is BELOW a bound of 2.10.0 and IS affected.
   - 1.2 is NOT above 1.10 (2 < 10).
   - 0.99 < 0.100 is FALSE as strings but compare segments: 99 > 100? No — compare as integers digit-free: 99 vs 100, so 0.99 < 0.100 numerically? Compare each segment as an integer: 99 < 100, so 0.99 < 0.100. Always use integer segment comparison.
2. Bounds may be structured (version ranges, less_than, greater_than, fixed_in, vulnerable_versions) or prose ('fixed in 2.5.0', 'affects versions prior to 3.1', 'versions before 4.2.1'). Interpret both forms.
3. Respect bound direction EXACTLY:
   - 'fixed in X' / 'fixed_in X' / '< X': versions strictly below X are affected; X itself is FIXED, not affected.
   - '<= X': X itself IS affected.
   - '>= A and < B': includes A, excludes B.
   - '> X' or 'after X': versions strictly above X (check numerically first!).
4. Before excluding any advisory for being above an upper bound, explicitly perform the padded numeric comparison. A version like 2.9.1 is NOT above 2.10.0. A version like 1.2 is NOT above 1.10. Only exclude after this explicit check confirms the version is genuinely outside the range.
5. If the product is installed and the advisory gives NO version constraint, the advisory APPLIES.
6. If the product is installed and version info exists but is ambiguous or unparseable, treat the advisory as APPLICABLE rather than dropping it.
7. If the product matches but the version is demonstrably outside the stated range (after correct numeric comparison), exclude.
8. Equal versions: if the bound is inclusive (<=, >=), a matching version is affected; if exclusive (<, >), it is not.

## Common errors to avoid
- Missed applicable: excluding due to naming format (underscores, hyphens, 'python3-', 'lib', '-dev', vendor prefixes, repository suffixes). Strip decorations and re-check EVERY advisory, including ones that look unfamiliar.
- Missed applicable: excluding on STRING version comparison. '2.10.0' > '2.9.9'; segment 10 beats 9. Verify which side of each bound the installed version falls on numerically before excluding.
- Missed applicable: dropping an advisory when the product matches but no version info is given, or when version info is ambiguous.
- False positive: including an advisory whose affected product is not installed. Sharing one word ('server', 'client', a vendor name) is not a match.
- False positive: including an advisory whose version range provably (numerically) excludes the installed version.

## Procedure
1. List every advisory ID.
2. For each: identify the affected product; normalize it and all installed names; confirm the exact same core product is installed (else exclude, reason: product mismatch).
3. If matched: locate the installed version and the advisory's bounds; perform padded segment-by-segment integer comparison; determine inclusion per bound direction.
4. Include the ID only if both checks pass.
5. Before finalizing, re-examine every exclusion: it must be justified by a genuine product mismatch or a numerically verified out-of-range version — not by formatting differences, decoration mismatches, or string comparison. Re-examine every inclusion: the product must truly be installed and the version truly inside the range.

## Output format
Return ONLY a single JSON object, no prose, no code fences, no explanation:
{""applicable_cves"":[""CVE-...""]}
The array must contain unique IDs copied exactly from the supplied advisories list (no invented IDs), in any order. If none apply, return {""applicable_cves"":[]}."
campaign-extension,main,granite4.2:30b/off,z-ai/glm-5.3,2,8,1,1008,0c5ccb02c7d26beaffe4558c4a06efc9be15d5b14fab7dbb68cc7c686542404f,0.4219269102990033,0.3768545994065282,0.39223300970873787,0.375103734439834,0.3514774494556765,0.40213523131672596,0.9895833333333334,0.3903281519861831,0.4166666666666667,0.3663003663003663,0.37220843672456577,0.3246753246753247,0.472289156626506,0.3404255319148936,0.30917874396135264,8,"You are a vulnerability-matching analyst. Input is JSON with two parts: (1) system_profile — installed software inventory (product names, versions, package-manager/repo identifiers), and (2) advisories — CVE entries, each with an ID, description, and affected information (product names, aliases, version constraints).

Return the IDs of exactly those advisories that apply to the installed system, as one JSON object: {""applicable_cves"":[""CVE-...""]}. IDs verbatim, unique. If none: {""applicable_cves"":[]}.

The two failure modes are equally serious: (A) MISSING an applicable advisory, and (B) falsely including an advisory whose version is definitively outside every affected range or whose product does not match. Both errors cost you. Apply the procedures below exactly; do not add advisories 'to be safe' after a definitive version exclusion, and do not drop an advisory on a weak product hunch when an alias actually matches.

STEP 1 — PRODUCT MATCHING:
- Check EVERY alias the advisory supplies: primary product name, package-manager aliases (e.g., 'libfoo', 'foo2', 'python3-foo', 'foo-dev', 'foo-bin'), repository identifiers, distro source package names, CPE-style names. Repo/package aliases frequently match the installed name even when upstream names look unrelated — always check them, not just the primary name.
- Normalize both sides before comparing: strip vendor names, 'lib' prefixes, embedded version numbers, hyphens/underscores (treat 'foo_bar' = 'foo bar' = 'foo-bar'), and packaging suffixes ('-dev', '-bin', '-common'). Compare core tokens case-insensitively.
- Language runtimes match upstream: 'nodejs'/'python3.10'/'golang' match Node.js/Python/Go. Security libraries match upstream: 'libssl'/'openssl', 'libcurl'/'curl', 'libxml2'/'libxml'.
- Do NOT match solely on generic words in descriptions ('kernel', 'ssl', 'server', 'http', 'remote') — you need an affected-field product/alias match or an unambiguous product identity. Do not let a description's keywords substitute for a name match.
- If, after normalization, the product identity is genuinely plausible (same core token or an explicit alias), proceed to step 2. If the advisory concerns a different product with no overlapping alias, EXCLUDE — this is a definitive exclusion.

STEP 2 — VERSION BOUND ANALYSIS (decisive; do this numerically, never by feel):
- Parse constraints exactly. Translate prose to bounds: 'prior to X'/'before X'/'less than X' = EXCLUSIVE upper bound (version == X NOT affected); 'through X'/'up to and including X'/'<=X' = INCLUSIVE upper bound (version == X IS affected); 'X and later'/'>=X' = INCLUSIVE lower bound; 'affects A through B' = [A, B] both inclusive. Structured ranges give explicit inclusivity flags — read and honor them literally, including exclusive bounds.
- EQUALITY CHECK FIRST: for each bound, test whether the installed version exactly equals it (segment-wise). If it equals an INCLUSIVE bound, it IS affected. If it equals an EXCLUSIVE bound, it is NOT affected. Do not guess; verify the flag.
- Compare numerically segment by segment, padding the shorter version with zeros: 1.2.3.4 > 1.2.3; 1.10 > 1.9; 2.0.10 > 2.0.9. Never compare lexicographically.
- MULTIPLE RANGES / OPEN-ENDED LOW SIDES: an advisory may list several ranges. The installed version is affected if it falls inside ANY range. A range with NO lower bound affects ALL versions up to its upper bound — a 'low' or 'old-looking' version is still affected by such a range. Conversely, a range with an explicit lower bound excludes versions below it — 'too old for this range' is a valid exclusion if no other range covers the version.
- Versions above an upper bound (with no open high side) are NOT affected — 'newer than the fix' is a definitive exclusion. Do not include on doubt about whether a fix was backported; decide only on the stated ranges.
- If the installed product has no version, or the version is ambiguous after stripping decorations (pre-release tags, epochs, distro revisions like '1.2.3-1ubuntu4' — strip and compare the numeric core), INCLUDE.

STEP 3 — DECISION: An advisory applies iff (a) product/alias matches AND (b) the installed version satisfies at least one affected range with correct inclusivity. Exclude ONLY for: definitive version analysis (outside every range, with bounds' inclusivity honored exactly), or no product/alias match after normalization. Never exclude because an advisory 'seems old' or the match 'seems weak'; never include after a definitive exclusion.

STEP 4 — OUTPUT: Return ONLY one JSON object, nothing else — no prose, no markdown, no code fences: {""applicable_cves"":[""CVE-...""]}. Each ID once, verbatim.

FINAL VERIFICATION before answering:
(1) For each INCLUDED advisory: confirm the product/alias match (not just description keywords) and re-verify the version sits inside a range with correct inclusivity — especially versions exactly ON bounds. Remove any that fail.
(2) For each EXCLUDED advisory: (a) did it have a range with no lower bound that the installed version falls under? (b) did you overlook a package-manager/repo alias, an underscore/space variant, or a 'lib' prefix variant? (c) is the version below one range's lower bound but inside a different listed range? (d) is the version exactly ON an inclusive bound? Add back any that should apply.
(3) Re-confirm the output is a single valid JSON object with unique IDs."
followups/opus-optimizer,main,granite4.2:30b/off,anthropic/claude-opus-5,2,1,1,,6fe840f9705d92113ad4c7812fcde70cad057b9e86b2de809c5cbdabc6975d00,0.4597457627118644,0.6439169139465876,0.39223300970873787,0.41888225718936517,0.6003110419906688,0.32166666666666666,0.9791666666666666,0.4419004006868918,0.38580246913580246,0.45787545787545786,0.29310344827586204,0.44155844155844154,0.4801587301587302,0.26640926640926643,0.4774665042630938,8,"You are a CVE applicability triage engine. Input: one JSON object with `system_profile` (installed OS/software/packages with names and versions) and `advisories` (each with an ID like CVE-XXXX-NNNNN, a description, and affected-product/version info as structured fields or prose).

Process EVERY advisory, in input order. For each one, decide APPLIES or NOT, then output only the applying IDs. An advisory APPLIES if and only if (A) its product matches something in the inventory AND (B) the installed version satisfies at least one affected range. Recall matters as much as precision: if (A) and (B) both hold, you MUST include it — do not withhold it out of caution, and do not require extra evidence.

STEP 1 — PRODUCT MATCHING.
Normalize both the advisory product name and each inventory name: lowercase; turn `_ - . / : @` into spaces; collapse spaces; drop vendor/org prefixes (apache, oracle, gnu, the, redhat, microsoft, eclipse, pivotal, vmware, fasterxml, npm @scopes); drop packaging decoration: leading `lib`, ecosystem prefixes (python-, python3-, py3-, node-, nodejs-, perl-, golang-, rubygem-, ruby-, php-, java-), suffixes (-dev, -devel, -common, -bin, -utils, -tools, -doc, -headers, -data, -server, -client, -core, -libs, -lib, -project, -framework), epochs (`1:`), arch tags (x86_64, amd64, i386, noarch), distro/build suffixes (-1.el8, +deb11u2, ~ubuntu1, -r0, .fc38). Title Case, snake_case, repo paths (`org/name`), and coordinates (`group:artifact`, `@scope/name`) all reduce to the same bare name — also try matching on just the artifact / last path segment.
Same product if normalized forms are equal, or one is a known alias/distro package of the other, e.g.: openssl~libssl3~libssl1.1; apache http server~httpd~apache2; log4j2~log4j-core; tomcat~tomcat9; postgresql~postgres; node.js~nodejs; linux kernel~kernel~linux-image-generic; python~python3~cpython; glibc~libc6; django~python3-django; curl~libcurl4; zlib~zlib1g; openssh~openssh-server; expat~libexpat1; sqlite~sqlite3; spring framework~spring-core; jackson-databind; pcre2; systemd~libsystemd0; gnutls~libgnutls30.
NOT a match when the advisory's upstream project is genuinely different from everything installed (nginx advisory with only httpd installed; a plugin/product that merely depends on an installed library; a different product sharing a word, e.g. ""Spring Boot"" vs ""spring-core"" only if names truly differ after normalization). Absent product ⇒ NOT applicable; never infer presence. Conversely, do not reject a real match merely because the advisory spells it differently (vendor prefix, Title Case, maven/npm coordinate, distro package) — normalize first, then judge.

STEP 2 — VERSION MATCHING (arithmetic decides most cases).
Strip distro/build suffixes from the installed version to the upstream number (`2.4.6-97.el7`→`2.4.6`, `1.1.1k-1ubuntu`→`1.1.1k`).
Collect every affected range from structured fields (`introduced`, `fixed`, `last_affected`, `versionStartIncluding/Excluding`, `versionEndIncluding/Excluding`, `affected_versions`, `<`, `<=`, `>=`, `>`) and from prose (""before 2.4.9"", ""through 1.2.3"", ""prior to and including 9.0.7"", ""2.x up to 2.6.1"", ""all versions after 3.1.0"", ""fixed in 4.5.2"", ""versions 1.0 to 1.4"", ""affects 3.0 and earlier""). Prose bounds count exactly as much as structured ones.
Compare component-by-component NUMERICALLY, never lexically: 1.10 > 1.9, 2.4.53 > 2.4.9, 9 < 10. Compare ALL segments including 4th ones (3.2.1.9 < 3.2.1.10). Pad shorter side with zeros (1.2 == 1.2.0.0). Patch letters sort after the plain number (1.1.1 < 1.1.1k < 1.1.2). Pre-release < release (1.0.0-rc1 < 1.0.0).
Boundaries, applied exactly:
- `<= X`, `through X`, `up to and including X`, `X and earlier`, `last_affected: X`: applies when installed <= X (equality INCLUDED).
- `< X`, `before X`, `prior to X`, `fixed in X`, `versionEndExcluding: X`: applies only when installed < X; installed == X ⇒ NOT affected.
- `>= X`, `introduced: X`, `versionStartIncluding: X`: applies when installed >= X (equality included).
- `> X`, `after X`, `versionStartExcluding: X`: only when installed > X.
- Both ends: all bounds must hold together. `introduced: 0` = no lower bound.
- Explicit single version or list: exact equality only (after zero padding).
- Multiple ranges/affected entries: applies if ANY is satisfied.
- No version constraint at all (""all versions""): applies whenever the product matches.
Key traps, in order of how often they are botched:
1. MOST COMMON ERROR — installed version clearly BELOW a `fixed`/`<`/`before` upper bound (and at/above any lower bound) ⇒ APPLICABLE. Include it even if the installed version is far older than the bound, even if the advisory is prose or Title Case, and even if the bound is several minor/major versions ahead (installed 1.2.3 vs fixed 4.0.0 ⇒ APPLICABLE). Old versions are affected, not exempt.
2. Installed exactly ON an inclusive bound (== `versionEndIncluding`, `last_affected`, `<=` value, `introduced`, `versionStartIncluding`, or a listed version) ⇒ APPLICABLE.
3. Installed exactly ON an exclusive/fixed bound (== `versionEndExcluding` / `fixed` / ""before X"") ⇒ NOT applicable.
4. Installed ABOVE the upper bound (installed 4.2 vs `< 3.9`; installed 12 vs `<= 9`) ⇒ NOT applicable, product match notwithstanding.
Before each verdict, silently restate: installed = X, bound = Y, numeric comparison result, verdict.

STEP 3 — OTHER CONDITIONS. Platform/config/module qualifiers exclude an advisory only when the system_profile explicitly contradicts them (e.g. Windows-only advisory but profile is Linux). Never exclude based on unstated or unverifiable configuration, build flags, or feature enablement.

STEP 4 — OUTPUT. Use only IDs appearing verbatim in the supplied advisories; never invent or recall CVEs. Deduplicate, keep input order. Emit exactly ONE JSON object and nothing else — no prose, no markdown, no code fences, no reasoning, no trailing text:
{""applicable_cves"":[""CVE-YYYY-NNNNN"", ...]}
If none apply: {""applicable_cves"":[]}"
followups/opus-optimizer,main,qwen3.8:27b/off,anthropic/claude-opus-5,2,3,0,,0080638c0f58d5b18e6db10f0327e0c85125dd7c1ea1ae311fd5ad96c05b3078,0.7417417417417418,0.7329376854599406,0.7417417417417418,0.7627627627627628,0.7900466562986003,0.737300435413643,1.0,0.7627627627627628,0.779783393501805,0.7912087912087912,0.7984189723320159,0.8744588744588745,0.8359788359788359,0.7845303867403315,0.7027027027027027,8,"You match an installed system inventory against a supplied list of CVE advisories.

INPUT: JSON with `system_profile` (OS, and installed packages/products with versions) and `advisories` (each with an ID, a description, and affected-product/version information, either as structured fields like affected/introduced/fixed/last_affected/versions/ranges, or described in prose inside the description).

DECIDE, for each advisory independently:

1) PRODUCT MATCH. The advisory's affected product must correspond to something actually present in `system_profile`. Names may differ in style: package-manager names (e.g. `python3-urllib3`, `libssl1.1`, `golang.org/x/net`, `org.apache.commons:commons-text`) and vendor-stripped or vendor-prefixed names (e.g. `Apache Tomcat` vs `tomcat9`, `OpenSSL` vs `openssl`, `Pillow` vs `python-pillow`) can denote the same installed component. Normalize: lowercase, drop vendor/org prefixes, group/namespace segments, language prefixes (`python-`, `python3-`, `py-`, `lib`, `perl-`, `node-`, `golang-`), and suffixes (`-dev`, `-devel`, `-common`, `-bin`, `-utils`, soname digits). Match if the core component identity is the same. Do NOT match merely similar or related-but-distinct products (e.g. `libxml2` vs `libxslt`, `nginx` vs `nginx-unit`, `mysql` vs `mariadb` unless the advisory explicitly covers it, a plugin vs its host, a different language binding). If the product is absent from the inventory, the CVE is not applicable.

2) VERSION MATCH. Compare the installed version to the advisory's affected range using proper version-component comparison, not string comparison: split on `.`/`-`/`+`, compare numeric segments numerically (so 1.10 > 1.9, 2.4.54 > 2.4.9), treat missing trailing segments as 0 (1.2 == 1.2.0, and 1.2 < 1.2.1). Ignore packaging/distro suffixes (epochs like `1:`, `-1ubuntu2`, `.el8`, `~rc`) unless the advisory bound uses them too; pre-release tags (`-rc1`, `-beta`) sort below the matching release. Versions may have 2, 3, or 4 segments; compare only as many as needed and pad the rest with 0.

Rules for bounds, whether structured or stated in prose (""versions before X"", ""prior to X"", ""up to and including X"", ""fixed in X"", ""< X"", ""X through Y""):
- `fixed`/`patched in`/`before X`: vulnerable iff installed < X. If installed >= X, EXCLUDE it — a version at or above the fix is not vulnerable, even by one patch segment.
- `last_affected`/`affected up to and including X`: vulnerable iff installed <= X.
- `introduced`/`since X` lower bound: vulnerable only if installed >= X. Versions below the introduced point are NOT affected.
- Multiple ranges/branches: the installed version is vulnerable if it falls inside ANY one range (match the correct branch, e.g. 1.x fixed in 1.4.2 and 2.x fixed in 2.1.3 — a 1.4.5 install is not vulnerable).
- Explicit `versions` enumeration: vulnerable only if the installed version is listed.
- If the advisory names the product but gives no usable version constraint, treat every installed version as affected.
- Do not invent bounds or rely on outside knowledge of patch history; use only what the advisory supplies.

Be symmetric in rigor: do not drop an advisory whose installed version is genuinely below the fix just because the bound is phrased in prose, expressed with a different segment count, or the product name is aliased — those ARE applicable. Equally, do not include an advisory whose installed version is at or past the fix, or whose product is not installed.

OUTPUT: only a JSON object, no prose, no markdown, no explanation:
{""applicable_cves"":[""CVE-...""]}
Include each applicable ID exactly once, using the identifier string exactly as supplied in the advisories list. Never include an ID that was not supplied. If none apply, return {""applicable_cves"":[]}."
followups/opus-optimizer,main,qwen3.8:27b/off,anthropic/claude-opus-5,2,1,1,,0b4ff2753bcee1b2eb4940278ff57816c9720aa4118421d7e4095b1a7f5424d4,0.7613469985358712,0.771513353115727,0.7417417417417418,0.7488855869242199,0.7838258164852255,0.716927453769559,0.9947916666666666,0.7619047619047619,0.7811934900542495,0.7912087912087912,0.7967806841046278,0.8571428571428571,0.8311688311688312,0.7100271002710027,0.7195945945945946,8,"You are given JSON with `system_profile` (installed software, versions, OS, configuration) and `advisories` (each with an ID, description, and affected product/version data). Decide which advisories apply, and output ONLY:

{""applicable_cves"":[""CVE-...""]}

No prose, no markdown, no extra keys. IDs copied verbatim from the supplied advisories, unique; may be empty: {""applicable_cves"":[]}.

DEFAULT IS EXCLUDE. An advisory is included only when you can state the exact numeric comparison proving the installed version sits strictly inside an affected range. Most advisories in a typical input are NOT applicable — usually because the installed version is NEWER than the fix. Being generous is a scoring error, not a safety margin.

STEP 1 — PRODUCT IDENTITY.
Normalize both names: lowercase; treat `_`, `-`, `.`, `/` and spaces as equivalent; drop vendor/namespace prefixes (`apache_http_server` = ""Apache HTTP Server"" = `httpd`; `pkg:npm/foo` = `foo`; `org.group:artifact` = `artifact`; `foo@1.2.3` = `foo`; `github.com/org/repo` = `repo`); drop packaging affixes (`-dev`, `-common`, `-bin`, `:amd64`, leading `lib`). Repo slugs, Title Case names, and package-manager coordinates for the same software name the SAME product — match them. Different software with a similar word (e.g. `node-fetch` vs `fetch`, `jackson-core` vs `jackson-databind`, `mysql` vs `mysql-connector`) are DIFFERENT products — exclude. If no plausible alias of the advisory's product is installed (or explicitly bundled), EXCLUDE immediately.

STEP 2 — VERSION ARITHMETIC (the decisive step; do it in writing for every matched product).
Write installed and each bound as numeric tuples, zero-padded to equal length, and compare left to right NUMERICALLY, never as strings:
- 1.10 > 1.9; 2.0.10 > 2.0.9; 4.10 > 4.2; 1.2.3.11 > 1.2.3.9.
- Pad: 2.4 vs 2.4.53 → (2,4,0,0) < (2,4,53,0). 3.1 vs 3.1.0.7 → (3,1,0,0) < (3,1,0,7). Always compare the 4th segment when a bound has one.
- Strip distro/build epilogues (`-1ubuntu2`, `+deb11u1`, `.el8`, `-r0`, `~`). Pre-release tags (`-rc1`, `-beta2`, `-alpha`) sort BELOW the matching release.
Bound semantics, applied literally, whether structured or in prose (""before X"", ""prior to X"", ""up to and including X"", ""through X"", ""X and earlier"", ""since X""):
- `introduced` / `affected from` / `since` / `>=`: inclusive lower bound. installed < introduced → NOT affected.
- `fixed` / `patched in` / `before X` / `prior to X` / `<`: EXCLUSIVE upper bound. installed < X → in range. installed == X → NOT affected. installed > X → NOT affected.
- `last_affected` / `through X` / `up to and including X` / `X and earlier` / `<=`: inclusive upper bound. installed > X → NOT affected.
- No lower bound → lower bound is 0.
- A range matches only if BOTH bounds are satisfied. With multiple ranges/branches, it applies if ANY single range matches fully; match the install to its own branch (a 1.2.x `fixed` neither clears nor condemns a 1.1.x install). If no range's branch covers the installed version, EXCLUDE.
- Exact-version lists: applies only if installed is literally in the set.
- Structured data beats conflicting prose; if only prose gives a bound, that bound is fully binding.

MOST COMMON MISTAKE — installed version ABOVE the bound. Before including anything, ask: is the installed tuple greater than or equal to the fix? Examples that must be EXCLUDED: installed 2.6.4 vs ""fixed in 2.5.1"" (2,6,4 > 2,5,1); installed 1.4.12 vs ""before 1.4.9"" (12 > 9); installed 3.0.0.15 vs fixed 3.0.0.9; installed 9.10 vs fixed 9.9.2; installed 4.17.21 vs ""prior to 4.17.20""; installed exactly 2.15.0 vs fixed 2.15.0 (equality = patched). Do NOT reason ""close enough"", ""same minor branch"", or ""probably still vulnerable"".

STEP 3 — OTHER PRECONDITIONS.
Honor stated OS/platform/architecture, module, or configuration prerequisites only when the profile clearly contradicts them (Windows-only flaw on a Linux profile; a module the profile lists as absent/disabled). Do not invent unstated preconditions or exclude merely because the profile is silent.

STEP 4 — DECIDE.
INCLUDE only if: an alias matches an installed item, AND installed lies inside at least one affected range, AND no stated prerequisite is contradicted.
EXCLUDE if: product absent or a near-miss name, OR installed >= every exclusive `fixed` bound, OR installed > every inclusive `last_affected` bound, OR installed < every `introduced` bound, OR a prerequisite is contradicted.
If the product matches and the advisory supplies no usable version information anywhere, include on identity alone.

FINAL CHECK — two passes:
(a) For each ID you intend to output, restate installed tuple, lower tuple, upper tuple padded equally, and confirm installed >= lower AND installed < (or <=) upper. If you cannot show this, drop the ID.
(b) Re-scan rejections for installed products and confirm the inequality truly fails; add back only those genuinely below the fix.
Then emit only the JSON object."
followups/opus-optimizer,main,granite4.2:30b/off,anthropic/claude-opus-5,2,3,1,,cf734e49c97b307acfb3db30dff1a527c74f4384a17f53686b95ea52db20ae82,0.4329896907216495,0.6231454005934718,0.39223300970873787,0.3444929645803008,0.552099533437014,0.25035260930888575,0.9427083333333334,0.39378813089295617,0.33137485311398357,0.5164835164835165,0.3333333333333333,0.5454545454545454,0.4288,0.3119266055045872,0.30434782608695654,8,"You are a precise vulnerability matcher. Input is JSON with `system_profile` (installed products/packages with versions) and `advisories` (each with an ID, description, and affected-version data). Decide which SUPPLIED advisories apply to THIS system.

OUTPUT CONTRACT — your entire reply is exactly one JSON object and nothing else (no prose, no markdown, no code fences, no reasoning shown):
{""applicable_cves"": [""CVE-..."", ...]}
IDs copied character-for-character from the supplied advisories, deduplicated, double quotes, no trailing commas. If none apply: {""applicable_cves"": []}. Never emit an empty reply, partial object, or truncated array — the complete JSON object is mandatory even if you are unsure. Emit it in one shot.

Do all reasoning silently. Process EVERY advisory, one at a time, with this two-gate test. Both gates must pass. Default is NOT applicable. In a typical input MOST advisories fail — either the product is not installed, or the installed version is already at/above the fixed version. Expect to output only a small subset.

GATE 1 — PRODUCT IDENTITY (exact identity, not theme)
- Extract the advisory's affected product from structured fields (`affected`, `package`, `name`, `product`, `purl`, `cpe`) or an alias such as `pkg:deb/openssl`, `npm:lodash`, `python/Django`, `maven:org.apache:commons-text`, `cpe:/a:apache:tomcat`, or an org/repo form like `apache/tomcat`.
- Normalize BOTH sides: drop ecosystem/vendor/org prefixes (`pkg:deb/`, `pkg:npm/`, `npm:`, `python/`, `pypi:`, `maven:group:`, `apache/`, `apache:`, `gnu:`, `golang:`), lowercase, and treat `-`, `_`, `.`, and spaces as identical. So `Image_Magick` == `image magick` == `imagemagick`; `Node JS` == `node-js`; `Apache HTTP Server` matches via its alias `httpd`.
- PASS only when a normalized installed name EQUALS the normalized advisory product (or one of its listed aliases). Shared words, same vendor, plugins, forks, bundled libraries, or dependencies do NOT match: `tomcat` ≠ `tomcat-native`, `openssl` ≠ `openssh`, `django` ≠ `django-rest-framework`, `linux-kernel` ≠ `linux-firmware`, `nginx` ≠ `nginx-module-*`.
- If no exact match, skip immediately without reading versions.

GATE 2 — VERSION ARITHMETIC (compute, never eyeball)
Take the installed version of the matched product and test it against each affected range, whether bounds are structured (`introduced`/`fixed`, `<`, `<=`, `>=`, `>`, `last_affected`, explicit list) or written in prose (""versions before 2.11.0.20"", ""1.4.x through 1.4.9"", ""all releases up to and including 3.2"", ""fixed in 9.0.83"", ""affects 3.x prior to 3.6.2""). PROSE BOUNDS CARRY EXACTLY THE SAME SEMANTICS AS STRUCTURED ONES.
Comparison procedure, mandatory for every candidate:
1. Split both versions on `.` into numeric segments; pad the shorter with trailing zeros to equal length (`2.4` == `2.4.0`; `3.0.0.9` vs `3.0.0.10`).
2. Compare segment by segment, left to right, as INTEGERS, never as strings: `1.10 > 1.9`, `4.2.13 > 4.2.9`, `2.11.0.3 < 2.11.0.20`. Stop at the first differing segment. With 4-segment versions, compare ALL FOUR segments — do not stop after three.
3. Suffixes: numeric segments decide first. Pre-release suffixes (`-rc1`, `-beta`, `~alpha`) sort BELOW the plain version. Packaging/revision suffixes (`-3`, `-1ubuntu2`, `+deb11u3`, `-el8`) sort ABOVE the plain version but below the next numeric release.
Bound semantics, applied strictly:
- `fixed` / `patched` / `<` / ""before X"" / ""prior to X"" / ""fixed in X"" → EXCLUSIVE upper bound. installed == X → NOT affected. installed > X → NOT affected. ONLY installed < X is affected.
- `last_affected` / `<=` / ""through X"" / ""up to and including X"" → INCLUSIVE upper bound. installed == X → AFFECTED.
- `introduced` / `>=` / ""from X"" → INCLUSIVE lower bound. installed == X → AFFECTED; installed < X → NOT affected.
- `>` → exclusive lower bound.
- Explicit version list → affected only on exact numeric equality after padding.
- A range applies only if BOTH bounds are satisfied. Missing lower bound = 0. Missing upper bound = unbounded.
- Multiple ranges: applies if ANY ONE range is fully satisfied. If the installed version's branch (e.g. 9.0.x) is listed with its own fixed version, use THAT range's bounds, not another branch's.
- Product installed and advisory states no version constraint at all → APPLICABLE.

ERROR BALANCE — false positives and false negatives cost the same. Over-inclusion is currently the dominant error: many advisories name an installed product but the installed build is already patched.
Before adding OR discarding any ID, silently restate: ""installed A.B.C.D vs bound W.X.Y.Z → first differing segment → verdict"".
Mistake type A (over-inclusion, most common): installed version is at or ABOVE an exclusive fixed bound → EXCLUDE. installed 9.0.83 vs fixed 9.0.83 → equal → EXCLUDE. installed 2.6 vs fixed 2.4 → 6 > 4 → EXCLUDE. installed 1.21.4 vs fixed 1.20.0 → EXCLUDE. installed 3.0.8.2 vs fixed 3.0.7.5 → 8 > 7 → EXCLUDE. Check leading segments first: a higher major or minor almost always means excluded.
Mistake type B (over-inclusion by resemblance): product merely resembles or is related to something installed → EXCLUDE.
Mistake type C (missed applicable): do NOT drop an advisory because the installed version ""looks recent"" or because the bound is prose. installed 2.11.0.3 vs fixed 2.11.0.20 → 3 < 20 → INCLUDE. installed 1.9 vs fixed 1.10 → 9 < 10 → INCLUDE. installed 4.2 vs fixed 4.3 → INCLUDE. installed 3.6.1 vs ""prior to 3.6.2"" → INCLUDE. When installed exactly equals an INCLUSIVE bound (`last_affected`, `<=`, `introduced`, `>=`), INCLUDE.
If an advisory lists several affected products, evaluate each independently and include the ID if any one product+version pair qualifies.

Work through the full advisory list without stopping early, then output only the final JSON object."
followups/opus-optimizer,main,granite4.2:30b/off,anthropic/claude-opus-5,2,2,0,,0080638c0f58d5b18e6db10f0327e0c85125dd7c1ea1ae311fd5ad96c05b3078,0.39223300970873787,0.599406528189911,0.39223300970873787,0.3350443303779748,0.5583203732503889,0.23933333333333334,0.9375,0.3860215053763441,0.319693094629156,0.45787545787545786,0.3106267029972752,0.4935064935064935,0.42071197411003236,0.3288590604026846,0.28202368137782563,8,"You are a precise CVE-to-inventory matching engine. Input JSON has `system_profile` (one host: component names + installed versions) and `advisories` (each with `id`, description, and affected-product/version data, either structured fields like `versionStartIncluding` / `versionStartExcluding` / `versionEndIncluding` / `versionEndExcluding` / exact `version`, or prose like ""before 2.4.55"", ""through 1.14"").

Goal: output exactly the CVE IDs from the supplied list that truly affect this host. False positives and false negatives cost the same. Be strict on product identity and strict on version arithmetic — most errors come from (a) matching a merely related product and (b) including a host whose version is at or above the fix. But also do not withhold a true match: if identity matches and the version falls inside a complete range, INCLUDE. Evaluate each advisory once, independently, in order. Never output an ID not in the input.

=== STEP A: PRODUCT IDENTITY (must be the SAME product) ===
List the advisory's affected product/package name(s). Find an inventory entry that is that same product.
Normalize: lowercase; treat `-` `_` `.` `/` and space as equivalent (`apache_http_server` = `apache http server`); drop vendor/namespace/packaging affixes (`org.apache.`, `com.`, `python3-`, `py-`, `perl-`, `lib` prefix, `-dev`, `-devel`, `-bin`, `-common`, `-core`, `@scope/`, `pkg:npm/`, `pkg:pypi/`, `pkg:deb/...`, `pkg:golang/`, `rh-`) and trailing runtime tags (`openssl1.1`, `nodejs18`, `python3.9`). For a purl or repo path (`github.com/org/name`, `pkg:npm/foo`) the final path segment is the product name.
Aliases (bidirectional): httpd = apache http server = apache2; nodejs = node.js = node; pg = postgres = postgresql; openssh-server = openssh = ssh; linux = kernel = linux kernel; mariadb-server = mariadb; mysql-server = mysql; bind9 = bind; glibc = gnu c library. Title Case, UPPER, underscore, and package-manager spellings of the same name all match (`Apache Tomcat` = `tomcat`, `Open_SSL` = `openssl`).
NEVER match on topic, vendor, ecosystem, category, or bundling. Distinct products are never interchangeable: MySQL ≠ MariaDB ≠ PostgreSQL ≠ SQLite; nginx ≠ Apache HTTP Server ≠ Tomcat ≠ Jetty; OpenSSL ≠ GnuTLS ≠ NSS ≠ OpenSSH ≠ LibreSSL; log4j ≠ logback ≠ slf4j; Django ≠ Flask; Node.js runtime ≠ any npm library; Linux kernel ≠ any userspace tool; a plugin/module/theme ≠ its host application; a vendor's other products ≠ the installed one; a library bundled inside a product ≠ that product unless the inventory lists the library itself.
If the named product is not in the inventory, or is only similar, the verdict is NOT APPLICABLE: emit nothing and skip version checks. When an advisory lists several products, only the one(s) present in the inventory matter, and the version bounds you apply must be the bounds attached to THAT product's entry/CPE.

=== STEP B: VERSION COMPARISON ===
Only if STEP A matched.
1. Strip epoch (`1:`), distro/build suffixes (`-5ubuntu2`, `+deb11u1`, `.el8`, `-1012`), leading `v`. Pre-release suffixes (`~rc1`, `-beta`) sort BELOW the plain version.
2. Split on `.` and `-` into numeric segments; compare left-to-right NUMERICALLY, never lexically (`1.2.10` > `1.2.9`; `3.0.14` > `3.0.9`). Pad missing trailing segments with 0, so differing segment counts never confuse you: `2.4` == `2.4.0`; ""before 9"" = before `9.0.0`; `5.15.120.1` > `5.15.120`; bound `1.2.3.4` vs installed `1.2.3` ⇒ installed is LESS.
3. For EVERY bound, state explicitly to yourself: installed is LESS THAN / EQUAL TO / GREATER THAN the bound, segment by segment.
4. Bound semantics, applied literally:
   - end-excluding / ""before X"" / ""prior to X"" / ""< X"" / ""fixed in X"" / ""earlier than X"": satisfied iff installed < X. Installed EQUAL to X ⇒ patched ⇒ EXCLUDE. Greater ⇒ EXCLUDE.
   - end-including / ""through X"" / ""up to and including X"" / ""X and earlier"" / ""<= X"": satisfied iff installed <= X. Equality INCLUDES.
   - start-including / ""from X"" / "">= X"": equality satisfies.
   - start-excluding / ""> X"" / ""after X"": equality does NOT satisfy.
   - Exact single version: only exact equality.
   - ""versions X to Y"": inclusive at both ends unless stated otherwise.
5. Combining bounds: a range is satisfied only if ALL of its own bounds hold. Never pair a lower bound from one range with an upper bound from another. A range with only an upper bound has no lower limit (any older version qualifies). A range with only a lower bound (or only a start field, or a branch like `2.x` with no upper bound) has NO upper limit — an installed version above that lower bound IS affected; do not invent a fix version. If the advisory names the installed product with no version constraint at all, it is applicable.
6. Self-checks: installed >= every exclusive upper bound, or > every inclusive upper bound ⇒ EXCLUDE. Installed below every lower bound ⇒ EXCLUDE. Installed in a major/branch no range covers ⇒ EXCLUDE. Installed strictly below an upper bound and at/above that same range's lower bound ⇒ INCLUDE.

=== STEP C: QUALIFIERS ===
An OS, architecture, module, plugin, build-flag, or configuration condition excludes the advisory ONLY if the profile explicitly contradicts it (advisory is Windows-only and the profile says Linux; advisory requires a module the profile lists as absent). Profile silence is not a contradiction — keep it applicable.

=== DECISION ===
Include iff (A) an installed component IS the advisory's product under exact/alias/normalized identity, AND (B) the installed version fully satisfies at least one complete affected range, AND (C) nothing in the profile explicitly contradicts a qualifier. There is no target count; it may be zero or many.

=== OUTPUT ===
Return ONLY this JSON object and nothing else — no prose, no markdown fences, no trailing text:
{""applicable_cves"": [""CVE-YYYY-NNNNN"", ...]}
IDs copied verbatim from the input, deduplicated, any order. If none apply: {""applicable_cves"": []}. Your entire response must parse as JSON."
followups/opus-optimizer,main,qwen3.8:27b/off,anthropic/claude-opus-5,2,2,0,,0080638c0f58d5b18e6db10f0327e0c85125dd7c1ea1ae311fd5ad96c05b3078,0.7417417417417418,0.7329376854599406,0.7417417417417418,0.7627627627627628,0.7900466562986003,0.737300435413643,1.0,0.7627627627627628,0.779783393501805,0.7912087912087912,0.7984189723320159,0.8744588744588745,0.8359788359788359,0.7845303867403315,0.7027027027027027,8,"Identify applicable supplied CVEs for the installed system. Return only {""applicable_cves"":[""CVE-...""]} with unique supplied identifiers, or an empty array."
